ISO-10303-21;
HEADER;
FILE_DESCRIPTION (( 'STEP AP214' ),
    '1' );
FILE_NAME ('User Library-16VQFN3x3.STEP',
    '2026-01-24T06:20:46',
    ( '' ),
    ( '' ),
    'SwSTEP 2.0',
    'SolidWorks 2022',
    '' );
FILE_SCHEMA (( 'AUTOMOTIVE_DESIGN' ));
ENDSEC;

DATA;
#1 =( NAMED_UNIT ( * ) PLANE_ANGLE_UNIT ( ) SI_UNIT ( $, .RADIAN. ) );
#2 = FILL_AREA_STYLE ('',( #5052 ) ) ;
#3 = ORIENTED_EDGE ( 'NONE', *, *, #511, .T. ) ;
#4 = PLANE ( 'NONE',  #2543 ) ;
#5 =( LENGTH_UNIT ( ) NAMED_UNIT ( * ) SI_UNIT ( .MILLI., .METRE. ) );
#6 = ADVANCED_FACE ( 'NONE', ( #4332 ), #843, .F. ) ;
#7 = AXIS2_PLACEMENT_3D ( 'NONE', #4432, #4017, #950 ) ;
#8 = ORIENTED_EDGE ( 'NONE', *, *, #4200, .F. ) ;
#9 = CARTESIAN_POINT ( 'NONE',  ( -0.1300000000000000044, -1.510000000000000009, 0.0000000000000000000 ) ) ;
#10 =( NAMED_UNIT ( * ) PLANE_ANGLE_UNIT ( ) SI_UNIT ( $, .RADIAN. ) );
#11 =( LENGTH_UNIT ( ) NAMED_UNIT ( * ) SI_UNIT ( .MILLI., .METRE. ) );
#12 = EDGE_CURVE ( 'NONE', #1560, #3872, #3347, .T. ) ;
#13 = ORIENTED_EDGE ( 'NONE', *, *, #4077, .T. ) ;
#14 = VECTOR ( 'NONE', #2399, 1000.000000000000000 ) ;
#15 = ORIENTED_EDGE ( 'NONE', *, *, #2980, .F. ) ;
#16 =( LENGTH_UNIT ( ) NAMED_UNIT ( * ) SI_UNIT ( .MILLI., .METRE. ) );
#17 = DIRECTION ( 'NONE',  ( 1.000000000000000000, -0.0000000000000000000, 0.0000000000000000000 ) ) ;
#18 = MECHANICAL_DESIGN_GEOMETRIC_PRESENTATION_REPRESENTATION (  '', ( #3319 ), #2188 ) ;
#19 = DIRECTION ( 'NONE',  ( 1.000000000000000000, 0.0000000000000000000, -0.0000000000000000000 ) ) ;
#20 =( LENGTH_UNIT ( ) NAMED_UNIT ( * ) SI_UNIT ( .MILLI., .METRE. ) );
#21 = PLANE ( 'NONE',  #1380 ) ;
#22 = DIRECTION ( 'NONE',  ( -0.0000000000000000000, 1.000000000000000000, 0.0000000000000000000 ) ) ;
#23 = STYLED_ITEM ( 'NONE', ( #1810 ), #4594 ) ;
#24 = PRESENTATION_LAYER_ASSIGNMENT (  '', '', ( #3412 ) ) ;
#25 = CARTESIAN_POINT ( 'NONE',  ( -1.510000000000000009, -0.3699999999999999400, 0.0000000000000000000 ) ) ;
#26 = SURFACE_SIDE_STYLE ('',( #3947 ) ) ;
#27 = ORIENTED_EDGE ( 'NONE', *, *, #1619, .T. ) ;
#28 =( GEOMETRIC_REPRESENTATION_CONTEXT ( 3 ) GLOBAL_UNCERTAINTY_ASSIGNED_CONTEXT ( ( #2856 ) ) GLOBAL_UNIT_ASSIGNED_CONTEXT ( ( #4583, #3462, #3561 ) ) REPRESENTATION_CONTEXT ( 'NONE', 'WORKASPACE' ) );
#29 = PRESENTATION_LAYER_ASSIGNMENT (  '', '', ( #3246 ) ) ;
#30 = LINE ( 'NONE', #1144, #2184 ) ;
#31 = AXIS2_PLACEMENT_3D ( 'NONE', #4299, #791, #4740 ) ;
#32 = CARTESIAN_POINT ( 'NONE',  ( -1.510000000000000009, 0.0000000000000000000, 0.0000000000000000000 ) ) ;
#33 = MECHANICAL_DESIGN_GEOMETRIC_PRESENTATION_REPRESENTATION (  '', ( #4463 ), #1793 ) ;
#34 =( NAMED_UNIT ( * ) SI_UNIT ( $, .STERADIAN. ) SOLID_ANGLE_UNIT ( ) );
#35 = ORIENTED_EDGE ( 'NONE', *, *, #3073, .F. ) ;
#36 = UNCERTAINTY_MEASURE_WITH_UNIT (LENGTH_MEASURE( 1.000000000000000082E-05 ), #4658, 'distance_accuracy_value', 'NONE');
#37 = FILL_AREA_STYLE_COLOUR ( '', #3038 ) ;
#38 = APPLICATION_PROTOCOL_DEFINITION ( 'draft international standard', 'automotive_design', 1998, #3888 ) ;
#39 = LINE ( 'NONE', #816, #4862 ) ;
#40 = MECHANICAL_DESIGN_GEOMETRIC_PRESENTATION_REPRESENTATION (  '', ( #884 ), #1963 ) ;
#41 =( NAMED_UNIT ( * ) PLANE_ANGLE_UNIT ( ) SI_UNIT ( $, .RADIAN. ) );
#42 =( LENGTH_UNIT ( ) NAMED_UNIT ( * ) SI_UNIT ( .MILLI., .METRE. ) );
#43 = ORIENTED_EDGE ( 'NONE', *, *, #1028, .T. ) ;
#44 = SURFACE_SIDE_STYLE ('',( #3140 ) ) ;
#45 = UNCERTAINTY_MEASURE_WITH_UNIT (LENGTH_MEASURE( 1.000000000000000082E-05 ), #676, 'distance_accuracy_value', 'NONE');
#46 =( NAMED_UNIT ( * ) SI_UNIT ( $, .STERADIAN. ) SOLID_ANGLE_UNIT ( ) );
#47 = DIRECTION ( 'NONE',  ( -0.0000000000000000000, -0.0000000000000000000, -1.000000000000000000 ) ) ;
#48 = EDGE_CURVE ( 'NONE', #1254, #1677, #601, .T. ) ;
#49 = PRESENTATION_LAYER_ASSIGNMENT (  '', '', ( #2299 ) ) ;
#50 = SURFACE_STYLE_USAGE ( .BOTH. , #847 ) ;
#51 = SURFACE_STYLE_FILL_AREA ( #4020 ) ;
#52 = FACE_OUTER_BOUND ( 'NONE', #2428, .T. ) ;
#53 = FILL_AREA_STYLE ('',( #560 ) ) ;
#54 = VECTOR ( 'NONE', #583, 1000.000000000000000 ) ;
#55 = CIRCLE ( 'NONE', #4317, 0.1200000000000000927 ) ;
#56 = EDGE_CURVE ( 'NONE', #1531, #1288, #1797, .T. ) ;
#57 = PLANE ( 'NONE',  #4136 ) ;
#58 = COLOUR_RGB ( '',1.000000000000000000, 0.8156862745098039102, 0.02745098039215686236 ) ;
#59 = STYLED_ITEM ( 'NONE', ( #2756 ), #1974 ) ;
#60 = CARTESIAN_POINT ( 'NONE',  ( -0.2500000000000000000, -1.219999999999999973, 0.2500000000000000000 ) ) ;
#61 = CARTESIAN_POINT ( 'NONE',  ( 0.0000000000000000000, 0.0000000000000000000, 0.0000000000000000000 ) ) ;
#62 = DIRECTION ( 'NONE',  ( -0.0000000000000000000, -1.000000000000000000, -0.0000000000000000000 ) ) ;
#63 = CARTESIAN_POINT ( 'NONE',  ( 0.0000000000000000000, 0.0000000000000000000, 0.05000000000000000278 ) ) ;
#64 =( LENGTH_UNIT ( ) NAMED_UNIT ( * ) SI_UNIT ( .MILLI., .METRE. ) );
#65 = STYLED_ITEM ( 'NONE', ( #4518 ), #2933 ) ;
#66 = DIRECTION ( 'NONE',  ( 0.0000000000000000000, 0.0000000000000000000, 1.000000000000000000 ) ) ;
#67 = DIRECTION ( 'NONE',  ( 0.0000000000000000000, 0.0000000000000000000, 1.000000000000000000 ) ) ;
#68 = ORIENTED_EDGE ( 'NONE', *, *, #476, .F. ) ;
#69 = FILL_AREA_STYLE ('',( #3610 ) ) ;
#70 = DIRECTION ( 'NONE',  ( 0.0000000000000000000, 0.0000000000000000000, 1.000000000000000000 ) ) ;
#71 = COLOUR_RGB ( '',1.000000000000000000, 0.8156862745098039102, 0.02745098039215686236 ) ;
#72 = SURFACE_STYLE_USAGE ( .BOTH. , #3211 ) ;
#73 = CARTESIAN_POINT ( 'NONE',  ( -0.6300000000000000044, 1.219999999999999973, 0.0000000000000000000 ) ) ;
#74 = ORIENTED_EDGE ( 'NONE', *, *, #2713, .T. ) ;
#75 =( NAMED_UNIT ( * ) PLANE_ANGLE_UNIT ( ) SI_UNIT ( $, .RADIAN. ) );
#76 = DIRECTION ( 'NONE',  ( 1.000000000000000000, 0.0000000000000000000, -0.0000000000000000000 ) ) ;
#77 = DIRECTION ( 'NONE',  ( -0.0000000000000000000, -0.0000000000000000000, -1.000000000000000000 ) ) ;
#78 =( LENGTH_UNIT ( ) NAMED_UNIT ( * ) SI_UNIT ( .MILLI., .METRE. ) );
#79 = EDGE_CURVE ( 'NONE', #3550, #3398, #2180, .T. ) ;
#80 = CARTESIAN_POINT ( 'NONE',  ( -1.219999999999999973, -0.8699999999999999956, 0.0000000000000000000 ) ) ;
#81 = SURFACE_SIDE_STYLE ('',( #1660 ) ) ;
#82 = EDGE_CURVE ( 'NONE', #2814, #3576, #1412, .T. ) ;
#83 = LINE ( 'NONE', #960, #2274 ) ;
#84 = FILL_AREA_STYLE_COLOUR ( '', #1491 ) ;
#85 = PRESENTATION_STYLE_ASSIGNMENT (( #4869 ) ) ;
#86 = EDGE_LOOP ( 'NONE', ( #4718, #2459, #13, #1364 ) ) ;
#87 = UNCERTAINTY_MEASURE_WITH_UNIT (LENGTH_MEASURE( 1.000000000000000082E-05 ), #604, 'distance_accuracy_value', 'NONE');
#88 = CARTESIAN_POINT ( 'NONE',  ( 0.9399999999999999467, -0.9899999999999999911, 0.9499999999999999556 ) ) ;
#89 = DIRECTION ( 'NONE',  ( 0.0000000000000000000, 0.0000000000000000000, 1.000000000000000000 ) ) ;
#90 = CARTESIAN_POINT ( 'NONE',  ( 1.510000000000000009, 0.1300000000000000044, 0.0000000000000000000 ) ) ;
#91 = LINE ( 'NONE', #1336, #1886 ) ;
#92 = CARTESIAN_POINT ( 'NONE',  ( -1.510000000000000009, -0.1300000000000000044, 0.0000000000000000000 ) ) ;
#93 = ORIENTED_EDGE ( 'NONE', *, *, #2024, .T. ) ;
#94 = UNCERTAINTY_MEASURE_WITH_UNIT (LENGTH_MEASURE( 1.000000000000000082E-05 ), #1234, 'distance_accuracy_value', 'NONE');
#95 =( GEOMETRIC_REPRESENTATION_CONTEXT ( 3 ) GLOBAL_UNCERTAINTY_ASSIGNED_CONTEXT ( ( #1835 ) ) GLOBAL_UNIT_ASSIGNED_CONTEXT ( ( #2453, #2506, #2838 ) ) REPRESENTATION_CONTEXT ( 'NONE', 'WORKASPACE' ) );
#96 = DIRECTION ( 'NONE',  ( -0.0000000000000000000, -0.0000000000000000000, -1.000000000000000000 ) ) ;
#97 = DIRECTION ( 'NONE',  ( 0.0000000000000000000, 0.0000000000000000000, -1.000000000000000000 ) ) ;
#98 = STYLED_ITEM ( 'NONE', ( #518 ), #4285 ) ;
#99 = ORIENTED_EDGE ( 'NONE', *, *, #1152, .T. ) ;
#100 = CARTESIAN_POINT ( 'NONE',  ( -1.500000000000000000, -1.500000000000000000, 0.9499999999999999556 ) ) ;
#101 = CARTESIAN_POINT ( 'NONE',  ( 0.8699999999999999956, -1.510000000000000009, 0.0000000000000000000 ) ) ;
#102 = FACE_OUTER_BOUND ( 'NONE', #4681, .T. ) ;
#103 = CLOSED_SHELL ( 'NONE', ( #1848, #3047, #1060, #2406, #4285, #3712, #4854 ) ) ;
#104 = STYLED_ITEM ( 'NONE', ( #1172 ), #4510 ) ;
#105 = PLANE ( 'NONE',  #1298 ) ;
#106 = CARTESIAN_POINT ( 'NONE',  ( -1.510000000000000009, 0.8699999999999999956, 0.0000000000000000000 ) ) ;
#107 =( LENGTH_UNIT ( ) NAMED_UNIT ( * ) SI_UNIT ( .MILLI., .METRE. ) );
#108 = UNCERTAINTY_MEASURE_WITH_UNIT (LENGTH_MEASURE( 1.000000000000000082E-05 ), #2006, 'distance_accuracy_value', 'NONE');
#109 = DIRECTION ( 'NONE',  ( 0.0000000000000000000, 0.0000000000000000000, 1.000000000000000000 ) ) ;
#110 = COLOUR_RGB ( '',1.000000000000000000, 0.8156862745098039102, 0.02745098039215686236 ) ;
#111 = VECTOR ( 'NONE', #3650, 1000.000000000000000 ) ;
#112 = EDGE_CURVE ( 'NONE', #4410, #4234, #4826, .T. ) ;
#113 = FILL_AREA_STYLE ('',( #539 ) ) ;
#114 = CARTESIAN_POINT ( 'NONE',  ( 0.8699999999999999956, 1.219999999999999973, 0.0000000000000000000 ) ) ;
#115 = ORIENTED_EDGE ( 'NONE', *, *, #1746, .T. ) ;
#116 = PRESENTATION_LAYER_ASSIGNMENT (  '', '', ( #2763 ) ) ;
#117 = VECTOR ( 'NONE', #3724, 1000.000000000000000 ) ;
#118 = CARTESIAN_POINT ( 'NONE',  ( 0.0000000000000000000, -0.8699999999999999956, 0.0000000000000000000 ) ) ;
#119 = FILL_AREA_STYLE ('',( #3631 ) ) ;
#120 = ADVANCED_FACE ( 'NONE', ( #4852 ), #2108, .F. ) ;
#121 = DIRECTION ( 'NONE',  ( -0.0000000000000000000, 0.0000000000000000000, 1.000000000000000000 ) ) ;
#122 = VECTOR ( 'NONE', #4772, 1000.000000000000000 ) ;
#123 =( LENGTH_UNIT ( ) NAMED_UNIT ( * ) SI_UNIT ( .MILLI., .METRE. ) );
#124 =( NAMED_UNIT ( * ) PLANE_ANGLE_UNIT ( ) SI_UNIT ( $, .RADIAN. ) );
#125 = VERTEX_POINT ( 'NONE', #4062 ) ;
#126 = DIRECTION ( 'NONE',  ( 0.0000000000000000000, -0.0000000000000000000, 1.000000000000000000 ) ) ;
#127 = MECHANICAL_DESIGN_GEOMETRIC_PRESENTATION_REPRESENTATION (  '', ( #2854 ), #4972 ) ;
#128 = SURFACE_SIDE_STYLE ('',( #1750 ) ) ;
#129 =( LENGTH_UNIT ( ) NAMED_UNIT ( * ) SI_UNIT ( .MILLI., .METRE. ) );
#130 = PRESENTATION_STYLE_ASSIGNMENT (( #630 ) ) ;
#131 = MECHANICAL_DESIGN_GEOMETRIC_PRESENTATION_REPRESENTATION (  '', ( #3429 ), #3516 ) ;
#132 = ORIENTED_EDGE ( 'NONE', *, *, #1084, .F. ) ;
#133 = DIRECTION ( 'NONE',  ( -0.0000000000000000000, -1.000000000000000000, -0.0000000000000000000 ) ) ;
#134 = ORIENTED_EDGE ( 'NONE', *, *, #3332, .T. ) ;
#135 = LINE ( 'NONE', #479, #2785 ) ;
#136 = STYLED_ITEM ( 'NONE', ( #4282 ), #2155 ) ;
#137 = SURFACE_STYLE_USAGE ( .BOTH. , #2971 ) ;
#138 = VECTOR ( 'NONE', #3151, 1000.000000000000000 ) ;
#139 = DIRECTION ( 'NONE',  ( -0.0000000000000000000, -0.0000000000000000000, -1.000000000000000000 ) ) ;
#140 = STYLED_ITEM ( 'NONE', ( #3091 ), #2315 ) ;
#141 =( NAMED_UNIT ( * ) SI_UNIT ( $, .STERADIAN. ) SOLID_ANGLE_UNIT ( ) );
#142 = VECTOR ( 'NONE', #1421, 1000.000000000000000 ) ;
#143 = VECTOR ( 'NONE', #3952, 1000.000000000000000 ) ;
#144 = SURFACE_STYLE_USAGE ( .BOTH. , #2883 ) ;
#145 = STYLED_ITEM ( 'NONE', ( #1239 ), #1625 ) ;
#146 = SURFACE_STYLE_USAGE ( .BOTH. , #193 ) ;
#147 = CARTESIAN_POINT ( 'NONE',  ( 1.510000000000000009, 0.8699999999999999956, 0.2500000000000000000 ) ) ;
#148 =( NAMED_UNIT ( * ) SI_UNIT ( $, .STERADIAN. ) SOLID_ANGLE_UNIT ( ) );
#149 = CIRCLE ( 'NONE', #4994, 0.1200000000000000927 ) ;
#150 = VERTEX_POINT ( 'NONE', #2914 ) ;
#151 = ADVANCED_FACE ( 'NONE', ( #577 ), #3715, .F. ) ;
#152 = FILL_AREA_STYLE ('',( #3686 ) ) ;
#153 = STYLED_ITEM ( 'NONE', ( #1350 ), #2900 ) ;
#154 = SURFACE_STYLE_USAGE ( .BOTH. , #3737 ) ;
#155 = ORIENTED_EDGE ( 'NONE', *, *, #3073, .T. ) ;
#156 = EDGE_CURVE ( 'NONE', #393, #631, #4129, .T. ) ;
#157 = UNCERTAINTY_MEASURE_WITH_UNIT (LENGTH_MEASURE( 1.000000000000000082E-05 ), #4217, 'distance_accuracy_value', 'NONE');
#158 = SURFACE_STYLE_FILL_AREA ( #4431 ) ;
#159 =( LENGTH_UNIT ( ) NAMED_UNIT ( * ) SI_UNIT ( .MILLI., .METRE. ) );
#160 = PRESENTATION_LAYER_ASSIGNMENT (  '', '', ( #1827 ) ) ;
#161 = CARTESIAN_POINT ( 'NONE',  ( 0.3699999999999999956, -1.510000000000000009, 0.0000000000000000000 ) ) ;
#162 = ORIENTED_EDGE ( 'NONE', *, *, #565, .F. ) ;
#163 = VERTEX_POINT ( 'NONE', #1099 ) ;
#164 = DIRECTION ( 'NONE',  ( -0.0000000000000000000, 0.0000000000000000000, 1.000000000000000000 ) ) ;
#165 = DIRECTION ( 'NONE',  ( -0.0000000000000000000, -0.0000000000000000000, -1.000000000000000000 ) ) ;
#166 = SURFACE_STYLE_FILL_AREA ( #483 ) ;
#167 = LINE ( 'NONE', #4095, #4473 ) ;
#168 = CARTESIAN_POINT ( 'NONE',  ( 0.6300000000000000044, 0.0000000000000000000, 0.0000000000000000000 ) ) ;
#169 = CARTESIAN_POINT ( 'NONE',  ( -1.510000000000000009, 0.6300000000000000044, 0.0000000000000000000 ) ) ;
#170 = SURFACE_SIDE_STYLE ('',( #2152 ) ) ;
#171 = FILL_AREA_STYLE_COLOUR ( '', #891 ) ;
#172 = ORIENTED_EDGE ( 'NONE', *, *, #1028, .F. ) ;
#173 = FACE_OUTER_BOUND ( 'NONE', #1057, .T. ) ;
#174 = AXIS2_PLACEMENT_3D ( 'NONE', #1407, #2575, #2632 ) ;
#175 = PRESENTATION_STYLE_ASSIGNMENT (( #198 ) ) ;
#176 = ADVANCED_FACE ( 'NONE', ( #309 ), #2211, .T. ) ;
#177 = DIRECTION ( 'NONE',  ( -1.000000000000000000, 0.0000000000000000000, -0.0000000000000000000 ) ) ;
#178 = STYLED_ITEM ( 'NONE', ( #4915 ), #3693 ) ;
#179 = VERTEX_POINT ( 'NONE', #2640 ) ;
#180 = PRESENTATION_STYLE_ASSIGNMENT (( #4458 ) ) ;
#181 = FILL_AREA_STYLE ('',( #1004 ) ) ;
#182 = FILL_AREA_STYLE_COLOUR ( '', #437 ) ;
#183 = CIRCLE ( 'NONE', #4677, 0.1199999999999999956 ) ;
#184 = EDGE_CURVE ( 'NONE', #4524, #286, #3376, .T. ) ;
#185 = CARTESIAN_POINT ( 'NONE',  ( 0.0000000000000000000, 0.0000000000000000000, 0.0000000000000000000 ) ) ;
#186 = VERTEX_POINT ( 'NONE', #2684 ) ;
#187 =( GEOMETRIC_REPRESENTATION_CONTEXT ( 3 ) GLOBAL_UNCERTAINTY_ASSIGNED_CONTEXT ( ( #4416 ) ) GLOBAL_UNIT_ASSIGNED_CONTEXT ( ( #260, #4986, #3041 ) ) REPRESENTATION_CONTEXT ( 'NONE', 'WORKASPACE' ) );
#188 = VERTEX_POINT ( 'NONE', #679 ) ;
#189 = SURFACE_STYLE_USAGE ( .BOTH. , #2313 ) ;
#190 = ADVANCED_FACE ( 'NONE', ( #1532 ), #655, .T. ) ;
#191 = AXIS2_PLACEMENT_3D ( 'NONE', #2888, #4102, #922 ) ;
#192 = FACE_OUTER_BOUND ( 'NONE', #339, .T. ) ;
#193 = SURFACE_SIDE_STYLE ('',( #3678 ) ) ;
#194 = FACE_OUTER_BOUND ( 'NONE', #2324, .T. ) ;
#195 = PLANE ( 'NONE',  #1876 ) ;
#196 = ORIENTED_EDGE ( 'NONE', *, *, #3328, .T. ) ;
#197 = UNCERTAINTY_MEASURE_WITH_UNIT (LENGTH_MEASURE( 1.000000000000000082E-05 ), #451, 'distance_accuracy_value', 'NONE');
#198 = SURFACE_STYLE_USAGE ( .BOTH. , #4083 ) ;
#199 = CARTESIAN_POINT ( 'NONE',  ( 1.219999999999999973, 0.7500000000000000000, 0.0000000000000000000 ) ) ;
#200 = MECHANICAL_DESIGN_GEOMETRIC_PRESENTATION_REPRESENTATION (  '', ( #876 ), #1785 ) ;
#201 = PRESENTATION_LAYER_ASSIGNMENT (  '', '', ( #2276 ) ) ;
#202 = EDGE_LOOP ( 'NONE', ( #1343, #280, #1215, #600 ) ) ;
#203 = DIRECTION ( 'NONE',  ( -0.0000000000000000000, -0.0000000000000000000, -1.000000000000000000 ) ) ;
#204 = UNCERTAINTY_MEASURE_WITH_UNIT (LENGTH_MEASURE( 1.000000000000000082E-05 ), #1770, 'distance_accuracy_value', 'NONE');
#205 = CARTESIAN_POINT ( 'NONE',  ( -1.219999999999999973, 0.1300000000000000044, 0.2500000000000000000 ) ) ;
#206 = MECHANICAL_DESIGN_GEOMETRIC_PRESENTATION_REPRESENTATION (  '', ( #2040 ), #28 ) ;
#207 = PRESENTATION_LAYER_ASSIGNMENT (  '', '', ( #1791 ) ) ;
#208 = VERTEX_POINT ( 'NONE', #5091 ) ;
#209 = AXIS2_PLACEMENT_3D ( 'NONE', #100, #874, #506 ) ;
#210 = ORIENTED_EDGE ( 'NONE', *, *, #2246, .F. ) ;
#211 = ADVANCED_FACE ( 'NONE', ( #1179 ), #838, .T. ) ;
#212 = VECTOR ( 'NONE', #3110, 1000.000000000000000 ) ;
#213 =( LENGTH_UNIT ( ) NAMED_UNIT ( * ) SI_UNIT ( .MILLI., .METRE. ) );
#214 = SURFACE_STYLE_USAGE ( .BOTH. , #2192 ) ;
#215 =( GEOMETRIC_REPRESENTATION_CONTEXT ( 3 ) GLOBAL_UNCERTAINTY_ASSIGNED_CONTEXT ( ( #4063 ) ) GLOBAL_UNIT_ASSIGNED_CONTEXT ( ( #2882, #4442, #1781 ) ) REPRESENTATION_CONTEXT ( 'NONE', 'WORKASPACE' ) );
#216 = UNCERTAINTY_MEASURE_WITH_UNIT (LENGTH_MEASURE( 1.000000000000000082E-05 ), #4417, 'distance_accuracy_value', 'NONE');
#217 = EDGE_CURVE ( 'NONE', #2388, #319, #3492, .T. ) ;
#218 = FILL_AREA_STYLE ('',( #244 ) ) ;
#219 = PRESENTATION_LAYER_ASSIGNMENT (  '', '', ( #2779 ) ) ;
#220 = LINE ( 'NONE', #246, #2373 ) ;
#221 = VERTEX_POINT ( 'NONE', #759 ) ;
#222 = STYLED_ITEM ( 'NONE', ( #3840 ), #2308 ) ;
#223 =( GEOMETRIC_REPRESENTATION_CONTEXT ( 3 ) GLOBAL_UNCERTAINTY_ASSIGNED_CONTEXT ( ( #310 ) ) GLOBAL_UNIT_ASSIGNED_CONTEXT ( ( #1618, #10, #4639 ) ) REPRESENTATION_CONTEXT ( 'NONE', 'WORKASPACE' ) );
#224 =( NAMED_UNIT ( * ) SI_UNIT ( $, .STERADIAN. ) SOLID_ANGLE_UNIT ( ) );
#225 = ADVANCED_BREP_SHAPE_REPRESENTATION ( '', ( #2853, #5046, #3337, #4592, #3362, #2917, #1230, #1302, #3375, #1173, #1240, #5021, #3357, #5028, #5056, #4650, #1328, #1672, #2974, #3830 ), #3508 ) ;
#226 = CARTESIAN_POINT ( 'NONE',  ( 0.0000000000000000000, 1.510000000000000009, 0.0000000000000000000 ) ) ;
#227 = CARTESIAN_POINT ( 'NONE',  ( -0.6300000000000000044, -1.510000000000000009, 0.0000000000000000000 ) ) ;
#228 = PRESENTATION_LAYER_ASSIGNMENT (  '', '', ( #1148 ) ) ;
#229 = FILL_AREA_STYLE ('',( #4601 ) ) ;
#230 = PRESENTATION_LAYER_ASSIGNMENT (  '', '', ( #1811 ) ) ;
#231 = CARTESIAN_POINT ( 'NONE',  ( 0.6300000000000000044, -1.219999999999999973, 0.0000000000000000000 ) ) ;
#232 = ORIENTED_EDGE ( 'NONE', *, *, #3649, .F. ) ;
#233 = CARTESIAN_POINT ( 'NONE',  ( 0.3699999999999999956, -1.219999999999999973, 0.0000000000000000000 ) ) ;
#234 = SURFACE_STYLE_USAGE ( .BOTH. , #2685 ) ;
#235 = VECTOR ( 'NONE', #66, 1000.000000000000000 ) ;
#236 = LINE ( 'NONE', #2561, #4811 ) ;
#237 = AXIS2_PLACEMENT_3D ( 'NONE', #404, #776, #374 ) ;
#238 = ORIENTED_EDGE ( 'NONE', *, *, #775, .F. ) ;
#239 = ORIENTED_EDGE ( 'NONE', *, *, #4043, .F. ) ;
#240 = CARTESIAN_POINT ( 'NONE',  ( -1.510000000000000009, -0.3699999999999999956, 0.0000000000000000000 ) ) ;
#241 = PRODUCT_DEFINITION ( 'UNKNOWN', '', #1960, #4774 ) ;
#242 = CARTESIAN_POINT ( 'NONE',  ( 0.0000000000000000000, 0.0000000000000000000, 0.2500000000000000000 ) ) ;
#243 = COLOUR_RGB ( '',1.000000000000000000, 0.8156862745098039102, 0.02745098039215686236 ) ;
#244 = FILL_AREA_STYLE_COLOUR ( '', #3818 ) ;
#245 =( NAMED_UNIT ( * ) PLANE_ANGLE_UNIT ( ) SI_UNIT ( $, .RADIAN. ) );
#246 = CARTESIAN_POINT ( 'NONE',  ( 0.0000000000000000000, -0.1300000000000000044, 0.0000000000000000000 ) ) ;
#247 = ADVANCED_FACE ( 'NONE', ( #3186 ), #2384, .F. ) ;
#248 = ORIENTED_EDGE ( 'NONE', *, *, #770, .T. ) ;
#249 = DIRECTION ( 'NONE',  ( -1.000000000000000000, 0.0000000000000000000, 0.0000000000000000000 ) ) ;
#250 = SURFACE_STYLE_FILL_AREA ( #1045 ) ;
#251 = PRESENTATION_STYLE_ASSIGNMENT (( #3787 ) ) ;
#252 = CARTESIAN_POINT ( 'NONE',  ( 0.7500000000000000000, 1.219999999999999973, 0.2500000000000000000 ) ) ;
#253 = EDGE_CURVE ( 'NONE', #4162, #1029, #4349, .T. ) ;
#254 = DIRECTION ( 'NONE',  ( 0.0000000000000000000, 0.0000000000000000000, -1.000000000000000000 ) ) ;
#255 = CARTESIAN_POINT ( 'NONE',  ( 0.8699999999999999956, -1.219999999999999973, 0.2500000000000000000 ) ) ;
#256 = EDGE_LOOP ( 'NONE', ( #1358, #2140, #2614, #1643, #4833 ) ) ;
#257 = STYLED_ITEM ( 'NONE', ( #4925 ), #3619 ) ;
#258 = UNCERTAINTY_MEASURE_WITH_UNIT (LENGTH_MEASURE( 1.000000000000000082E-05 ), #792, 'distance_accuracy_value', 'NONE');
#259 = CARTESIAN_POINT ( 'NONE',  ( 0.8699999999999999956, -1.510000000000000009, 0.2500000000000000000 ) ) ;
#260 =( LENGTH_UNIT ( ) NAMED_UNIT ( * ) SI_UNIT ( .MILLI., .METRE. ) );
#261 = ORIENTED_EDGE ( 'NONE', *, *, #2039, .F. ) ;
#262 = ORIENTED_EDGE ( 'NONE', *, *, #764, .F. ) ;
#263 = CARTESIAN_POINT ( 'NONE',  ( 0.0000000000000000000, 1.510000000000000009, 0.0000000000000000000 ) ) ;
#264 = COLOUR_RGB ( '',1.000000000000000000, 0.8156862745098039102, 0.02745098039215686236 ) ;
#265 = PRESENTATION_LAYER_ASSIGNMENT (  '', '', ( #1691 ) ) ;
#266 = CARTESIAN_POINT ( 'NONE',  ( -0.8699999999999999956, -1.510000000000000009, 0.2500000000000000000 ) ) ;
#267 = DIRECTION ( 'NONE',  ( 1.000000000000000000, -0.0000000000000000000, 0.0000000000000000000 ) ) ;
#268 =( GEOMETRIC_REPRESENTATION_CONTEXT ( 3 ) GLOBAL_UNCERTAINTY_ASSIGNED_CONTEXT ( ( #1562 ) ) GLOBAL_UNIT_ASSIGNED_CONTEXT ( ( #495, #3262, #546 ) ) REPRESENTATION_CONTEXT ( 'NONE', 'WORKASPACE' ) );
#269 = DIRECTION ( 'NONE',  ( 0.0000000000000000000, 0.0000000000000000000, -1.000000000000000000 ) ) ;
#270 = DIRECTION ( 'NONE',  ( 0.0000000000000000000, 0.0000000000000000000, 1.000000000000000000 ) ) ;
#271 = PRESENTATION_LAYER_ASSIGNMENT (  '', '', ( #1524 ) ) ;
#272 = VERTEX_POINT ( 'NONE', #465 ) ;
#273 = SURFACE_SIDE_STYLE ('',( #2551 ) ) ;
#274 = ADVANCED_FACE ( 'NONE', ( #4272 ), #4868, .F. ) ;
#275 = COLOUR_RGB ( '',1.000000000000000000, 0.8156862745098039102, 0.02745098039215686236 ) ;
#276 = LINE ( 'NONE', #4224, #3926 ) ;
#277 = DIRECTION ( 'NONE',  ( 1.000000000000000000, 0.0000000000000000000, 0.0000000000000000000 ) ) ;
#278 =( NAMED_UNIT ( * ) PLANE_ANGLE_UNIT ( ) SI_UNIT ( $, .RADIAN. ) );
#279 = LINE ( 'NONE', #1866, #549 ) ;
#280 = ORIENTED_EDGE ( 'NONE', *, *, #2031, .F. ) ;
#281 = CARTESIAN_POINT ( 'NONE',  ( 0.0000000000000000000, 0.0000000000000000000, 0.0000000000000000000 ) ) ;
#282 = DIRECTION ( 'NONE',  ( 0.0000000000000000000, 0.0000000000000000000, -1.000000000000000000 ) ) ;
#283 = EDGE_CURVE ( 'NONE', #733, #3318, #2905, .T. ) ;
#284 = DIRECTION ( 'NONE',  ( 1.000000000000000000, -0.0000000000000000000, 0.0000000000000000000 ) ) ;
#285 = SURFACE_STYLE_FILL_AREA ( #2262 ) ;
#286 = VERTEX_POINT ( 'NONE', #4054 ) ;
#287 = ORIENTED_EDGE ( 'NONE', *, *, #4259, .F. ) ;
#288 = PRESENTATION_LAYER_ASSIGNMENT (  '', '', ( #3497 ) ) ;
#289 = MECHANICAL_DESIGN_GEOMETRIC_PRESENTATION_REPRESENTATION (  '', ( #1540 ), #1630 ) ;
#290 =( NAMED_UNIT ( * ) SI_UNIT ( $, .STERADIAN. ) SOLID_ANGLE_UNIT ( ) );
#291 = DIRECTION ( 'NONE',  ( -0.0000000000000000000, 1.000000000000000000, 0.0000000000000000000 ) ) ;
#292 = FILL_AREA_STYLE_COLOUR ( '', #2042 ) ;
#293 = PLANE ( 'NONE',  #4557 ) ;
#294 = COLOUR_RGB ( '',1.000000000000000000, 0.8156862745098039102, 0.02745098039215686236 ) ;
#295 = CARTESIAN_POINT ( 'NONE',  ( 0.0000000000000000000, 0.0000000000000000000, 0.0000000000000000000 ) ) ;
#296 = SURFACE_STYLE_FILL_AREA ( #1812 ) ;
#297 = SURFACE_STYLE_FILL_AREA ( #327 ) ;
#298 = AXIS2_PLACEMENT_3D ( 'NONE', #4863, #1370, #2545 ) ;
#299 = ORIENTED_EDGE ( 'NONE', *, *, #4438, .T. ) ;
#300 =( GEOMETRIC_REPRESENTATION_CONTEXT ( 3 ) GLOBAL_UNCERTAINTY_ASSIGNED_CONTEXT ( ( #4597 ) ) GLOBAL_UNIT_ASSIGNED_CONTEXT ( ( #2847, #477, #4381 ) ) REPRESENTATION_CONTEXT ( 'NONE', 'WORKASPACE' ) );
#301 = DIRECTION ( 'NONE',  ( 0.0000000000000000000, 0.0000000000000000000, -1.000000000000000000 ) ) ;
#302 = FILL_AREA_STYLE ('',( #3788 ) ) ;
#303 = SURFACE_SIDE_STYLE ('',( #3034 ) ) ;
#304 = EDGE_CURVE ( 'NONE', #4234, #2032, #2448, .T. ) ;
#305 = CARTESIAN_POINT ( 'NONE',  ( -1.510000000000000009, -0.3699999999999999400, 0.2500000000000000000 ) ) ;
#306 = COLOUR_RGB ( '',1.000000000000000000, 0.8156862745098039102, 0.02745098039215686236 ) ;
#307 = VERTEX_POINT ( 'NONE', #1712 ) ;
#308 = COLOUR_RGB ( '',1.000000000000000000, 0.8156862745098039102, 0.02745098039215686236 ) ;
#309 = FACE_OUTER_BOUND ( 'NONE', #3982, .T. ) ;
#310 = UNCERTAINTY_MEASURE_WITH_UNIT (LENGTH_MEASURE( 1.000000000000000082E-05 ), #1618, 'distance_accuracy_value', 'NONE');
#311 =( NAMED_UNIT ( * ) SI_UNIT ( $, .STERADIAN. ) SOLID_ANGLE_UNIT ( ) );
#312 = SURFACE_STYLE_FILL_AREA ( #627 ) ;
#313 =( NAMED_UNIT ( * ) SI_UNIT ( $, .STERADIAN. ) SOLID_ANGLE_UNIT ( ) );
#314 = MECHANICAL_DESIGN_GEOMETRIC_PRESENTATION_REPRESENTATION (  '', ( #2541 ), #740 ) ;
#315 = MECHANICAL_DESIGN_GEOMETRIC_PRESENTATION_REPRESENTATION (  '', ( #1156 ), #3526 ) ;
#316 = CARTESIAN_POINT ( 'NONE',  ( 0.8699999999999999956, -1.219999999999999973, 0.0000000000000000000 ) ) ;
#317 = EDGE_CURVE ( 'NONE', #1829, #163, #4367, .T. ) ;
#318 = ORIENTED_EDGE ( 'NONE', *, *, #2523, .F. ) ;
#319 = VERTEX_POINT ( 'NONE', #1351 ) ;
#320 = COLOUR_RGB ( '',0.2862745098039215508, 0.2862745098039215508, 0.2862745098039215508 ) ;
#321 = VECTOR ( 'NONE', #2501, 1000.000000000000000 ) ;
#322 = EDGE_CURVE ( 'NONE', #3592, #807, #4004, .T. ) ;
#323 = DIRECTION ( 'NONE',  ( -0.0000000000000000000, -0.0000000000000000000, -1.000000000000000000 ) ) ;
#324 = COLOUR_RGB ( '',1.000000000000000000, 0.8156862745098039102, 0.02745098039215686236 ) ;
#325 = SURFACE_STYLE_FILL_AREA ( #4698 ) ;
#326 =( LENGTH_UNIT ( ) NAMED_UNIT ( * ) SI_UNIT ( .MILLI., .METRE. ) );
#327 = FILL_AREA_STYLE ('',( #4974 ) ) ;
#328 = ORIENTED_EDGE ( 'NONE', *, *, #3401, .F. ) ;
#329 =( NAMED_UNIT ( * ) SI_UNIT ( $, .STERADIAN. ) SOLID_ANGLE_UNIT ( ) );
#330 = DIRECTION ( 'NONE',  ( 0.0000000000000000000, 0.0000000000000000000, 1.000000000000000000 ) ) ;
#331 = LINE ( 'NONE', #3759, #5078 ) ;
#332 = CARTESIAN_POINT ( 'NONE',  ( 0.0000000000000000000, -0.6300000000000000044, 0.0000000000000000000 ) ) ;
#333 = CYLINDRICAL_SURFACE ( 'NONE', #1731, 0.1200000000000000927 ) ;
#334 = DIRECTION ( 'NONE',  ( -1.000000000000000000, 0.0000000000000000000, -0.0000000000000000000 ) ) ;
#335 = ORIENTED_EDGE ( 'NONE', *, *, #828, .F. ) ;
#336 = FILL_AREA_STYLE ('',( #3859 ) ) ;
#337 = CIRCLE ( 'NONE', #1016, 0.1199999999999999956 ) ;
#338 = ORIENTED_EDGE ( 'NONE', *, *, #2278, .T. ) ;
#339 = EDGE_LOOP ( 'NONE', ( #1440, #15, #3419, #4913 ) ) ;
#340 = ADVANCED_FACE ( 'NONE', ( #194 ), #3681, .T. ) ;
#341 =( GEOMETRIC_REPRESENTATION_CONTEXT ( 3 ) GLOBAL_UNCERTAINTY_ASSIGNED_CONTEXT ( ( #624 ) ) GLOBAL_UNIT_ASSIGNED_CONTEXT ( ( #4624, #4222, #329 ) ) REPRESENTATION_CONTEXT ( 'NONE', 'WORKASPACE' ) );
#342 =( NAMED_UNIT ( * ) PLANE_ANGLE_UNIT ( ) SI_UNIT ( $, .RADIAN. ) );
#343 = EDGE_CURVE ( 'NONE', #2896, #3512, #1217, .T. ) ;
#344 = LINE ( 'NONE', #4265, #4783 ) ;
#345 = MECHANICAL_DESIGN_GEOMETRIC_PRESENTATION_REPRESENTATION (  '', ( #1105 ), #772 ) ;
#346 =( NAMED_UNIT ( * ) SI_UNIT ( $, .STERADIAN. ) SOLID_ANGLE_UNIT ( ) );
#347 = DIRECTION ( 'NONE',  ( -1.000000000000000000, 0.0000000000000000000, -0.0000000000000000000 ) ) ;
#348 = FILL_AREA_STYLE ('',( #647 ) ) ;
#349 = VERTEX_POINT ( 'NONE', #114 ) ;
#350 = CARTESIAN_POINT ( 'NONE',  ( 0.3699999999999999956, 1.219999999999999973, 0.0000000000000000000 ) ) ;
#351 = LINE ( 'NONE', #2378, #1856 ) ;
#352 =( NAMED_UNIT ( * ) SI_UNIT ( $, .STERADIAN. ) SOLID_ANGLE_UNIT ( ) );
#353 = CARTESIAN_POINT ( 'NONE',  ( 1.500000000000000000, -1.500000000000000000, 0.9499999999999999556 ) ) ;
#354 = VECTOR ( 'NONE', #707, 1000.000000000000114 ) ;
#355 =( LENGTH_UNIT ( ) NAMED_UNIT ( * ) SI_UNIT ( .MILLI., .METRE. ) );
#356 = CARTESIAN_POINT ( 'NONE',  ( 0.0000000000000000000, 0.6300000000000000044, 0.0000000000000000000 ) ) ;
#357 = ORIENTED_EDGE ( 'NONE', *, *, #2285, .T. ) ;
#358 = UNCERTAINTY_MEASURE_WITH_UNIT (LENGTH_MEASURE( 1.000000000000000082E-05 ), #4139, 'distance_accuracy_value', 'NONE');
#359 = SURFACE_STYLE_FILL_AREA ( #69 ) ;
#360 = PRESENTATION_LAYER_ASSIGNMENT (  '', '', ( #3319 ) ) ;
#361 = LINE ( 'NONE', #2715, #4173 ) ;
#362 = FILL_AREA_STYLE_COLOUR ( '', #308 ) ;
#363 = AXIS2_PLACEMENT_3D ( 'NONE', #3558, #862, #2760 ) ;
#364 = ORIENTED_EDGE ( 'NONE', *, *, #727, .F. ) ;
#365 = EDGE_LOOP ( 'NONE', ( #3608, #2797, #1055, #3713 ) ) ;
#366 =( NAMED_UNIT ( * ) PLANE_ANGLE_UNIT ( ) SI_UNIT ( $, .RADIAN. ) );
#367 =( GEOMETRIC_REPRESENTATION_CONTEXT ( 3 ) GLOBAL_UNCERTAINTY_ASSIGNED_CONTEXT ( ( #2944 ) ) GLOBAL_UNIT_ASSIGNED_CONTEXT ( ( #1169, #3946, #405 ) ) REPRESENTATION_CONTEXT ( 'NONE', 'WORKASPACE' ) );
#368 = FILL_AREA_STYLE_COLOUR ( '', #1379 ) ;
#369 = ADVANCED_FACE ( 'NONE', ( #4420 ), #4078, .F. ) ;
#370 = DIRECTION ( 'NONE',  ( 1.000000000000000000, 0.0000000000000000000, 0.0000000000000000000 ) ) ;
#371 =( NAMED_UNIT ( * ) PLANE_ANGLE_UNIT ( ) SI_UNIT ( $, .RADIAN. ) );
#372 = CIRCLE ( 'NONE', #2287, 0.1200000000000000927 ) ;
#373 = AXIS2_PLACEMENT_3D ( 'NONE', #4263, #1962, #748 ) ;
#374 = DIRECTION ( 'NONE',  ( 1.000000000000000000, 0.0000000000000000000, 0.0000000000000000000 ) ) ;
#375 = DIRECTION ( 'NONE',  ( -1.000000000000000000, 0.0000000000000000000, -0.0000000000000000000 ) ) ;
#376 = ADVANCED_FACE ( 'NONE', ( #3825 ), #2599, .T. ) ;
#377 = DIRECTION ( 'NONE',  ( -1.000000000000000000, -0.0000000000000000000, -0.0000000000000000000 ) ) ;
#378 = ORIENTED_EDGE ( 'NONE', *, *, #4687, .F. ) ;
#379 = PRESENTATION_STYLE_ASSIGNMENT (( #3899 ) ) ;
#380 = DIRECTION ( 'NONE',  ( 1.000000000000000000, -0.0000000000000000000, 0.0000000000000000000 ) ) ;
#381 = SURFACE_STYLE_USAGE ( .BOTH. , #3931 ) ;
#382 = ORIENTED_EDGE ( 'NONE', *, *, #4781, .T. ) ;
#383 = SURFACE_SIDE_STYLE ('',( #3905 ) ) ;
#384 = PRESENTATION_LAYER_ASSIGNMENT (  '', '', ( #3515 ) ) ;
#385 = COLOUR_RGB ( '',1.000000000000000000, 0.8156862745098039102, 0.02745098039215686236 ) ;
#386 = PRESENTATION_STYLE_ASSIGNMENT (( #3535 ) ) ;
#387 = DIRECTION ( 'NONE',  ( 0.0000000000000000000, -0.0000000000000000000, 1.000000000000000000 ) ) ;
#388 =( LENGTH_UNIT ( ) NAMED_UNIT ( * ) SI_UNIT ( .MILLI., .METRE. ) );
#389 = FILL_AREA_STYLE ('',( #1213 ) ) ;
#390 = STYLED_ITEM ( 'NONE', ( #3770 ), #2254 ) ;
#391 = SURFACE_STYLE_FILL_AREA ( #2360 ) ;
#392 = AXIS2_PLACEMENT_3D ( 'NONE', #2696, #1222, #401 ) ;
#393 = VERTEX_POINT ( 'NONE', #3850 ) ;
#394 = ORIENTED_EDGE ( 'NONE', *, *, #1933, .T. ) ;
#395 = SURFACE_STYLE_FILL_AREA ( #3917 ) ;
#396 = PRESENTATION_LAYER_ASSIGNMENT (  '', '', ( #4988 ) ) ;
#397 = LINE ( 'NONE', #2825, #2092 ) ;
#398 = CIRCLE ( 'NONE', #4081, 0.1200000000000000927 ) ;
#399 = FACE_OUTER_BOUND ( 'NONE', #552, .T. ) ;
#400 = AXIS2_PLACEMENT_3D ( 'NONE', #1690, #2885, #1280 ) ;
#401 = DIRECTION ( 'NONE',  ( 1.000000000000000000, 0.0000000000000000000, 0.0000000000000000000 ) ) ;
#402 = SURFACE_SIDE_STYLE ('',( #325 ) ) ;
#403 = ADVANCED_FACE ( 'NONE', ( #2249 ), #3753, .F. ) ;
#404 = CARTESIAN_POINT ( 'NONE',  ( 1.219999999999999973, 0.2500000000000000000, 0.2500000000000000000 ) ) ;
#405 =( NAMED_UNIT ( * ) SI_UNIT ( $, .STERADIAN. ) SOLID_ANGLE_UNIT ( ) );
#406 = ORIENTED_EDGE ( 'NONE', *, *, #894, .T. ) ;
#407 = EDGE_CURVE ( 'NONE', #2557, #2263, #4520, .T. ) ;
#408 = FILL_AREA_STYLE_COLOUR ( '', #3848 ) ;
#409 = VECTOR ( 'NONE', #4643, 1000.000000000000000 ) ;
#410 = LINE ( 'NONE', #353, #2304 ) ;
#411 = PRESENTATION_STYLE_ASSIGNMENT (( #381 ) ) ;
#412 = FILL_AREA_STYLE_COLOUR ( '', #721 ) ;
#413 = ORIENTED_EDGE ( 'NONE', *, *, #5016, .T. ) ;
#414 = CARTESIAN_POINT ( 'NONE',  ( -1.510000000000000009, -0.3699999999999999956, 0.2500000000000000000 ) ) ;
#415 = MECHANICAL_DESIGN_GEOMETRIC_PRESENTATION_REPRESENTATION (  '', ( #1007 ), #1257 ) ;
#416 = DIRECTION ( 'NONE',  ( 0.0000000000000000000, 0.0000000000000000000, -1.000000000000000000 ) ) ;
#417 = DIRECTION ( 'NONE',  ( 0.0000000000000000000, 0.0000000000000000000, 1.000000000000000000 ) ) ;
#418 = EDGE_CURVE ( 'NONE', #4493, #464, #1451, .T. ) ;
#419 = DIRECTION ( 'NONE',  ( -0.0000000000000000000, 1.000000000000000000, 0.0000000000000000000 ) ) ;
#420 = FILL_AREA_STYLE_COLOUR ( '', #306 ) ;
#421 = EDGE_LOOP ( 'NONE', ( #4857, #4983, #1817, #946 ) ) ;
#422 = EDGE_LOOP ( 'NONE', ( #873, #4069, #1729, #3044, #2154 ) ) ;
#423 = UNCERTAINTY_MEASURE_WITH_UNIT (LENGTH_MEASURE( 1.000000000000000082E-05 ), #542, 'distance_accuracy_value', 'NONE');
#424 = CARTESIAN_POINT ( 'NONE',  ( -1.219999999999999973, -0.2500000000000000000, 0.2500000000000000000 ) ) ;
#425 = CARTESIAN_POINT ( 'NONE',  ( -1.219999999999999973, -0.2500000000000000000, 0.0000000000000000000 ) ) ;
#426 = DIRECTION ( 'NONE',  ( -1.000000000000000000, 0.0000000000000000000, 0.0000000000000000000 ) ) ;
#427 = CARTESIAN_POINT ( 'NONE',  ( 1.070000000000000062, -0.9899999999999999911, 0.9699999999999999734 ) ) ;
#428 = COLOUR_RGB ( '',0.2862745098039215508, 0.2862745098039215508, 0.2862745098039215508 ) ;
#429 = DIRECTION ( 'NONE',  ( -1.000000000000000000, 0.0000000000000000000, 0.0000000000000000000 ) ) ;
#430 =( LENGTH_UNIT ( ) NAMED_UNIT ( * ) SI_UNIT ( .MILLI., .METRE. ) );
#431 = SURFACE_STYLE_FILL_AREA ( #2 ) ;
#432 = ORIENTED_EDGE ( 'NONE', *, *, #2429, .T. ) ;
#433 = CYLINDRICAL_SURFACE ( 'NONE', #1035, 0.1199999999999999956 ) ;
#434 = SURFACE_SIDE_STYLE ('',( #3500 ) ) ;
#435 = DIRECTION ( 'NONE',  ( 0.0000000000000000000, 0.0000000000000000000, -1.000000000000000000 ) ) ;
#436 = CARTESIAN_POINT ( 'NONE',  ( -1.219999999999999973, -0.6300000000000000044, 0.0000000000000000000 ) ) ;
#437 = COLOUR_RGB ( '',1.000000000000000000, 0.8156862745098039102, 0.02745098039215686236 ) ;
#438 = ORIENTED_EDGE ( 'NONE', *, *, #5022, .T. ) ;
#439 = ADVANCED_FACE ( 'NONE', ( #3974 ), #1226, .F. ) ;
#440 = PRESENTATION_STYLE_ASSIGNMENT (( #840 ) ) ;
#441 = CIRCLE ( 'NONE', #1201, 0.1199999999999999956 ) ;
#442 = DIRECTION ( 'NONE',  ( -1.000000000000000000, 0.0000000000000000000, -0.0000000000000000000 ) ) ;
#443 = FACE_OUTER_BOUND ( 'NONE', #1041, .T. ) ;
#444 = ORIENTED_EDGE ( 'NONE', *, *, #2285, .F. ) ;
#445 = ADVANCED_FACE ( 'NONE', ( #2702 ), #4266, .T. ) ;
#446 = ORIENTED_EDGE ( 'NONE', *, *, #343, .T. ) ;
#447 = PRESENTATION_STYLE_ASSIGNMENT (( #3568 ) ) ;
#448 =( NAMED_UNIT ( * ) SI_UNIT ( $, .STERADIAN. ) SOLID_ANGLE_UNIT ( ) );
#449 = STYLED_ITEM ( 'NONE', ( #736 ), #176 ) ;
#450 =( NAMED_UNIT ( * ) SI_UNIT ( $, .STERADIAN. ) SOLID_ANGLE_UNIT ( ) );
#451 =( LENGTH_UNIT ( ) NAMED_UNIT ( * ) SI_UNIT ( .MILLI., .METRE. ) );
#452 = CARTESIAN_POINT ( 'NONE',  ( -1.219999999999999973, 0.2500000000000000000, 0.0000000000000000000 ) ) ;
#453 = AXIS2_PLACEMENT_3D ( 'NONE', #3849, #827, #1196 ) ;
#454 = MECHANICAL_DESIGN_GEOMETRIC_PRESENTATION_REPRESENTATION (  '', ( #3412 ), #710 ) ;
#455 = CARTESIAN_POINT ( 'NONE',  ( -1.510000000000000009, -0.8699999999999999956, 0.0000000000000000000 ) ) ;
#456 = FILL_AREA_STYLE_COLOUR ( '', #557 ) ;
#457 = COLOUR_RGB ( '',1.000000000000000000, 0.8156862745098039102, 0.02745098039215686236 ) ;
#458 = LINE ( 'NONE', #1277, #4286 ) ;
#459 =( NAMED_UNIT ( * ) SI_UNIT ( $, .STERADIAN. ) SOLID_ANGLE_UNIT ( ) );
#460 =( NAMED_UNIT ( * ) SI_UNIT ( $, .STERADIAN. ) SOLID_ANGLE_UNIT ( ) );
#461 = STYLED_ITEM ( 'NONE', ( #3263 ), #4927 ) ;
#462 = DIRECTION ( 'NONE',  ( 0.0000000000000000000, 0.0000000000000000000, 1.000000000000000000 ) ) ;
#463 = DIRECTION ( 'NONE',  ( -0.0000000000000000000, -0.0000000000000000000, -1.000000000000000000 ) ) ;
#464 = VERTEX_POINT ( 'NONE', #25 ) ;
#465 = CARTESIAN_POINT ( 'NONE',  ( -0.1300000000000000044, -1.219999999999999973, 0.2500000000000000000 ) ) ;
#466 = SHAPE_DEFINITION_REPRESENTATION ( #526, #1335 ) ;
#467 = STYLED_ITEM ( 'NONE', ( #863 ), #225 ) ;
#468 =( GEOMETRIC_REPRESENTATION_CONTEXT ( 3 ) GLOBAL_UNCERTAINTY_ASSIGNED_CONTEXT ( ( #579 ) ) GLOBAL_UNIT_ASSIGNED_CONTEXT ( ( #4347, #3932, #2381 ) ) REPRESENTATION_CONTEXT ( 'NONE', 'WORKASPACE' ) );
#469 =( NAMED_UNIT ( * ) SI_UNIT ( $, .STERADIAN. ) SOLID_ANGLE_UNIT ( ) );
#470 = EDGE_CURVE ( 'NONE', #2540, #4579, #1936, .T. ) ;
#471 = EDGE_LOOP ( 'NONE', ( #4331, #4876, #3267, #4021 ) ) ;
#472 = PRESENTATION_LAYER_ASSIGNMENT (  '', '', ( #3429 ) ) ;
#473 = ORIENTED_EDGE ( 'NONE', *, *, #3884, .T. ) ;
#474 = FACE_OUTER_BOUND ( 'NONE', #2732, .T. ) ;
#475 = AXIS2_PLACEMENT_3D ( 'NONE', #2804, #3921, #2141 ) ;
#476 = EDGE_CURVE ( 'NONE', #150, #272, #3100, .T. ) ;
#477 =( NAMED_UNIT ( * ) PLANE_ANGLE_UNIT ( ) SI_UNIT ( $, .RADIAN. ) );
#478 = PLANE ( 'NONE',  #209 ) ;
#479 = CARTESIAN_POINT ( 'NONE',  ( -0.8400000000000000799, 0.8400000000000000799, 0.0000000000000000000 ) ) ;
#480 = MECHANICAL_DESIGN_GEOMETRIC_PRESENTATION_REPRESENTATION (  '', ( #2858 ), #4237 ) ;
#481 = MECHANICAL_DESIGN_GEOMETRIC_PRESENTATION_REPRESENTATION (  '', ( #145 ), #4001 ) ;
#482 = CARTESIAN_POINT ( 'NONE',  ( -1.219999999999999973, 0.7500000000000000000, 0.0000000000000000000 ) ) ;
#483 = FILL_AREA_STYLE ('',( #2521 ) ) ;
#484 = EDGE_CURVE ( 'NONE', #1453, #1463, #777, .T. ) ;
#485 = CIRCLE ( 'NONE', #2951, 0.1200000000000000927 ) ;
#486 = LINE ( 'NONE', #455, #3898 ) ;
#487 =( GEOMETRIC_REPRESENTATION_CONTEXT ( 3 ) GLOBAL_UNCERTAINTY_ASSIGNED_CONTEXT ( ( #1140 ) ) GLOBAL_UNIT_ASSIGNED_CONTEXT ( ( #3128, #2069, #2884 ) ) REPRESENTATION_CONTEXT ( 'NONE', 'WORKASPACE' ) );
#488 = FACE_OUTER_BOUND ( 'NONE', #795, .T. ) ;
#489 = DIRECTION ( 'NONE',  ( 1.000000000000000000, 0.0000000000000000000, 0.0000000000000000000 ) ) ;
#490 = COLOUR_RGB ( '',1.000000000000000000, 0.8156862745098039102, 0.02745098039215686236 ) ;
#491 = ORIENTED_EDGE ( 'NONE', *, *, #2623, .F. ) ;
#492 = CARTESIAN_POINT ( 'NONE',  ( -0.2500000000000000000, 1.219999999999999973, 0.0000000000000000000 ) ) ;
#493 = CARTESIAN_POINT ( 'NONE',  ( 0.0000000000000000000, 0.0000000000000000000, 0.0000000000000000000 ) ) ;
#494 = VECTOR ( 'NONE', #2559, 1000.000000000000000 ) ;
#495 =( LENGTH_UNIT ( ) NAMED_UNIT ( * ) SI_UNIT ( .MILLI., .METRE. ) );
#496 = DIRECTION ( 'NONE',  ( 0.0000000000000000000, -0.0000000000000000000, 1.000000000000000000 ) ) ;
#497 = DIRECTION ( 'NONE',  ( -0.0000000000000000000, -0.0000000000000000000, -1.000000000000000000 ) ) ;
#498 =( NAMED_UNIT ( * ) SI_UNIT ( $, .STERADIAN. ) SOLID_ANGLE_UNIT ( ) );
#499 = VECTOR ( 'NONE', #4845, 1000.000000000000000 ) ;
#500 = ORIENTED_EDGE ( 'NONE', *, *, #904, .T. ) ;
#501 = DIRECTION ( 'NONE',  ( -0.0000000000000000000, -1.000000000000000000, -0.0000000000000000000 ) ) ;
#502 = SURFACE_STYLE_USAGE ( .BOTH. , #2945 ) ;
#503 = EDGE_CURVE ( 'NONE', #659, #4676, #1967, .T. ) ;
#504 = LINE ( 'NONE', #3294, #3306 ) ;
#505 = VERTEX_POINT ( 'NONE', #1581 ) ;
#506 = DIRECTION ( 'NONE',  ( 0.0000000000000000000, -0.0000000000000000000, 1.000000000000000000 ) ) ;
#507 = SURFACE_SIDE_STYLE ('',( #2065 ) ) ;
#508 = EDGE_CURVE ( 'NONE', #2886, #1754, #3126, .T. ) ;
#509 = DIRECTION ( 'NONE',  ( -0.0000000000000000000, -0.0000000000000000000, -1.000000000000000000 ) ) ;
#510 =( NAMED_UNIT ( * ) SI_UNIT ( $, .STERADIAN. ) SOLID_ANGLE_UNIT ( ) );
#511 = EDGE_CURVE ( 'NONE', #1878, #558, #1369, .T. ) ;
#512 = PRESENTATION_LAYER_ASSIGNMENT (  '', '', ( #178 ) ) ;
#513 = DIRECTION ( 'NONE',  ( 0.0000000000000000000, 0.0000000000000000000, 1.000000000000000000 ) ) ;
#514 =( NAMED_UNIT ( * ) PLANE_ANGLE_UNIT ( ) SI_UNIT ( $, .RADIAN. ) );
#515 = FILL_AREA_STYLE ('',( #171 ) ) ;
#516 = VERTEX_POINT ( 'NONE', #2881 ) ;
#517 = CARTESIAN_POINT ( 'NONE',  ( 0.1300000000000000044, -1.510000000000000009, 0.0000000000000000000 ) ) ;
#518 = PRESENTATION_STYLE_ASSIGNMENT (( #995 ) ) ;
#519 = SURFACE_STYLE_USAGE ( .BOTH. , #4058 ) ;
#520 = FILL_AREA_STYLE_COLOUR ( '', #2057 ) ;
#521 = FILL_AREA_STYLE ('',( #4484 ) ) ;
#522 = EDGE_LOOP ( 'NONE', ( #1939, #1753, #796, #973 ) ) ;
#523 =( LENGTH_UNIT ( ) NAMED_UNIT ( * ) SI_UNIT ( .MILLI., .METRE. ) );
#524 = UNCERTAINTY_MEASURE_WITH_UNIT (LENGTH_MEASURE( 1.000000000000000082E-05 ), #1969, 'distance_accuracy_value', 'NONE');
#525 = DIRECTION ( 'NONE',  ( -0.0000000000000000000, -0.0000000000000000000, -1.000000000000000000 ) ) ;
#526 = PRODUCT_DEFINITION_SHAPE ( 'NONE', 'NONE',  #241 ) ;
#527 = SURFACE_STYLE_FILL_AREA ( #4039 ) ;
#528 = SURFACE_STYLE_FILL_AREA ( #3322 ) ;
#529 = SURFACE_STYLE_FILL_AREA ( #4856 ) ;
#530 = VECTOR ( 'NONE', #4318, 1000.000000000000000 ) ;
#531 = EDGE_LOOP ( 'NONE', ( #35, #1918, #4061, #3834 ) ) ;
#532 = EDGE_LOOP ( 'NONE', ( #4261, #4301, #3690, #1441 ) ) ;
#533 = DIRECTION ( 'NONE',  ( 0.0000000000000000000, 0.0000000000000000000, 1.000000000000000000 ) ) ;
#534 = DIRECTION ( 'NONE',  ( 1.000000000000000000, -0.0000000000000000000, 0.0000000000000000000 ) ) ;
#535 = DIRECTION ( 'NONE',  ( 0.0000000000000000000, -0.0000000000000000000, 1.000000000000000000 ) ) ;
#536 = FACE_OUTER_BOUND ( 'NONE', #4172, .T. ) ;
#537 = CARTESIAN_POINT ( 'NONE',  ( -1.219999999999999973, 0.6300000000000000044, 0.2500000000000000000 ) ) ;
#538 = VECTOR ( 'NONE', #3002, 1000.000000000000000 ) ;
#539 = FILL_AREA_STYLE_COLOUR ( '', #4827 ) ;
#540 = SURFACE_SIDE_STYLE ('',( #4448 ) ) ;
#541 = EDGE_CURVE ( 'NONE', #1560, #272, #3164, .T. ) ;
#542 =( LENGTH_UNIT ( ) NAMED_UNIT ( * ) SI_UNIT ( .MILLI., .METRE. ) );
#543 = SURFACE_SIDE_STYLE ('',( #4844 ) ) ;
#544 = ORIENTED_EDGE ( 'NONE', *, *, #3013, .T. ) ;
#545 = VECTOR ( 'NONE', #2166, 1000.000000000000000 ) ;
#546 =( NAMED_UNIT ( * ) SI_UNIT ( $, .STERADIAN. ) SOLID_ANGLE_UNIT ( ) );
#547 =( LENGTH_UNIT ( ) NAMED_UNIT ( * ) SI_UNIT ( .MILLI., .METRE. ) );
#548 = COLOUR_RGB ( '',1.000000000000000000, 0.8156862745098039102, 0.02745098039215686236 ) ;
#549 = VECTOR ( 'NONE', #732, 1000.000000000000000 ) ;
#550 = DIRECTION ( 'NONE',  ( 0.0000000000000000000, -0.0000000000000000000, -1.000000000000000000 ) ) ;
#551 = SURFACE_STYLE_USAGE ( .BOTH. , #3658 ) ;
#552 = EDGE_LOOP ( 'NONE', ( #2970, #3177 ) ) ;
#553 = DIRECTION ( 'NONE',  ( 0.0000000000000000000, -0.0000000000000000000, 1.000000000000000000 ) ) ;
#554 = MECHANICAL_DESIGN_GEOMETRIC_PRESENTATION_REPRESENTATION (  '', ( #3093 ), #4225 ) ;
#555 = SURFACE_STYLE_USAGE ( .BOTH. , #128 ) ;
#556 = CARTESIAN_POINT ( 'NONE',  ( -0.8400000000000000799, 0.8400000000000000799, 0.0000000000000000000 ) ) ;
#557 = COLOUR_RGB ( '',1.000000000000000000, 0.8156862745098039102, 0.02745098039215686236 ) ;
#558 = VERTEX_POINT ( 'NONE', #937 ) ;
#559 = EDGE_LOOP ( 'NONE', ( #3660, #2979, #3627, #5100 ) ) ;
#560 = FILL_AREA_STYLE_COLOUR ( '', #2223 ) ;
#561 =( GEOMETRIC_REPRESENTATION_CONTEXT ( 3 ) GLOBAL_UNCERTAINTY_ASSIGNED_CONTEXT ( ( #197 ) ) GLOBAL_UNIT_ASSIGNED_CONTEXT ( ( #451, #3173, #3144 ) ) REPRESENTATION_CONTEXT ( 'NONE', 'WORKASPACE' ) );
#562 =( GEOMETRIC_REPRESENTATION_CONTEXT ( 3 ) GLOBAL_UNCERTAINTY_ASSIGNED_CONTEXT ( ( #3039 ) ) GLOBAL_UNIT_ASSIGNED_CONTEXT ( ( #5020, #342, #4616 ) ) REPRESENTATION_CONTEXT ( 'NONE', 'WORKASPACE' ) );
#563 = PRESENTATION_LAYER_ASSIGNMENT (  '', '', ( #2783 ) ) ;
#564 = SURFACE_SIDE_STYLE ('',( #2444 ) ) ;
#565 = EDGE_CURVE ( 'NONE', #2781, #952, #486, .T. ) ;
#566 = FACE_OUTER_BOUND ( 'NONE', #660, .T. ) ;
#567 = COLOUR_RGB ( '',1.000000000000000000, 0.8156862745098039102, 0.02745098039215686236 ) ;
#568 = PRESENTATION_STYLE_ASSIGNMENT (( #1281 ) ) ;
#569 = STYLED_ITEM ( 'NONE', ( #5057 ), #2775 ) ;
#570 = ORIENTED_EDGE ( 'NONE', *, *, #3200, .F. ) ;
#571 = UNCERTAINTY_MEASURE_WITH_UNIT (LENGTH_MEASURE( 1.000000000000000082E-05 ), #1357, 'distance_accuracy_value', 'NONE');
#572 = DIRECTION ( 'NONE',  ( 1.000000000000000000, 0.0000000000000000000, 0.0000000000000000000 ) ) ;
#573 = ADVANCED_FACE ( 'NONE', ( #4048 ), #4362, .F. ) ;
#574 = DIRECTION ( 'NONE',  ( 1.000000000000000000, 0.0000000000000000000, 0.0000000000000000000 ) ) ;
#575 =( GEOMETRIC_REPRESENTATION_CONTEXT ( 3 ) GLOBAL_UNCERTAINTY_ASSIGNED_CONTEXT ( ( #1510 ) ) GLOBAL_UNIT_ASSIGNED_CONTEXT ( ( #2322, #1965, #346 ) ) REPRESENTATION_CONTEXT ( 'NONE', 'WORKASPACE' ) );
#576 = ORIENTED_EDGE ( 'NONE', *, *, #2498, .T. ) ;
#577 = FACE_OUTER_BOUND ( 'NONE', #532, .T. ) ;
#578 = VECTOR ( 'NONE', #2109, 1000.000000000000000 ) ;
#579 = UNCERTAINTY_MEASURE_WITH_UNIT (LENGTH_MEASURE( 1.000000000000000082E-05 ), #4347, 'distance_accuracy_value', 'NONE');
#580 = CARTESIAN_POINT ( 'NONE',  ( -0.8699999999999999956, 1.219999999999999973, 0.0000000000000000000 ) ) ;
#581 = EDGE_CURVE ( 'NONE', #4395, #733, #2902, .T. ) ;
#582 = MECHANICAL_DESIGN_GEOMETRIC_PRESENTATION_REPRESENTATION (  '', ( #3458 ), #3122 ) ;
#583 = DIRECTION ( 'NONE',  ( 1.000000000000000000, -0.0000000000000000000, 0.0000000000000000000 ) ) ;
#584 = VERTEX_POINT ( 'NONE', #2925 ) ;
#585 = ORIENTED_EDGE ( 'NONE', *, *, #4023, .T. ) ;
#586 = FILL_AREA_STYLE_COLOUR ( '', #2251 ) ;
#587 = FILL_AREA_STYLE ('',( #982 ) ) ;
#588 = FILL_AREA_STYLE_COLOUR ( '', #4890 ) ;
#589 =( NAMED_UNIT ( * ) SI_UNIT ( $, .STERADIAN. ) SOLID_ANGLE_UNIT ( ) );
#590 =( NAMED_UNIT ( * ) SI_UNIT ( $, .STERADIAN. ) SOLID_ANGLE_UNIT ( ) );
#591 = CARTESIAN_POINT ( 'NONE',  ( 0.8699999999999999956, -1.510000000000000009, 0.2500000000000000000 ) ) ;
#592 = CARTESIAN_POINT ( 'NONE',  ( -1.510000000000000009, 0.3699999999999999956, 0.0000000000000000000 ) ) ;
#593 = ORIENTED_EDGE ( 'NONE', *, *, #2713, .F. ) ;
#594 = DIRECTION ( 'NONE',  ( 1.000000000000000000, 0.0000000000000000000, 0.0000000000000000000 ) ) ;
#595 =( GEOMETRIC_REPRESENTATION_CONTEXT ( 3 ) GLOBAL_UNCERTAINTY_ASSIGNED_CONTEXT ( ( #4403 ) ) GLOBAL_UNIT_ASSIGNED_CONTEXT ( ( #4370, #887, #4008 ) ) REPRESENTATION_CONTEXT ( 'NONE', 'WORKASPACE' ) );
#596 = DIRECTION ( 'NONE',  ( 0.0000000000000000000, -1.000000000000000000, 0.0000000000000000000 ) ) ;
#597 = DIRECTION ( 'NONE',  ( 0.0000000000000000000, 0.0000000000000000000, -1.000000000000000000 ) ) ;
#598 = EDGE_CURVE ( 'NONE', #272, #3614, #4441, .T. ) ;
#599 =( GEOMETRIC_REPRESENTATION_CONTEXT ( 3 ) GLOBAL_UNCERTAINTY_ASSIGNED_CONTEXT ( ( #3766 ) ) GLOBAL_UNIT_ASSIGNED_CONTEXT ( ( #2087, #4247, #4748 ) ) REPRESENTATION_CONTEXT ( 'NONE', 'WORKASPACE' ) );
#600 = ORIENTED_EDGE ( 'NONE', *, *, #3081, .T. ) ;
#601 = LINE ( 'NONE', #2558, #4867 ) ;
#602 =( NAMED_UNIT ( * ) PLANE_ANGLE_UNIT ( ) SI_UNIT ( $, .RADIAN. ) );
#603 = LINE ( 'NONE', #2182, #2261 ) ;
#604 =( LENGTH_UNIT ( ) NAMED_UNIT ( * ) SI_UNIT ( .MILLI., .METRE. ) );
#605 = ADVANCED_FACE ( 'NONE', ( #957 ), #2524, .F. ) ;
#606 = ORIENTED_EDGE ( 'NONE', *, *, #4223, .F. ) ;
#607 = ORIENTED_EDGE ( 'NONE', *, *, #3364, .F. ) ;
#608 = SURFACE_STYLE_FILL_AREA ( #3745 ) ;
#609 = EDGE_CURVE ( 'NONE', #1241, #4524, #1780, .T. ) ;
#610 = PRESENTATION_STYLE_ASSIGNMENT (( #3819 ) ) ;
#611 = CARTESIAN_POINT ( 'NONE',  ( 1.219999999999999973, 0.6300000000000000044, 0.0000000000000000000 ) ) ;
#612 =( GEOMETRIC_REPRESENTATION_CONTEXT ( 3 ) GLOBAL_UNCERTAINTY_ASSIGNED_CONTEXT ( ( #3623 ) ) GLOBAL_UNIT_ASSIGNED_CONTEXT ( ( #4552, #3757, #3030 ) ) REPRESENTATION_CONTEXT ( 'NONE', 'WORKASPACE' ) );
#613 = PRESENTATION_STYLE_ASSIGNMENT (( #2595 ) ) ;
#614 =( NAMED_UNIT ( * ) SI_UNIT ( $, .STERADIAN. ) SOLID_ANGLE_UNIT ( ) );
#615 = SURFACE_SIDE_STYLE ('',( #1138 ) ) ;
#616 = ORIENTED_EDGE ( 'NONE', *, *, #418, .T. ) ;
#617 = MECHANICAL_DESIGN_GEOMETRIC_PRESENTATION_REPRESENTATION (  '', ( #3657 ), #3236 ) ;
#618 = CARTESIAN_POINT ( 'NONE',  ( -0.3699999999999999956, 1.219999999999999973, 0.2500000000000000000 ) ) ;
#619 = LINE ( 'NONE', #2636, #4899 ) ;
#620 = FACE_OUTER_BOUND ( 'NONE', #3451, .T. ) ;
#621 = VECTOR ( 'NONE', #3284, 1000.000000000000000 ) ;
#622 = DIRECTION ( 'NONE',  ( 1.000000000000000000, 0.0000000000000000000, 0.0000000000000000000 ) ) ;
#623 = ORIENTED_EDGE ( 'NONE', *, *, #4169, .F. ) ;
#624 = UNCERTAINTY_MEASURE_WITH_UNIT (LENGTH_MEASURE( 1.000000000000000082E-05 ), #4624, 'distance_accuracy_value', 'NONE');
#625 = SURFACE_STYLE_FILL_AREA ( #1897 ) ;
#626 = SHAPE_REPRESENTATION ( 'User Library-16VQFN3x3', ( #3994, #3909 ), #3006 ) ;
#627 = FILL_AREA_STYLE ('',( #3837 ) ) ;
#628 = COLOUR_RGB ( '',1.000000000000000000, 0.8156862745098039102, 0.02745098039215686236 ) ;
#629 = PRESENTATION_LAYER_ASSIGNMENT (  '', '', ( #4372 ) ) ;
#630 = SURFACE_STYLE_USAGE ( .BOTH. , #2517 ) ;
#631 = VERTEX_POINT ( 'NONE', #1499 ) ;
#632 = AXIS2_PLACEMENT_3D ( 'NONE', #452, #1658, #622 ) ;
#633 = ORIENTED_EDGE ( 'NONE', *, *, #2248, .F. ) ;
#634 = LINE ( 'NONE', #3068, #1085 ) ;
#635 =( NAMED_UNIT ( * ) SI_UNIT ( $, .STERADIAN. ) SOLID_ANGLE_UNIT ( ) );
#636 = EDGE_CURVE ( 'NONE', #3550, #1829, #4942, .T. ) ;
#637 = COLOUR_RGB ( '',1.000000000000000000, 0.8156862745098039102, 0.02745098039215686236 ) ;
#638 = AXIS2_PLACEMENT_3D ( 'NONE', #3903, #1587, #1558 ) ;
#639 =( GEOMETRIC_REPRESENTATION_CONTEXT ( 3 ) GLOBAL_UNCERTAINTY_ASSIGNED_CONTEXT ( ( #2275 ) ) GLOBAL_UNIT_ASSIGNED_CONTEXT ( ( #20, #2368, #3545 ) ) REPRESENTATION_CONTEXT ( 'NONE', 'WORKASPACE' ) );
#640 = UNCERTAINTY_MEASURE_WITH_UNIT (LENGTH_MEASURE( 1.000000000000000082E-05 ), #4071, 'distance_accuracy_value', 'NONE');
#641 = SURFACE_STYLE_FILL_AREA ( #218 ) ;
#642 = CARTESIAN_POINT ( 'NONE',  ( 1.510000000000000009, -0.6300000000000000044, 0.0000000000000000000 ) ) ;
#643 = CIRCLE ( 'NONE', #2055, 0.1199999999999999956 ) ;
#644 = VECTOR ( 'NONE', #2117, 1000.000000000000000 ) ;
#645 = FACE_OUTER_BOUND ( 'NONE', #1233, .T. ) ;
#646 = CARTESIAN_POINT ( 'NONE',  ( -1.219999999999999973, 0.1300000000000000044, 0.0000000000000000000 ) ) ;
#647 = FILL_AREA_STYLE_COLOUR ( '', #2215 ) ;
#648 = ORIENTED_EDGE ( 'NONE', *, *, #3746, .T. ) ;
#649 = VECTOR ( 'NONE', #597, 1000.000000000000000 ) ;
#650 = FILL_AREA_STYLE ('',( #3055 ) ) ;
#651 = SURFACE_STYLE_USAGE ( .BOTH. , #1408 ) ;
#652 = CARTESIAN_POINT ( 'NONE',  ( 0.0000000000000000000, -1.500000000000000000, 0.9499999999999999556 ) ) ;
#653 =( GEOMETRIC_REPRESENTATION_CONTEXT ( 3 ) GLOBAL_UNCERTAINTY_ASSIGNED_CONTEXT ( ( #2530 ) ) GLOBAL_UNIT_ASSIGNED_CONTEXT ( ( #11, #1022, #498 ) ) REPRESENTATION_CONTEXT ( 'NONE', 'WORKASPACE' ) );
#654 = ORIENTED_EDGE ( 'NONE', *, *, #1468, .F. ) ;
#655 = CYLINDRICAL_SURFACE ( 'NONE', #3574, 0.1199999999999999956 ) ;
#656 =( GEOMETRIC_REPRESENTATION_CONTEXT ( 3 ) GLOBAL_UNCERTAINTY_ASSIGNED_CONTEXT ( ( #3028 ) ) GLOBAL_UNIT_ASSIGNED_CONTEXT ( ( #3080, #4528, #1529 ) ) REPRESENTATION_CONTEXT ( 'NONE', 'WORKASPACE' ) );
#657 =( NAMED_UNIT ( * ) PLANE_ANGLE_UNIT ( ) SI_UNIT ( $, .RADIAN. ) );
#658 =( GEOMETRIC_REPRESENTATION_CONTEXT ( 3 ) GLOBAL_UNCERTAINTY_ASSIGNED_CONTEXT ( ( #2179 ) ) GLOBAL_UNIT_ASSIGNED_CONTEXT ( ( #4418, #4472, #4842 ) ) REPRESENTATION_CONTEXT ( 'NONE', 'WORKASPACE' ) );
#659 = VERTEX_POINT ( 'NONE', #3331 ) ;
#660 = EDGE_LOOP ( 'NONE', ( #2692, #1568 ) ) ;
#661 = CARTESIAN_POINT ( 'NONE',  ( 0.5900000000000000799, -0.8400000000000000799, 0.2500000000000000000 ) ) ;
#662 =( LENGTH_UNIT ( ) NAMED_UNIT ( * ) SI_UNIT ( .MILLI., .METRE. ) );
#663 = VECTOR ( 'NONE', #3320, 1000.000000000000000 ) ;
#664 = SURFACE_STYLE_FILL_AREA ( #4116 ) ;
#665 = EDGE_CURVE ( 'NONE', #3533, #349, #4887, .T. ) ;
#666 = LINE ( 'NONE', #1109, #1805 ) ;
#667 = VECTOR ( 'NONE', #416, 1000.000000000000000 ) ;
#668 = SURFACE_STYLE_FILL_AREA ( #1036 ) ;
#669 = DIRECTION ( 'NONE',  ( 0.0000000000000000000, 0.0000000000000000000, -1.000000000000000000 ) ) ;
#670 = EDGE_CURVE ( 'NONE', #4717, #3783, #4094, .T. ) ;
#671 = ORIENTED_EDGE ( 'NONE', *, *, #2552, .F. ) ;
#672 =( NAMED_UNIT ( * ) SI_UNIT ( $, .STERADIAN. ) SOLID_ANGLE_UNIT ( ) );
#673 = FILL_AREA_STYLE_COLOUR ( '', #869 ) ;
#674 = SURFACE_STYLE_FILL_AREA ( #3005 ) ;
#675 = DIRECTION ( 'NONE',  ( -0.0000000000000000000, -0.0000000000000000000, -1.000000000000000000 ) ) ;
#676 =( LENGTH_UNIT ( ) NAMED_UNIT ( * ) SI_UNIT ( .MILLI., .METRE. ) );
#677 = VERTEX_POINT ( 'NONE', #1061 ) ;
#678 = MECHANICAL_DESIGN_GEOMETRIC_PRESENTATION_REPRESENTATION (  '', ( #4185 ), #1920 ) ;
#679 = CARTESIAN_POINT ( 'NONE',  ( -1.099999999999999867, -0.2500000000000000000, 0.2500000000000000000 ) ) ;
#680 = DIRECTION ( 'NONE',  ( 1.000000000000000000, 0.0000000000000000000, 0.0000000000000000000 ) ) ;
#681 = LINE ( 'NONE', #3431, #1518 ) ;
#682 = CARTESIAN_POINT ( 'NONE',  ( 0.1300000000000000044, 1.219999999999999973, 0.0000000000000000000 ) ) ;
#683 = CARTESIAN_POINT ( 'NONE',  ( 1.219999999999999973, 0.3699999999999999956, 0.0000000000000000000 ) ) ;
#684 = ORIENTED_EDGE ( 'NONE', *, *, #4543, .T. ) ;
#685 = ORIENTED_EDGE ( 'NONE', *, *, #3328, .F. ) ;
#686 =( GEOMETRIC_REPRESENTATION_CONTEXT ( 3 ) GLOBAL_UNCERTAINTY_ASSIGNED_CONTEXT ( ( #913 ) ) GLOBAL_UNIT_ASSIGNED_CONTEXT ( ( #2724, #4969, #4167 ) ) REPRESENTATION_CONTEXT ( 'NONE', 'WORKASPACE' ) );
#687 = CARTESIAN_POINT ( 'NONE',  ( -0.3699999999999999400, 1.510000000000000009, 0.0000000000000000000 ) ) ;
#688 = AXIS2_PLACEMENT_3D ( 'NONE', #2213, #4636, #4582 ) ;
#689 = DIRECTION ( 'NONE',  ( 0.0000000000000000000, 1.000000000000000000, -0.0000000000000000000 ) ) ;
#690 =( GEOMETRIC_REPRESENTATION_CONTEXT ( 3 ) GLOBAL_UNCERTAINTY_ASSIGNED_CONTEXT ( ( #108 ) ) GLOBAL_UNIT_ASSIGNED_CONTEXT ( ( #2006, #4684, #4665 ) ) REPRESENTATION_CONTEXT ( 'NONE', 'WORKASPACE' ) );
#691 =( NAMED_UNIT ( * ) PLANE_ANGLE_UNIT ( ) SI_UNIT ( $, .RADIAN. ) );
#692 = ADVANCED_FACE ( 'NONE', ( #192 ), #2222, .F. ) ;
#693 = FILL_AREA_STYLE_COLOUR ( '', #1143 ) ;
#694 = AXIS2_PLACEMENT_3D ( 'NONE', #1890, #4926, #330 ) ;
#695 =( LENGTH_UNIT ( ) NAMED_UNIT ( * ) SI_UNIT ( .MILLI., .METRE. ) );
#696 = VERTEX_POINT ( 'NONE', #3411 ) ;
#697 = LINE ( 'NONE', #3756, #4846 ) ;
#698 = PRESENTATION_LAYER_ASSIGNMENT (  '', '', ( #2585 ) ) ;
#699 = EDGE_CURVE ( 'NONE', #4271, #208, #3796, .T. ) ;
#700 = CLOSED_SHELL ( 'NONE', ( #176, #4749, #190, #2315, #1142, #605 ) ) ;
#701 = CARTESIAN_POINT ( 'NONE',  ( -0.3699999999999999956, 1.510000000000000009, 0.0000000000000000000 ) ) ;
#702 =( NAMED_UNIT ( * ) SI_UNIT ( $, .STERADIAN. ) SOLID_ANGLE_UNIT ( ) );
#703 = DIRECTION ( 'NONE',  ( -0.0000000000000000000, -0.0000000000000000000, -1.000000000000000000 ) ) ;
#704 = ORIENTED_EDGE ( 'NONE', *, *, #775, .T. ) ;
#705 = PRESENTATION_STYLE_ASSIGNMENT (( #2660 ) ) ;
#706 = SURFACE_SIDE_STYLE ('',( #1799 ) ) ;
#707 = DIRECTION ( 'NONE',  ( -0.7071067811865474617, -0.7071067811865474617, 0.0000000000000000000 ) ) ;
#708 = ADVANCED_FACE ( 'NONE', ( #3777 ), #1833, .F. ) ;
#709 = PRESENTATION_STYLE_ASSIGNMENT (( #189 ) ) ;
#710 =( GEOMETRIC_REPRESENTATION_CONTEXT ( 3 ) GLOBAL_UNCERTAINTY_ASSIGNED_CONTEXT ( ( #1988 ) ) GLOBAL_UNIT_ASSIGNED_CONTEXT ( ( #3053, #2628, #2571 ) ) REPRESENTATION_CONTEXT ( 'NONE', 'WORKASPACE' ) );
#711 = FILL_AREA_STYLE_COLOUR ( '', #3098 ) ;
#712 = ORIENTED_EDGE ( 'NONE', *, *, #4133, .F. ) ;
#713 = EDGE_LOOP ( 'NONE', ( #232, #328, #606, #4090 ) ) ;
#714 = VECTOR ( 'NONE', #4730, 1000.000000000000000 ) ;
#715 =( LENGTH_UNIT ( ) NAMED_UNIT ( * ) SI_UNIT ( .MILLI., .METRE. ) );
#716 = SURFACE_STYLE_USAGE ( .BOTH. , #1058 ) ;
#717 = COLOUR_RGB ( '',0.9411764705882352811, 0.9411764705882352811, 0.9411764705882352811 ) ;
#718 = SURFACE_SIDE_STYLE ('',( #2015 ) ) ;
#719 = LINE ( 'NONE', #4568, #142 ) ;
#720 = AXIS2_PLACEMENT_3D ( 'NONE', #493, #3536, #5094 ) ;
#721 = COLOUR_RGB ( '',1.000000000000000000, 0.8156862745098039102, 0.02745098039215686236 ) ;
#722 = CARTESIAN_POINT ( 'NONE',  ( 1.219999999999999973, -0.2500000000000000000, 0.2500000000000000000 ) ) ;
#723 =( NAMED_UNIT ( * ) PLANE_ANGLE_UNIT ( ) SI_UNIT ( $, .RADIAN. ) );
#724 = MECHANICAL_DESIGN_GEOMETRIC_PRESENTATION_REPRESENTATION (  '', ( #3598 ), #215 ) ;
#725 = PLANE ( 'NONE',  #3095 ) ;
#726 = ORIENTED_EDGE ( 'NONE', *, *, #4958, .F. ) ;
#727 = EDGE_CURVE ( 'NONE', #163, #221, #4697, .T. ) ;
#728 = PRESENTATION_STYLE_ASSIGNMENT (( #1912 ) ) ;
#729 =( GEOMETRIC_REPRESENTATION_CONTEXT ( 3 ) GLOBAL_UNCERTAINTY_ASSIGNED_CONTEXT ( ( #3860 ) ) GLOBAL_UNIT_ASSIGNED_CONTEXT ( ( #1787, #2570, #614 ) ) REPRESENTATION_CONTEXT ( 'NONE', 'WORKASPACE' ) );
#730 = DIRECTION ( 'NONE',  ( 1.000000000000000000, 0.0000000000000000000, 0.0000000000000000000 ) ) ;
#731 = CARTESIAN_POINT ( 'NONE',  ( 0.8400000000000000799, -0.5900000000000000799, 0.0000000000000000000 ) ) ;
#732 = DIRECTION ( 'NONE',  ( -1.000000000000000000, -0.0000000000000000000, -0.0000000000000000000 ) ) ;
#733 = VERTEX_POINT ( 'NONE', #1544 ) ;
#734 = AXIS2_PLACEMENT_3D ( 'NONE', #3806, #1072, #4980 ) ;
#735 = ADVANCED_FACE ( 'NONE', ( #801 ), #21, .F. ) ;
#736 = PRESENTATION_STYLE_ASSIGNMENT (( #1123 ) ) ;
#737 = UNCERTAINTY_MEASURE_WITH_UNIT (LENGTH_MEASURE( 1.000000000000000082E-05 ), #64, 'distance_accuracy_value', 'NONE');
#738 = CARTESIAN_POINT ( 'NONE',  ( 0.8400000000000000799, -0.5900000000000000799, 0.0000000000000000000 ) ) ;
#739 =( NAMED_UNIT ( * ) SI_UNIT ( $, .STERADIAN. ) SOLID_ANGLE_UNIT ( ) );
#740 =( GEOMETRIC_REPRESENTATION_CONTEXT ( 3 ) GLOBAL_UNCERTAINTY_ASSIGNED_CONTEXT ( ( #1764 ) ) GLOBAL_UNIT_ASSIGNED_CONTEXT ( ( #1337, #3083, #702 ) ) REPRESENTATION_CONTEXT ( 'NONE', 'WORKASPACE' ) );
#741 = VECTOR ( 'NONE', #2477, 1000.000000000000000 ) ;
#742 = DIRECTION ( 'NONE',  ( 0.0000000000000000000, -0.0000000000000000000, -1.000000000000000000 ) ) ;
#743 = ORIENTED_EDGE ( 'NONE', *, *, #1779, .F. ) ;
#744 = ORIENTED_EDGE ( 'NONE', *, *, #2097, .T. ) ;
#745 = AXIS2_PLACEMENT_3D ( 'NONE', #63, #1279, #4249 ) ;
#746 = FACE_OUTER_BOUND ( 'NONE', #4536, .T. ) ;
#747 = FILL_AREA_STYLE_COLOUR ( '', #4040 ) ;
#748 = DIRECTION ( 'NONE',  ( 0.0000000000000000000, 0.0000000000000000000, 1.000000000000000000 ) ) ;
#749 = SURFACE_STYLE_FILL_AREA ( #5045 ) ;
#750 = AXIS2_PLACEMENT_3D ( 'NONE', #1599, #1161, #2799 ) ;
#751 = DIRECTION ( 'NONE',  ( -0.0000000000000000000, -0.0000000000000000000, -1.000000000000000000 ) ) ;
#752 =( GEOMETRIC_REPRESENTATION_CONTEXT ( 3 ) GLOBAL_UNCERTAINTY_ASSIGNED_CONTEXT ( ( #4558 ) ) GLOBAL_UNIT_ASSIGNED_CONTEXT ( ( #3430, #1514, #3062 ) ) REPRESENTATION_CONTEXT ( 'NONE', 'WORKASPACE' ) );
#753 = ORIENTED_EDGE ( 'NONE', *, *, #3200, .T. ) ;
#754 = CARTESIAN_POINT ( 'NONE',  ( -1.219999999999999973, -0.3699999999999999956, 0.0000000000000000000 ) ) ;
#755 = DIRECTION ( 'NONE',  ( -0.0000000000000000000, -1.000000000000000000, -0.0000000000000000000 ) ) ;
#756 = CARTESIAN_POINT ( 'NONE',  ( 0.8400000000000000799, -0.5900000000000000799, 0.0000000000000000000 ) ) ;
#757 = SURFACE_SIDE_STYLE ('',( #2711 ) ) ;
#758 = EDGE_LOOP ( 'NONE', ( #766, #3496, #1017, #2077 ) ) ;
#759 = CARTESIAN_POINT ( 'NONE',  ( -1.500000000000000000, -1.500000000000000000, 0.05000000000000001665 ) ) ;
#760 = CARTESIAN_POINT ( 'NONE',  ( -1.219999999999999973, -0.3699999999999999956, 0.2500000000000000000 ) ) ;
#761 = DIRECTION ( 'NONE',  ( 0.0000000000000000000, 0.0000000000000000000, 1.000000000000000000 ) ) ;
#762 = FILL_AREA_STYLE_COLOUR ( '', #3414 ) ;
#763 = DIRECTION ( 'NONE',  ( 0.0000000000000000000, -0.0000000000000000000, 1.000000000000000000 ) ) ;
#764 = EDGE_CURVE ( 'NONE', #307, #4464, #5019, .T. ) ;
#765 = MECHANICAL_DESIGN_GEOMETRIC_PRESENTATION_REPRESENTATION (  '', ( #257 ), #3296 ) ;
#766 = ORIENTED_EDGE ( 'NONE', *, *, #1565, .T. ) ;
#767 = ORIENTED_EDGE ( 'NONE', *, *, #1274, .F. ) ;
#768 =( NAMED_UNIT ( * ) SI_UNIT ( $, .STERADIAN. ) SOLID_ANGLE_UNIT ( ) );
#769 = FILL_AREA_STYLE_COLOUR ( '', #264 ) ;
#770 = EDGE_CURVE ( 'NONE', #4550, #3940, #2370, .T. ) ;
#771 = CARTESIAN_POINT ( 'NONE',  ( 1.510000000000000009, 0.8699999999999999956, 0.2500000000000000000 ) ) ;
#772 =( GEOMETRIC_REPRESENTATION_CONTEXT ( 3 ) GLOBAL_UNCERTAINTY_ASSIGNED_CONTEXT ( ( #2546 ) ) GLOBAL_UNIT_ASSIGNED_CONTEXT ( ( #662, #4238, #448 ) ) REPRESENTATION_CONTEXT ( 'NONE', 'WORKASPACE' ) );
#773 = SURFACE_STYLE_USAGE ( .BOTH. , #1165 ) ;
#774 = CARTESIAN_POINT ( 'NONE',  ( -0.3699999999999999956, 1.219999999999999973, 0.0000000000000000000 ) ) ;
#775 = EDGE_CURVE ( 'NONE', #870, #2896, #3467, .T. ) ;
#776 = DIRECTION ( 'NONE',  ( -0.0000000000000000000, -0.0000000000000000000, -1.000000000000000000 ) ) ;
#777 = LINE ( 'NONE', #3523, #714 ) ;
#778 =( NAMED_UNIT ( * ) SI_UNIT ( $, .STERADIAN. ) SOLID_ANGLE_UNIT ( ) );
#779 = ORIENTED_EDGE ( 'NONE', *, *, #1998, .T. ) ;
#780 = LINE ( 'NONE', #3577, #14 ) ;
#781 =( LENGTH_UNIT ( ) NAMED_UNIT ( * ) SI_UNIT ( .MILLI., .METRE. ) );
#782 =( NAMED_UNIT ( * ) SI_UNIT ( $, .STERADIAN. ) SOLID_ANGLE_UNIT ( ) );
#783 = STYLED_ITEM ( 'NONE', ( #3369 ), #4338 ) ;
#784 = CARTESIAN_POINT ( 'NONE',  ( 1.510000000000000009, 0.8699999999999999956, 0.0000000000000000000 ) ) ;
#785 = VERTEX_POINT ( 'NONE', #2773 ) ;
#786 = CARTESIAN_POINT ( 'NONE',  ( 1.219999999999999973, -0.2500000000000000000, 0.0000000000000000000 ) ) ;
#787 = STYLED_ITEM ( 'NONE', ( #3955 ), #211 ) ;
#788 = LINE ( 'NONE', #1533, #2070 ) ;
#789 = STYLED_ITEM ( 'NONE', ( #2830 ), #4535 ) ;
#790 = CARTESIAN_POINT ( 'NONE',  ( 0.3699999999999999956, 1.510000000000000009, 0.0000000000000000000 ) ) ;
#791 = DIRECTION ( 'NONE',  ( -0.0000000000000000000, -0.0000000000000000000, -1.000000000000000000 ) ) ;
#792 =( LENGTH_UNIT ( ) NAMED_UNIT ( * ) SI_UNIT ( .MILLI., .METRE. ) );
#793 = PLANE ( 'NONE',  #4814 ) ;
#794 = STYLED_ITEM ( 'NONE', ( #2354 ), #274 ) ;
#795 = EDGE_LOOP ( 'NONE', ( #4348, #2336, #5101, #4375, #2178 ) ) ;
#796 = ORIENTED_EDGE ( 'NONE', *, *, #3358, .F. ) ;
#797 = UNCERTAINTY_MEASURE_WITH_UNIT (LENGTH_MEASURE( 1.000000000000000082E-05 ), #2342, 'distance_accuracy_value', 'NONE');
#798 = SURFACE_STYLE_USAGE ( .BOTH. , #4279 ) ;
#799 = VECTOR ( 'NONE', #2502, 1000.000000000000000 ) ;
#800 =( GEOMETRIC_REPRESENTATION_CONTEXT ( 3 ) GLOBAL_UNCERTAINTY_ASSIGNED_CONTEXT ( ( #4944 ) ) GLOBAL_UNIT_ASSIGNED_CONTEXT ( ( #388, #1617, #469 ) ) REPRESENTATION_CONTEXT ( 'NONE', 'WORKASPACE' ) );
#801 = FACE_OUTER_BOUND ( 'NONE', #3324, .T. ) ;
#802 = ADVANCED_FACE ( 'NONE', ( #1577 ), #1164, .T. ) ;
#803 = CARTESIAN_POINT ( 'NONE',  ( 1.510000000000000009, -0.8699999999999999956, 0.0000000000000000000 ) ) ;
#804 = VECTOR ( 'NONE', #1220, 1000.000000000000000 ) ;
#805 =( NAMED_UNIT ( * ) SI_UNIT ( $, .STERADIAN. ) SOLID_ANGLE_UNIT ( ) );
#806 = PRESENTATION_STYLE_ASSIGNMENT (( #4242 ) ) ;
#807 = VERTEX_POINT ( 'NONE', #771 ) ;
#808 = CIRCLE ( 'NONE', #4628, 0.1199999999999999956 ) ;
#809 = EDGE_CURVE ( 'NONE', #2292, #505, #3373, .T. ) ;
#810 = SURFACE_STYLE_USAGE ( .BOTH. , #434 ) ;
#811 = MECHANICAL_DESIGN_GEOMETRIC_PRESENTATION_REPRESENTATION (  '', ( #1722 ), #3675 ) ;
#812 = SURFACE_STYLE_USAGE ( .BOTH. , #4294 ) ;
#813 = ORIENTED_EDGE ( 'NONE', *, *, #3104, .F. ) ;
#814 = PRESENTATION_LAYER_ASSIGNMENT (  '', '', ( #4979 ) ) ;
#815 = SURFACE_STYLE_USAGE ( .BOTH. , #3188 ) ;
#816 = CARTESIAN_POINT ( 'NONE',  ( -0.1300000000000000044, -1.510000000000000009, 0.0000000000000000000 ) ) ;
#817 = PLANE ( 'NONE',  #908 ) ;
#818 = AXIS2_PLACEMENT_3D ( 'NONE', #4935, #3792, #1850 ) ;
#819 = COLOUR_RGB ( '',1.000000000000000000, 0.8156862745098039102, 0.02745098039215686236 ) ;
#820 = ORIENTED_EDGE ( 'NONE', *, *, #1395, .T. ) ;
#821 = SURFACE_STYLE_FILL_AREA ( #5071 ) ;
#822 = PRESENTATION_LAYER_ASSIGNMENT (  '', '', ( #145 ) ) ;
#823 = SURFACE_STYLE_USAGE ( .BOTH. , #4770 ) ;
#824 = STYLED_ITEM ( 'NONE', ( #1914 ), #2647 ) ;
#825 = COLOUR_RGB ( '',1.000000000000000000, 0.8156862745098039102, 0.02745098039215686236 ) ;
#826 = MECHANICAL_DESIGN_GEOMETRIC_PRESENTATION_REPRESENTATION (  '', ( #4321 ), #4491 ) ;
#827 = DIRECTION ( 'NONE',  ( -1.000000000000000000, 0.0000000000000000000, 0.0000000000000000000 ) ) ;
#828 = EDGE_CURVE ( 'NONE', #516, #1027, #4221, .T. ) ;
#829 = FILL_AREA_STYLE ('',( #4287 ) ) ;
#830 = LINE ( 'NONE', #4839, #2126 ) ;
#831 = MECHANICAL_DESIGN_GEOMETRIC_PRESENTATION_REPRESENTATION (  '', ( #4089 ), #4495 ) ;
#832 = ORIENTED_EDGE ( 'NONE', *, *, #3624, .T. ) ;
#833 = MECHANICAL_DESIGN_GEOMETRIC_PRESENTATION_REPRESENTATION (  '', ( #2320 ), #1995 ) ;
#834 = FILL_AREA_STYLE ('',( #1174 ) ) ;
#835 = EDGE_CURVE ( 'NONE', #584, #2292, #2877, .T. ) ;
#836 = DIRECTION ( 'NONE',  ( 1.000000000000000000, 0.0000000000000000000, 0.0000000000000000000 ) ) ;
#837 = ORIENTED_EDGE ( 'NONE', *, *, #508, .F. ) ;
#838 = CYLINDRICAL_SURFACE ( 'NONE', #363, 0.1200000000000000927 ) ;
#839 = SHAPE_DEFINITION_REPRESENTATION ( #3965, #626 ) ;
#840 = SURFACE_STYLE_USAGE ( .BOTH. , #2817 ) ;
#841 = PRESENTATION_STYLE_ASSIGNMENT (( #4328 ) ) ;
#842 = ORIENTED_EDGE ( 'NONE', *, *, #3566, .F. ) ;
#843 = PLANE ( 'NONE',  #3150 ) ;
#844 = UNCERTAINTY_MEASURE_WITH_UNIT (LENGTH_MEASURE( 1.000000000000000082E-05 ), #4615, 'distance_accuracy_value', 'NONE');
#845 = LINE ( 'NONE', #2723, #3782 ) ;
#846 = DIRECTION ( 'NONE',  ( 0.0000000000000000000, -1.000000000000000000, 0.0000000000000000000 ) ) ;
#847 = SURFACE_SIDE_STYLE ('',( #2801 ) ) ;
#848 = SURFACE_STYLE_FILL_AREA ( #4306 ) ;
#849 = FILL_AREA_STYLE ('',( #2850 ) ) ;
#850 = DIRECTION ( 'NONE',  ( -1.000000000000000000, 0.0000000000000000000, -0.0000000000000000000 ) ) ;
#851 = DIRECTION ( 'NONE',  ( -1.000000000000000000, 0.0000000000000000000, -0.0000000000000000000 ) ) ;
#852 = SURFACE_STYLE_FILL_AREA ( #4339 ) ;
#853 = PLANE ( 'NONE',  #2531 ) ;
#854 = ORIENTED_EDGE ( 'NONE', *, *, #2090, .T. ) ;
#855 = ADVANCED_FACE ( 'NONE', ( #3245 ), #478, .F. ) ;
#856 = FILL_AREA_STYLE_COLOUR ( '', #3887 ) ;
#857 = CARTESIAN_POINT ( 'NONE',  ( 0.0000000000000000000, 0.0000000000000000000, 0.0000000000000000000 ) ) ;
#858 = FILL_AREA_STYLE ('',( #3503 ) ) ;
#859 = COLOUR_RGB ( '',1.000000000000000000, 0.8156862745098039102, 0.02745098039215686236 ) ;
#860 = PLANE ( 'NONE',  #4382 ) ;
#861 = ORIENTED_EDGE ( 'NONE', *, *, #4888, .T. ) ;
#862 = DIRECTION ( 'NONE',  ( 0.0000000000000000000, 0.0000000000000000000, 1.000000000000000000 ) ) ;
#863 = PRESENTATION_STYLE_ASSIGNMENT (( #815 ) ) ;
#864 = ADVANCED_FACE ( 'NONE', ( #52 ), #2115, .F. ) ;
#865 = DIRECTION ( 'NONE',  ( 1.000000000000000000, 0.0000000000000000000, 0.0000000000000000000 ) ) ;
#866 = PRESENTATION_STYLE_ASSIGNMENT (( #3562 ) ) ;
#867 = PRESENTATION_STYLE_ASSIGNMENT (( #4330 ) ) ;
#868 = ORIENTED_EDGE ( 'NONE', *, *, #2429, .F. ) ;
#869 = COLOUR_RGB ( '',1.000000000000000000, 0.8156862745098039102, 0.02745098039215686236 ) ;
#870 = VERTEX_POINT ( 'NONE', #4126 ) ;
#871 = CARTESIAN_POINT ( 'NONE',  ( 1.510000000000000009, 0.3699999999999999956, 0.2500000000000000000 ) ) ;
#872 = EDGE_CURVE ( 'NONE', #3576, #2389, #3640, .T. ) ;
#873 = ORIENTED_EDGE ( 'NONE', *, *, #4133, .T. ) ;
#874 = DIRECTION ( 'NONE',  ( 0.0000000000000000000, 1.000000000000000000, 0.0000000000000000000 ) ) ;
#875 = FILL_AREA_STYLE ('',( #1345 ) ) ;
#876 = STYLED_ITEM ( 'NONE', ( #4119 ), #4592 ) ;
#877 =( LENGTH_UNIT ( ) NAMED_UNIT ( * ) SI_UNIT ( .MILLI., .METRE. ) );
#878 = AXIS2_PLACEMENT_3D ( 'NONE', #1063, #269, #2975 ) ;
#879 =( GEOMETRIC_REPRESENTATION_CONTEXT ( 3 ) GLOBAL_UNCERTAINTY_ASSIGNED_CONTEXT ( ( #423 ) ) GLOBAL_UNIT_ASSIGNED_CONTEXT ( ( #542, #1304, #2478 ) ) REPRESENTATION_CONTEXT ( 'NONE', 'WORKASPACE' ) );
#880 = DIRECTION ( 'NONE',  ( -0.0000000000000000000, -1.000000000000000000, -0.0000000000000000000 ) ) ;
#881 = AXIS2_PLACEMENT_3D ( 'NONE', #2806, #936, #851 ) ;
#882 = DIRECTION ( 'NONE',  ( 0.0000000000000000000, 0.0000000000000000000, -1.000000000000000000 ) ) ;
#883 = CARTESIAN_POINT ( 'NONE',  ( 0.0000000000000000000, 0.3699999999999999956, 0.0000000000000000000 ) ) ;
#884 = STYLED_ITEM ( 'NONE', ( #1945 ), #1060 ) ;
#885 = SURFACE_STYLE_USAGE ( .BOTH. , #1975 ) ;
#886 = VERTEX_POINT ( 'NONE', #2491 ) ;
#887 =( NAMED_UNIT ( * ) PLANE_ANGLE_UNIT ( ) SI_UNIT ( $, .RADIAN. ) );
#888 = PRODUCT_CONTEXT ( 'NONE', #3888, 'mechanical' ) ;
#889 = FILL_AREA_STYLE_COLOUR ( '', #2424 ) ;
#890 = CIRCLE ( 'NONE', #4885, 0.1199999999999999956 ) ;
#891 = COLOUR_RGB ( '',1.000000000000000000, 0.8156862745098039102, 0.02745098039215686236 ) ;
#892 = DIRECTION ( 'NONE',  ( 1.000000000000000000, 0.0000000000000000000, 0.0000000000000000000 ) ) ;
#893 =( NAMED_UNIT ( * ) PLANE_ANGLE_UNIT ( ) SI_UNIT ( $, .RADIAN. ) );
#894 = EDGE_CURVE ( 'NONE', #505, #1985, #4042, .T. ) ;
#895 = VERTEX_POINT ( 'NONE', #231 ) ;
#896 = UNCERTAINTY_MEASURE_WITH_UNIT (LENGTH_MEASURE( 1.000000000000000082E-05 ), #4509, 'distance_accuracy_value', 'NONE');
#897 = DIRECTION ( 'NONE',  ( -0.0000000000000000000, -0.0000000000000000000, 1.000000000000000000 ) ) ;
#898 = UNCERTAINTY_MEASURE_WITH_UNIT (LENGTH_MEASURE( 1.000000000000000082E-05 ), #2529, 'distance_accuracy_value', 'NONE');
#899 = DIRECTION ( 'NONE',  ( 0.0000000000000000000, -0.0000000000000000000, 1.000000000000000000 ) ) ;
#900 = CARTESIAN_POINT ( 'NONE',  ( -0.1300000000000000044, 1.510000000000000009, 0.0000000000000000000 ) ) ;
#901 = CIRCLE ( 'NONE', #1553, 0.1200000000000000927 ) ;
#902 =( NAMED_UNIT ( * ) SI_UNIT ( $, .STERADIAN. ) SOLID_ANGLE_UNIT ( ) );
#903 = SURFACE_SIDE_STYLE ('',( #51 ) ) ;
#904 = EDGE_CURVE ( 'NONE', #2002, #1481, #4982, .T. ) ;
#905 = ORIENTED_EDGE ( 'NONE', *, *, #3443, .T. ) ;
#906 = CARTESIAN_POINT ( 'NONE',  ( -1.510000000000000009, 0.1300000000000000044, 0.0000000000000000000 ) ) ;
#907 = COLOUR_RGB ( '',1.000000000000000000, 0.8156862745098039102, 0.02745098039215686236 ) ;
#908 = AXIS2_PLACEMENT_3D ( 'NONE', #2158, #1767, #550 ) ;
#909 = FACE_OUTER_BOUND ( 'NONE', #256, .T. ) ;
#910 = CARTESIAN_POINT ( 'NONE',  ( -1.510000000000000009, 0.3699999999999999400, 0.0000000000000000000 ) ) ;
#911 = STYLED_ITEM ( 'NONE', ( #3007 ), #2456 ) ;
#912 =( GEOMETRIC_REPRESENTATION_CONTEXT ( 3 ) GLOBAL_UNCERTAINTY_ASSIGNED_CONTEXT ( ( #3459 ) ) GLOBAL_UNIT_ASSIGNED_CONTEXT ( ( #1794, #1117, #2280 ) ) REPRESENTATION_CONTEXT ( 'NONE', 'WORKASPACE' ) );
#913 = UNCERTAINTY_MEASURE_WITH_UNIT (LENGTH_MEASURE( 1.000000000000000082E-05 ), #2724, 'distance_accuracy_value', 'NONE');
#914 = PRESENTATION_LAYER_ASSIGNMENT (  '', '', ( #1816 ) ) ;
#915 = DIRECTION ( 'NONE',  ( 0.0000000000000000000, 0.0000000000000000000, -1.000000000000000000 ) ) ;
#916 = DIRECTION ( 'NONE',  ( -0.0000000000000000000, -0.0000000000000000000, -1.000000000000000000 ) ) ;
#917 = VECTOR ( 'NONE', #4946, 1000.000000000000000 ) ;
#918 = DIRECTION ( 'NONE',  ( 0.0000000000000000000, 0.0000000000000000000, 1.000000000000000000 ) ) ;
#919 = ORIENTED_EDGE ( 'NONE', *, *, #872, .T. ) ;
#920 = DIRECTION ( 'NONE',  ( 1.000000000000000000, 0.0000000000000000000, 0.0000000000000000000 ) ) ;
#921 = PRESENTATION_LAYER_ASSIGNMENT (  '', '', ( #2473 ) ) ;
#922 = DIRECTION ( 'NONE',  ( 0.0000000000000000000, 0.0000000000000000000, -1.000000000000000000 ) ) ;
#923 = FILL_AREA_STYLE_COLOUR ( '', #3750 ) ;
#924 = DIRECTION ( 'NONE',  ( -0.0000000000000000000, -1.000000000000000000, -0.0000000000000000000 ) ) ;
#925 = PLANE ( 'NONE',  #2060 ) ;
#926 = PRESENTATION_LAYER_ASSIGNMENT (  '', '', ( #1168 ) ) ;
#927 = ORIENTED_EDGE ( 'NONE', *, *, #1773, .T. ) ;
#928 = LINE ( 'NONE', #4829, #4738 ) ;
#929 = PLANE ( 'NONE',  #688 ) ;
#930 = EDGE_CURVE ( 'NONE', #4765, #5014, #2638, .T. ) ;
#931 = SURFACE_STYLE_FILL_AREA ( #4803 ) ;
#932 =( LENGTH_UNIT ( ) NAMED_UNIT ( * ) SI_UNIT ( .MILLI., .METRE. ) );
#933 = EDGE_LOOP ( 'NONE', ( #438, #2639, #616, #4883, #648 ) ) ;
#934 = CARTESIAN_POINT ( 'NONE',  ( 0.6300000000000000044, 0.0000000000000000000, 0.0000000000000000000 ) ) ;
#935 = DIRECTION ( 'NONE',  ( 1.000000000000000000, 0.0000000000000000000, 0.0000000000000000000 ) ) ;
#936 = DIRECTION ( 'NONE',  ( 0.0000000000000000000, 0.0000000000000000000, -1.000000000000000000 ) ) ;
#937 = CARTESIAN_POINT ( 'NONE',  ( 1.510000000000000009, -0.6300000000000000044, 0.2500000000000000000 ) ) ;
#938 = COLOUR_RGB ( '',1.000000000000000000, 0.8156862745098039102, 0.02745098039215686236 ) ;
#939 = EDGE_CURVE ( 'NONE', #349, #3576, #1710, .T. ) ;
#940 = PRESENTATION_STYLE_ASSIGNMENT (( #4419 ) ) ;
#941 = FILL_AREA_STYLE_COLOUR ( '', #4784 ) ;
#942 = VERTEX_POINT ( 'NONE', #3008 ) ;
#943 = PRESENTATION_LAYER_ASSIGNMENT (  '', '', ( #4268 ) ) ;
#944 = SURFACE_STYLE_FILL_AREA ( #2836 ) ;
#945 = PRESENTATION_STYLE_ASSIGNMENT (( #4479 ) ) ;
#946 = ORIENTED_EDGE ( 'NONE', *, *, #1395, .F. ) ;
#947 = DIRECTION ( 'NONE',  ( -0.0000000000000000000, 1.000000000000000000, 0.0000000000000000000 ) ) ;
#948 = UNCERTAINTY_MEASURE_WITH_UNIT (LENGTH_MEASURE( 1.000000000000000082E-05 ), #523, 'distance_accuracy_value', 'NONE');
#949 = PRESENTATION_LAYER_ASSIGNMENT (  '', '', ( #2667 ) ) ;
#950 = DIRECTION ( 'NONE',  ( 0.0000000000000000000, -0.0000000000000000000, -1.000000000000000000 ) ) ;
#951 =( NAMED_UNIT ( * ) SI_UNIT ( $, .STERADIAN. ) SOLID_ANGLE_UNIT ( ) );
#952 = VERTEX_POINT ( 'NONE', #4555 ) ;
#953 = PRODUCT_DEFINITION ( 'UNKNOWN', '', #1228, #1166 ) ;
#954 = ORIENTED_EDGE ( 'NONE', *, *, #1118, .T. ) ;
#955 = CARTESIAN_POINT ( 'NONE',  ( -0.6300000000000000044, -1.510000000000000009, 0.2500000000000000000 ) ) ;
#956 = VECTOR ( 'NONE', #4604, 1000.000000000000000 ) ;
#957 = FACE_OUTER_BOUND ( 'NONE', #2302, .T. ) ;
#958 = PRESENTATION_STYLE_ASSIGNMENT (( #2168 ) ) ;
#959 = UNCERTAINTY_MEASURE_WITH_UNIT (LENGTH_MEASURE( 1.000000000000000082E-05 ), #3480, 'distance_accuracy_value', 'NONE');
#960 = CARTESIAN_POINT ( 'NONE',  ( -1.219999999999999973, -0.8699999999999999956, 0.2500000000000000000 ) ) ;
#961 = VECTOR ( 'NONE', #2226, 1000.000000000000000 ) ;
#962 = MECHANICAL_DESIGN_GEOMETRIC_PRESENTATION_REPRESENTATION (  '', ( #1044 ), #4213 ) ;
#963 = LINE ( 'NONE', #4366, #1655 ) ;
#964 = SURFACE_SIDE_STYLE ('',( #4757 ) ) ;
#965 = ADVANCED_FACE ( 'NONE', ( #2309 ), #1530, .F. ) ;
#966 = ORIENTED_EDGE ( 'NONE', *, *, #1725, .F. ) ;
#967 = MECHANICAL_DESIGN_GEOMETRIC_PRESENTATION_REPRESENTATION (  '', ( #2596 ), #1539 ) ;
#968 = FILL_AREA_STYLE_COLOUR ( '', #3368 ) ;
#969 = LINE ( 'NONE', #2864, #3502 ) ;
#970 = MECHANICAL_DESIGN_GEOMETRIC_PRESENTATION_REPRESENTATION (  '', ( #3168 ), #4882 ) ;
#971 =( GEOMETRIC_REPRESENTATION_CONTEXT ( 3 ) GLOBAL_UNCERTAINTY_ASSIGNED_CONTEXT ( ( #2033 ) ) GLOBAL_UNIT_ASSIGNED_CONTEXT ( ( #1823, #4806, #2803 ) ) REPRESENTATION_CONTEXT ( 'NONE', 'WORKASPACE' ) );
#972 =( NAMED_UNIT ( * ) SI_UNIT ( $, .STERADIAN. ) SOLID_ANGLE_UNIT ( ) );
#973 = ORIENTED_EDGE ( 'NONE', *, *, #12, .F. ) ;
#974 = STYLED_ITEM ( 'NONE', ( #4323 ), #1142 ) ;
#975 =( LENGTH_UNIT ( ) NAMED_UNIT ( * ) SI_UNIT ( .MILLI., .METRE. ) );
#976 =( NAMED_UNIT ( * ) SI_UNIT ( $, .STERADIAN. ) SOLID_ANGLE_UNIT ( ) );
#977 = DIRECTION ( 'NONE',  ( 0.0000000000000000000, -0.0000000000000000000, 1.000000000000000000 ) ) ;
#978 = AXIS2_PLACEMENT_3D ( 'NONE', #5082, #1582, #2017 ) ;
#979 = EDGE_LOOP ( 'NONE', ( #4079, #4821, #4067, #4907, #4744 ) ) ;
#980 = ORIENTED_EDGE ( 'NONE', *, *, #1555, .T. ) ;
#981 = FILL_AREA_STYLE ('',( #2493 ) ) ;
#982 = FILL_AREA_STYLE_COLOUR ( '', #4704 ) ;
#983 = AXIS2_PLACEMENT_3D ( 'NONE', #683, #2665, #742 ) ;
#984 = DIRECTION ( 'NONE',  ( 0.0000000000000000000, -1.000000000000000000, 0.0000000000000000000 ) ) ;
#985 = PRESENTATION_STYLE_ASSIGNMENT (( #1325 ) ) ;
#986 = PRESENTATION_LAYER_ASSIGNMENT (  '', '', ( #4483 ) ) ;
#987 = DIRECTION ( 'NONE',  ( 1.000000000000000000, 0.0000000000000000000, 0.0000000000000000000 ) ) ;
#988 = AXIS2_PLACEMENT_3D ( 'NONE', #857, #3476, #5029 ) ;
#989 = EDGE_CURVE ( 'NONE', #3866, #2185, #1097, .T. ) ;
#990 = LINE ( 'NONE', #4893, #321 ) ;
#991 = CARTESIAN_POINT ( 'NONE',  ( -1.219999999999999973, -0.8699999999999999956, 0.0000000000000000000 ) ) ;
#992 =( GEOMETRIC_REPRESENTATION_CONTEXT ( 3 ) GLOBAL_UNCERTAINTY_ASSIGNED_CONTEXT ( ( #2631 ) ) GLOBAL_UNIT_ASSIGNED_CONTEXT ( ( #5, #4346, #1586 ) ) REPRESENTATION_CONTEXT ( 'NONE', 'WORKASPACE' ) );
#993 = ORIENTED_EDGE ( 'NONE', *, *, #5085, .T. ) ;
#994 = CARTESIAN_POINT ( 'NONE',  ( 0.6300000000000000044, 1.219999999999999973, 0.0000000000000000000 ) ) ;
#995 = SURFACE_STYLE_USAGE ( .BOTH. , #1717 ) ;
#996 = EDGE_CURVE ( 'NONE', #3318, #2265, #2658, .T. ) ;
#997 = CARTESIAN_POINT ( 'NONE',  ( -0.8400000000000000799, 0.8400000000000000799, 0.0000000000000000000 ) ) ;
#998 = MECHANICAL_DESIGN_GEOMETRIC_PRESENTATION_REPRESENTATION (  '', ( #1821 ), #658 ) ;
#999 = DIRECTION ( 'NONE',  ( -0.0000000000000000000, -0.0000000000000000000, -1.000000000000000000 ) ) ;
#1000 = DIRECTION ( 'NONE',  ( 1.000000000000000000, 0.0000000000000000000, 0.0000000000000000000 ) ) ;
#1001 = EDGE_LOOP ( 'NONE', ( #2563, #744, #1158, #2758 ) ) ;
#1002 = DIRECTION ( 'NONE',  ( 0.0000000000000000000, -0.0000000000000000000, -1.000000000000000000 ) ) ;
#1003 = COLOUR_RGB ( '',1.000000000000000000, 0.8156862745098039102, 0.02745098039215686236 ) ;
#1004 = FILL_AREA_STYLE_COLOUR ( '', #3539 ) ;
#1005 =( NAMED_UNIT ( * ) SI_UNIT ( $, .STERADIAN. ) SOLID_ANGLE_UNIT ( ) );
#1006 =( NAMED_UNIT ( * ) PLANE_ANGLE_UNIT ( ) SI_UNIT ( $, .RADIAN. ) );
#1007 = STYLED_ITEM ( 'NONE', ( #3400 ), #3337 ) ;
#1008 = FACE_OUTER_BOUND ( 'NONE', #4031, .T. ) ;
#1009 = EDGE_LOOP ( 'NONE', ( #2310, #1159, #4993, #3565 ) ) ;
#1010 = VERTEX_POINT ( 'NONE', #1845 ) ;
#1011 =( NAMED_UNIT ( * ) PLANE_ANGLE_UNIT ( ) SI_UNIT ( $, .RADIAN. ) );
#1012 = PLANE ( 'NONE',  #4538 ) ;
#1013 = FILL_AREA_STYLE ('',( #3049 ) ) ;
#1014 = SURFACE_STYLE_USAGE ( .BOTH. , #1446 ) ;
#1015 = FACE_OUTER_BOUND ( 'NONE', #4556, .T. ) ;
#1016 = AXIS2_PLACEMENT_3D ( 'NONE', #3628, #3231, #1378 ) ;
#1017 = ORIENTED_EDGE ( 'NONE', *, *, #1773, .F. ) ;
#1018 = EDGE_CURVE ( 'NONE', #1254, #1531, #279, .T. ) ;
#1019 = CARTESIAN_POINT ( 'NONE',  ( 0.0000000000000000000, 0.0000000000000000000, 0.0000000000000000000 ) ) ;
#1020 = APPLICATION_CONTEXT ( 'automotive_design' ) ;
#1021 =( NAMED_UNIT ( * ) PLANE_ANGLE_UNIT ( ) SI_UNIT ( $, .RADIAN. ) );
#1022 =( NAMED_UNIT ( * ) PLANE_ANGLE_UNIT ( ) SI_UNIT ( $, .RADIAN. ) );
#1023 = DIRECTION ( 'NONE',  ( -1.000000000000000000, -0.0000000000000000000, -0.0000000000000000000 ) ) ;
#1024 = ORIENTED_EDGE ( 'NONE', *, *, #541, .T. ) ;
#1025 = EDGE_CURVE ( 'NONE', #2540, #3374, #3426, .T. ) ;
#1026 = DIRECTION ( 'NONE',  ( -1.000000000000000000, 0.0000000000000000000, -0.0000000000000000000 ) ) ;
#1027 = VERTEX_POINT ( 'NONE', #2282 ) ;
#1028 = EDGE_CURVE ( 'NONE', #3230, #3541, #3874, .T. ) ;
#1029 = VERTEX_POINT ( 'NONE', #305 ) ;
#1030 = CARTESIAN_POINT ( 'NONE',  ( 1.219999999999999973, 0.1300000000000000044, 0.0000000000000000000 ) ) ;
#1031 = VECTOR ( 'NONE', #1593, 1000.000000000000000 ) ;
#1032 = CARTESIAN_POINT ( 'NONE',  ( 0.8699999999999999956, 0.0000000000000000000, 0.0000000000000000000 ) ) ;
#1033 = DIRECTION ( 'NONE',  ( 0.0000000000000000000, 0.0000000000000000000, -1.000000000000000000 ) ) ;
#1034 = COLOUR_RGB ( '',1.000000000000000000, 0.8156862745098039102, 0.02745098039215686236 ) ;
#1035 = AXIS2_PLACEMENT_3D ( 'NONE', #4364, #109, #987 ) ;
#1036 = FILL_AREA_STYLE ('',( #4170 ) ) ;
#1037 =( LENGTH_UNIT ( ) NAMED_UNIT ( * ) SI_UNIT ( .MILLI., .METRE. ) );
#1038 = SURFACE_STYLE_USAGE ( .BOTH. , #2650 ) ;
#1039 = PRESENTATION_STYLE_ASSIGNMENT (( #4593 ) ) ;
#1040 = FILL_AREA_STYLE ('',( #3826 ) ) ;
#1041 = EDGE_LOOP ( 'NONE', ( #4936, #4045, #2630, #966 ) ) ;
#1042 = VECTOR ( 'NONE', #3072, 1000.000000000000000 ) ;
#1043 = UNCERTAINTY_MEASURE_WITH_UNIT (LENGTH_MEASURE( 1.000000000000000082E-05 ), #2255, 'distance_accuracy_value', 'NONE');
#1044 = STYLED_ITEM ( 'NONE', ( #4573 ), #403 ) ;
#1045 = FILL_AREA_STYLE ('',( #1506 ) ) ;
#1046 = SURFACE_SIDE_STYLE ('',( #2983 ) ) ;
#1047 = DIRECTION ( 'NONE',  ( -0.0000000000000000000, -0.0000000000000000000, -1.000000000000000000 ) ) ;
#1048 = CIRCLE ( 'NONE', #1536, 0.1200000000000000927 ) ;
#1049 = FILL_AREA_STYLE ('',( #3060 ) ) ;
#1050 = ORIENTED_EDGE ( 'NONE', *, *, #1430, .T. ) ;
#1051 = UNCERTAINTY_MEASURE_WITH_UNIT (LENGTH_MEASURE( 1.000000000000000082E-05 ), #1399, 'distance_accuracy_value', 'NONE');
#1052 = VECTOR ( 'NONE', #1120, 1000.000000000000000 ) ;
#1053 = EDGE_CURVE ( 'NONE', #1418, #4036, #1895, .T. ) ;
#1055 = ORIENTED_EDGE ( 'NONE', *, *, #484, .T. ) ;
#1054 = PRESENTATION_LAYER_ASSIGNMENT (  '', '', ( #467 ) ) ;
#1056 =( GEOMETRIC_REPRESENTATION_CONTEXT ( 3 ) GLOBAL_UNCERTAINTY_ASSIGNED_CONTEXT ( ( #3963 ) ) GLOBAL_UNIT_ASSIGNED_CONTEXT ( ( #3669, #2064, #2966 ) ) REPRESENTATION_CONTEXT ( 'NONE', 'WORKASPACE' ) );
#1057 = EDGE_LOOP ( 'NONE', ( #4087, #210, #1077, #4383 ) ) ;
#1058 = SURFACE_SIDE_STYLE ('',( #1929 ) ) ;
#1059 = COLOUR_RGB ( '',1.000000000000000000, 0.8156862745098039102, 0.02745098039215686236 ) ;
#1060 = ADVANCED_FACE ( 'NONE', ( #4631 ), #2607, .T. ) ;
#1061 = CARTESIAN_POINT ( 'NONE',  ( -0.6300000000000000044, -1.219999999999999973, 0.2500000000000000000 ) ) ;
#1062 = STYLED_ITEM ( 'NONE', ( #940 ), #2066 ) ;
#1063 = CARTESIAN_POINT ( 'NONE',  ( 0.0000000000000000000, 0.0000000000000000000, 0.0000000000000000000 ) ) ;
#1064 = SURFACE_STYLE_USAGE ( .BOTH. , #3780 ) ;
#1065 = VECTOR ( 'NONE', #4964, 1000.000000000000000 ) ;
#1066 = AXIS2_PLACEMENT_3D ( 'NONE', #4168, #323, #1086 ) ;
#1067 = FILL_AREA_STYLE ('',( #3448 ) ) ;
#1068 = EDGE_LOOP ( 'NONE', ( #1830, #2483, #861, #2615 ) ) ;
#1069 = VECTOR ( 'NONE', #462, 1000.000000000000000 ) ;
#1070 =( NAMED_UNIT ( * ) PLANE_ANGLE_UNIT ( ) SI_UNIT ( $, .RADIAN. ) );
#1071 = DIRECTION ( 'NONE',  ( -0.0000000000000000000, -1.000000000000000000, -0.0000000000000000000 ) ) ;
#1072 = DIRECTION ( 'NONE',  ( 0.0000000000000000000, 0.0000000000000000000, 1.000000000000000000 ) ) ;
#1073 = VECTOR ( 'NONE', #4322, 1000.000000000000000 ) ;
#1074 = SURFACE_STYLE_USAGE ( .BOTH. , #303 ) ;
#1075 = STYLED_ITEM ( 'NONE', ( #4902 ), #1899 ) ;
#1076 = SURFACE_STYLE_FILL_AREA ( #1049 ) ;
#1077 = ORIENTED_EDGE ( 'NONE', *, *, #4997, .T. ) ;
#1078 = LINE ( 'NONE', #2241, #2989 ) ;
#1079 = CYLINDRICAL_SURFACE ( 'NONE', #2136, 0.1199999999999999956 ) ;
#1080 = VECTOR ( 'NONE', #4138, 1000.000000000000000 ) ;
#1081 = ORIENTED_EDGE ( 'NONE', *, *, #4801, .F. ) ;
#1082 = VERTEX_POINT ( 'NONE', #3953 ) ;
#1083 = PRESENTATION_STYLE_ASSIGNMENT (( #4183 ) ) ;
#1084 = EDGE_CURVE ( 'NONE', #208, #1769, #808, .T. ) ;
#1085 = VECTOR ( 'NONE', #4165, 1000.000000000000000 ) ;
#1086 = DIRECTION ( 'NONE',  ( 1.000000000000000000, 0.0000000000000000000, 0.0000000000000000000 ) ) ;
#1087 = MECHANICAL_DESIGN_GEOMETRIC_PRESENTATION_REPRESENTATION (  '', ( #1827 ), #752 ) ;
#1088 = EDGE_CURVE ( 'NONE', #4492, #1010, #1642, .T. ) ;
#1089 = SURFACE_STYLE_USAGE ( .BOTH. , #1401 ) ;
#1090 = CARTESIAN_POINT ( 'NONE',  ( 1.219999999999999973, 0.7500000000000000000, 0.2500000000000000000 ) ) ;
#1091 =( NAMED_UNIT ( * ) SI_UNIT ( $, .STERADIAN. ) SOLID_ANGLE_UNIT ( ) );
#1092 = PRESENTATION_STYLE_ASSIGNMENT (( #4549 ) ) ;
#1093 = ORIENTED_EDGE ( 'NONE', *, *, #3081, .F. ) ;
#1094 = ADVANCED_FACE ( 'NONE', ( #2833 ), #860, .F. ) ;
#1095 = FILL_AREA_STYLE ('',( #1818 ) ) ;
#1096 = CYLINDRICAL_SURFACE ( 'NONE', #4398, 0.1300000000000000044 ) ;
#1097 = LINE ( 'NONE', #3477, #2443 ) ;
#1098 = ORIENTED_EDGE ( 'NONE', *, *, #3884, .F. ) ;
#1099 = CARTESIAN_POINT ( 'NONE',  ( 1.500000000000000000, -1.500000000000000000, 0.05000000000000001665 ) ) ;
#1100 =( NAMED_UNIT ( * ) SI_UNIT ( $, .STERADIAN. ) SOLID_ANGLE_UNIT ( ) );
#1101 = PRESENTATION_LAYER_ASSIGNMENT (  '', '', ( #2012 ) ) ;
#1102 = ORIENTED_EDGE ( 'NONE', *, *, #609, .T. ) ;
#1103 = ORIENTED_EDGE ( 'NONE', *, *, #3436, .T. ) ;
#1104 = CARTESIAN_POINT ( 'NONE',  ( 1.500000000000000000, 1.500000000000000000, 0.9499999999999999556 ) ) ;
#1105 = STYLED_ITEM ( 'NONE', ( #3048 ), #3804 ) ;
#1106 = FILL_AREA_STYLE ('',( #747 ) ) ;
#1107 = EDGE_CURVE ( 'NONE', #3464, #505, #5059, .T. ) ;
#1108 =( NAMED_UNIT ( * ) PLANE_ANGLE_UNIT ( ) SI_UNIT ( $, .RADIAN. ) );
#1109 = CARTESIAN_POINT ( 'NONE',  ( 0.6300000000000000044, -1.219999999999999973, 0.0000000000000000000 ) ) ;
#1110 =( NAMED_UNIT ( * ) PLANE_ANGLE_UNIT ( ) SI_UNIT ( $, .RADIAN. ) );
#1111 = EDGE_CURVE ( 'NONE', #4859, #4550, #5089, .T. ) ;
#1112 = MECHANICAL_DESIGN_GEOMETRIC_PRESENTATION_REPRESENTATION (  '', ( #1444 ), #2749 ) ;
#1113 =( NAMED_UNIT ( * ) PLANE_ANGLE_UNIT ( ) SI_UNIT ( $, .RADIAN. ) );
#1114 = VERTEX_POINT ( 'NONE', #2351 ) ;
#1115 = DIRECTION ( 'NONE',  ( 1.000000000000000000, -0.0000000000000000000, 0.0000000000000000000 ) ) ;
#1116 = CARTESIAN_POINT ( 'NONE',  ( -1.219999999999999973, 0.1300000000000000044, 0.0000000000000000000 ) ) ;
#1117 =( NAMED_UNIT ( * ) PLANE_ANGLE_UNIT ( ) SI_UNIT ( $, .RADIAN. ) );
#1118 = EDGE_CURVE ( 'NONE', #1651, #4492, #2047, .T. ) ;
#1119 = DIRECTION ( 'NONE',  ( 0.0000000000000000000, 0.0000000000000000000, -1.000000000000000000 ) ) ;
#1120 = DIRECTION ( 'NONE',  ( -1.000000000000000000, 0.0000000000000000000, -0.0000000000000000000 ) ) ;
#1121 = ORIENTED_EDGE ( 'NONE', *, *, #4414, .F. ) ;
#1122 = COLOUR_RGB ( '',1.000000000000000000, 0.8156862745098039102, 0.02745098039215686236 ) ;
#1123 = SURFACE_STYLE_USAGE ( .BOTH. , #4230 ) ;
#1124 = DIRECTION ( 'NONE',  ( 0.0000000000000000000, 0.0000000000000000000, -1.000000000000000000 ) ) ;
#1125 = PRESENTATION_LAYER_ASSIGNMENT (  '', '', ( #3657 ) ) ;
#1126 = VECTOR ( 'NONE', #2421, 1000.000000000000000 ) ;
#1127 = SURFACE_STYLE_USAGE ( .BOTH. , #2689 ) ;
#1128 = EDGE_LOOP ( 'NONE', ( #1598, #576, #4135, #248 ) ) ;
#1129 = ORIENTED_EDGE ( 'NONE', *, *, #4376, .T. ) ;
#1130 =( GEOMETRIC_REPRESENTATION_CONTEXT ( 3 ) GLOBAL_UNCERTAINTY_ASSIGNED_CONTEXT ( ( #640 ) ) GLOBAL_UNIT_ASSIGNED_CONTEXT ( ( #4071, #4180, #739 ) ) REPRESENTATION_CONTEXT ( 'NONE', 'WORKASPACE' ) );
#1131 = DIRECTION ( 'NONE',  ( 1.000000000000000000, 0.0000000000000000000, 0.0000000000000000000 ) ) ;
#1132 = MECHANICAL_DESIGN_GEOMETRIC_PRESENTATION_REPRESENTATION (  '', ( #461 ), #3667 ) ;
#1133 = COLOUR_RGB ( '',0.2862745098039215508, 0.2862745098039215508, 0.2862745098039215508 ) ;
#1134 = DIRECTION ( 'NONE',  ( 0.0000000000000000000, 0.0000000000000000000, 1.000000000000000000 ) ) ;
#1135 = FILL_AREA_STYLE_COLOUR ( '', #110 ) ;
#1136 = CARTESIAN_POINT ( 'NONE',  ( 0.0000000000000000000, 0.0000000000000000000, 0.2500000000000000000 ) ) ;
#1137 = MECHANICAL_DESIGN_GEOMETRIC_PRESENTATION_REPRESENTATION (  '', ( #2694 ), #4894 ) ;
#1138 = SURFACE_STYLE_FILL_AREA ( #4148 ) ;
#1139 = VERTEX_POINT ( 'NONE', #3157 ) ;
#1140 = UNCERTAINTY_MEASURE_WITH_UNIT (LENGTH_MEASURE( 1.000000000000000082E-05 ), #3128, 'distance_accuracy_value', 'NONE');
#1141 = SURFACE_SIDE_STYLE ('',( #3221 ) ) ;
#1142 = ADVANCED_FACE ( 'NONE', ( #4710 ), #2757, .F. ) ;
#1143 = COLOUR_RGB ( '',1.000000000000000000, 0.8156862745098039102, 0.02745098039215686236 ) ;
#1144 = CARTESIAN_POINT ( 'NONE',  ( -1.510000000000000009, -0.1300000000000000044, 0.2500000000000000000 ) ) ;
#1145 = CARTESIAN_POINT ( 'NONE',  ( 0.0000000000000000000, 0.8400000000000000799, 0.0000000000000000000 ) ) ;
#1146 = LINE ( 'NONE', #756, #3270 ) ;
#1147 = FILL_AREA_STYLE ('',( #4154 ) ) ;
#1148 = STYLED_ITEM ( 'NONE', ( #4300 ), #2380 ) ;
#1149 = EDGE_LOOP ( 'NONE', ( #585, #172, #2519, #4181 ) ) ;
#1150 = SURFACE_SIDE_STYLE ('',( #359 ) ) ;
#1151 = LINE ( 'NONE', #1921, #4919 ) ;
#1152 = EDGE_CURVE ( 'NONE', #1888, #4743, #1305, .T. ) ;
#1153 = CYLINDRICAL_SURFACE ( 'NONE', #4685, 0.1200000000000000927 ) ;
#1154 = SURFACE_STYLE_FILL_AREA ( #587 ) ;
#1155 = MECHANICAL_DESIGN_GEOMETRIC_PRESENTATION_REPRESENTATION (  '', ( #4483 ), #4163 ) ;
#1156 = STYLED_ITEM ( 'NONE', ( #3107 ), #2005 ) ;
#1157 = CARTESIAN_POINT ( 'NONE',  ( -1.099999999999999867, -0.7500000000000000000, 0.2500000000000000000 ) ) ;
#1158 = ORIENTED_EDGE ( 'NONE', *, *, #2837, .T. ) ;
#1159 = ORIENTED_EDGE ( 'NONE', *, *, #217, .F. ) ;
#1160 = AXIS2_PLACEMENT_3D ( 'NONE', #169, #4817, #915 ) ;
#1161 = DIRECTION ( 'NONE',  ( 0.0000000000000000000, -1.000000000000000000, 0.0000000000000000000 ) ) ;
#1162 = LINE ( 'NONE', #2294, #4939 ) ;
#1163 = MECHANICAL_DESIGN_GEOMETRIC_PRESENTATION_REPRESENTATION (  '', ( #3361 ), #575 ) ;
#1164 = CYLINDRICAL_SURFACE ( 'NONE', #3169, 0.1300000000000000044 ) ;
#1165 = SURFACE_SIDE_STYLE ('',( #749 ) ) ;
#1166 = PRODUCT_DEFINITION_CONTEXT ( 'detailed design', #1020, 'design' ) ;
#1167 = PRESENTATION_STYLE_ASSIGNMENT (( #1993 ) ) ;
#1168 = STYLED_ITEM ( 'NONE', ( #3208 ), #3466 ) ;
#1169 =( LENGTH_UNIT ( ) NAMED_UNIT ( * ) SI_UNIT ( .MILLI., .METRE. ) );
#1170 = SURFACE_SIDE_STYLE ('',( #3549 ) ) ;
#1171 = ORIENTED_EDGE ( 'NONE', *, *, #1278, .T. ) ;
#1172 = PRESENTATION_STYLE_ASSIGNMENT (( #1554 ) ) ;
#1173 = MANIFOLD_SOLID_BREP ( 'Imported10', #4605 ) ;
#1174 = FILL_AREA_STYLE_COLOUR ( '', #825 ) ;
#1175 = CARTESIAN_POINT ( 'NONE',  ( 1.510000000000000009, 0.3699999999999999956, 0.0000000000000000000 ) ) ;
#1176 = ADVANCED_FACE ( 'NONE', ( #2153 ), #3705, .F. ) ;
#1177 = CARTESIAN_POINT ( 'NONE',  ( -0.8699999999999999956, 0.0000000000000000000, 0.0000000000000000000 ) ) ;
#1178 = ORIENTED_EDGE ( 'NONE', *, *, #2674, .F. ) ;
#1179 = FACE_OUTER_BOUND ( 'NONE', #2172, .T. ) ;
#1180 =( LENGTH_UNIT ( ) NAMED_UNIT ( * ) SI_UNIT ( .MILLI., .METRE. ) );
#1181 = DIRECTION ( 'NONE',  ( 1.000000000000000000, 0.0000000000000000000, 0.0000000000000000000 ) ) ;
#1182 = PLANE ( 'NONE',  #3664 ) ;
#1183 = SURFACE_STYLE_USAGE ( .BOTH. , #3116 ) ;
#1184 = FACE_OUTER_BOUND ( 'NONE', #2018, .T. ) ;
#1185 = EDGE_CURVE ( 'NONE', #2389, #3312, #2572, .T. ) ;
#1186 = COLOUR_RGB ( '',1.000000000000000000, 0.8156862745098039102, 0.02745098039215686236 ) ;
#1187 = ORIENTED_EDGE ( 'NONE', *, *, #996, .F. ) ;
#1188 = FILL_AREA_STYLE ('',( #2362 ) ) ;
#1189 =( NAMED_UNIT ( * ) PLANE_ANGLE_UNIT ( ) SI_UNIT ( $, .RADIAN. ) );
#1190 = FILL_AREA_STYLE ('',( #4671 ) ) ;
#1191 = CARTESIAN_POINT ( 'NONE',  ( 0.0000000000000000000, 0.0000000000000000000, 0.0000000000000000000 ) ) ;
#1192 = ADVANCED_FACE ( 'NONE', ( #1374 ), #195, .F. ) ;
#1193 = CARTESIAN_POINT ( 'NONE',  ( -1.219999999999999973, 0.6300000000000000044, 0.0000000000000000000 ) ) ;
#1194 = PRESENTATION_LAYER_ASSIGNMENT (  '', '', ( #1105 ) ) ;
#1195 = SURFACE_SIDE_STYLE ('',( #3970 ) ) ;
#1196 = DIRECTION ( 'NONE',  ( 0.0000000000000000000, 0.0000000000000000000, 1.000000000000000000 ) ) ;
#1197 = FILL_AREA_STYLE_COLOUR ( '', #490 ) ;
#1198 = SURFACE_STYLE_FILL_AREA ( #829 ) ;
#1199 = DIRECTION ( 'NONE',  ( 0.0000000000000000000, 0.0000000000000000000, -1.000000000000000000 ) ) ;
#1200 = EDGE_LOOP ( 'NONE', ( #2822, #2589, #1317, #3915 ) ) ;
#1201 = AXIS2_PLACEMENT_3D ( 'NONE', #5064, #1564, #1181 ) ;
#1202 = DIRECTION ( 'NONE',  ( 0.0000000000000000000, -0.0000000000000000000, -1.000000000000000000 ) ) ;
#1203 = DIRECTION ( 'NONE',  ( 1.000000000000000000, 0.0000000000000000000, 0.0000000000000000000 ) ) ;
#1204 = PRESENTATION_LAYER_ASSIGNMENT (  '', '', ( #1444 ) ) ;
#1205 = CARTESIAN_POINT ( 'NONE',  ( -1.099999999999999867, 0.7500000000000000000, 0.0000000000000000000 ) ) ;
#1206 = EDGE_LOOP ( 'NONE', ( #2518, #2480, #2992, #654 ) ) ;
#1207 = UNCERTAINTY_MEASURE_WITH_UNIT (LENGTH_MEASURE( 1.000000000000000082E-05 ), #4146, 'distance_accuracy_value', 'NONE');
#1208 = PRESENTATION_LAYER_ASSIGNMENT (  '', '', ( #3227 ) ) ;
#1209 = CARTESIAN_POINT ( 'NONE',  ( 1.510000000000000009, -0.3699999999999999400, 0.0000000000000000000 ) ) ;
#1210 =( LENGTH_UNIT ( ) NAMED_UNIT ( * ) SI_UNIT ( .MILLI., .METRE. ) );
#1211 = DIRECTION ( 'NONE',  ( -0.0000000000000000000, 0.0000000000000000000, -1.000000000000000000 ) ) ;
#1212 = FILL_AREA_STYLE ('',( #3586 ) ) ;
#1213 = FILL_AREA_STYLE_COLOUR ( '', #3923 ) ;
#1214 = ORIENTED_EDGE ( 'NONE', *, *, #1633, .F. ) ;
#1215 = ORIENTED_EDGE ( 'NONE', *, *, #1633, .T. ) ;
#1216 = DIRECTION ( 'NONE',  ( -0.0000000000000000000, -0.0000000000000000000, -1.000000000000000000 ) ) ;
#1217 = CIRCLE ( 'NONE', #3498, 0.1300000000000000044 ) ;
#1218 = EDGE_CURVE ( 'NONE', #1495, #1769, #4595, .T. ) ;
#1219 = COLOUR_RGB ( '',1.000000000000000000, 0.8156862745098039102, 0.02745098039215686236 ) ;
#1220 = DIRECTION ( 'NONE',  ( -0.0000000000000000000, 0.0000000000000000000, -1.000000000000000000 ) ) ;
#1221 =( GEOMETRIC_REPRESENTATION_CONTEXT ( 3 ) GLOBAL_UNCERTAINTY_ASSIGNED_CONTEXT ( ( #3916 ) ) GLOBAL_UNIT_ASSIGNED_CONTEXT ( ( #3621, #1687, #4777 ) ) REPRESENTATION_CONTEXT ( 'NONE', 'WORKASPACE' ) );
#1222 = DIRECTION ( 'NONE',  ( 0.0000000000000000000, 0.0000000000000000000, 1.000000000000000000 ) ) ;
#1223 = EDGE_CURVE ( 'NONE', #2032, #5014, #3390, .T. ) ;
#1224 = PRESENTATION_LAYER_ASSIGNMENT (  '', '', ( #2525 ) ) ;
#1225 = VECTOR ( 'NONE', #4203, 1000.000000000000000 ) ;
#1226 = PLANE ( 'NONE',  #1707 ) ;
#1227 = ORIENTED_EDGE ( 'NONE', *, *, #3685, .F. ) ;
#1228 = PRODUCT_DEFINITION_FORMATION_WITH_SPECIFIED_SOURCE ( 'ANY', '', #1759, .NOT_KNOWN. ) ;
#1229 = LINE ( 'NONE', #3499, #530 ) ;
#1230 = MANIFOLD_SOLID_BREP ( 'Imported7', #2748 ) ;
#1231 = CARTESIAN_POINT ( 'NONE',  ( -0.6300000000000000044, 1.510000000000000009, 0.0000000000000000000 ) ) ;
#1232 = DIRECTION ( 'NONE',  ( 0.0000000000000000000, 0.0000000000000000000, 1.000000000000000000 ) ) ;
#1233 = EDGE_LOOP ( 'NONE', ( #3016, #919, #2652, #4532 ) ) ;
#1234 =( LENGTH_UNIT ( ) NAMED_UNIT ( * ) SI_UNIT ( .MILLI., .METRE. ) );
#1235 = COLOUR_RGB ( '',1.000000000000000000, 0.8156862745098039102, 0.02745098039215686236 ) ;
#1236 = DIRECTION ( 'NONE',  ( -0.7071067811865474617, -0.7071067811865474617, 0.0000000000000000000 ) ) ;
#1237 = FILL_AREA_STYLE ('',( #3134 ) ) ;
#1238 = DIRECTION ( 'NONE',  ( 0.0000000000000000000, 0.0000000000000000000, -1.000000000000000000 ) ) ;
#1239 = PRESENTATION_STYLE_ASSIGNMENT (( #4353 ) ) ;
#1240 = MANIFOLD_SOLID_BREP ( 'Imported11', #4949 ) ;
#1241 = VERTEX_POINT ( 'NONE', #3495 ) ;
#1242 = ORIENTED_EDGE ( 'NONE', *, *, #156, .F. ) ;
#1243 = VECTOR ( 'NONE', #1795, 1000.000000000000000 ) ;
#1244 = FILL_AREA_STYLE_COLOUR ( '', #3219 ) ;
#1245 = MECHANICAL_DESIGN_GEOMETRIC_PRESENTATION_REPRESENTATION (  '', ( #1811 ), #912 ) ;
#1246 = FILL_AREA_STYLE ('',( #3968 ) ) ;
#1247 = SURFACE_SIDE_STYLE ('',( #1294 ) ) ;
#1248 = ADVANCED_FACE ( 'NONE', ( #4243 ), #725, .F. ) ;
#1249 = FACE_OUTER_BOUND ( 'NONE', #1128, .T. ) ;
#1250 = VECTOR ( 'NONE', #2669, 1000.000000000000000 ) ;
#1251 = SURFACE_STYLE_FILL_AREA ( #1733 ) ;
#1252 = FILL_AREA_STYLE_COLOUR ( '', #2037 ) ;
#1253 = AXIS2_PLACEMENT_3D ( 'NONE', #2181, #525, #2080 ) ;
#1254 = VERTEX_POINT ( 'NONE', #4340 ) ;
#1255 = CARTESIAN_POINT ( 'NONE',  ( -1.219999999999999973, 0.2500000000000000000, 0.2500000000000000000 ) ) ;
#1256 = SURFACE_SIDE_STYLE ('',( #4734 ) ) ;
#1257 =( GEOMETRIC_REPRESENTATION_CONTEXT ( 3 ) GLOBAL_UNCERTAINTY_ASSIGNED_CONTEXT ( ( #2942 ) ) GLOBAL_UNIT_ASSIGNED_CONTEXT ( ( #4205, #1465, #4178 ) ) REPRESENTATION_CONTEXT ( 'NONE', 'WORKASPACE' ) );
#1258 = CARTESIAN_POINT ( 'NONE',  ( 0.1300000000000000044, 1.219999999999999973, 0.2500000000000000000 ) ) ;
#1259 = SURFACE_SIDE_STYLE ('',( #2023 ) ) ;
#1260 = ADVANCED_FACE ( 'NONE', ( #2376 ), #853, .T. ) ;
#1261 = VERTEX_POINT ( 'NONE', #3976 ) ;
#1262 = CARTESIAN_POINT ( 'NONE',  ( 0.0000000000000000000, 0.0000000000000000000, 0.0000000000000000000 ) ) ;
#1263 = CARTESIAN_POINT ( 'NONE',  ( -1.219999999999999973, -0.7500000000000000000, 0.0000000000000000000 ) ) ;
#1264 = CARTESIAN_POINT ( 'NONE',  ( -1.219999999999999973, 0.2500000000000000000, 0.0000000000000000000 ) ) ;
#1265 = ORIENTED_EDGE ( 'NONE', *, *, #1278, .F. ) ;
#1266 = EDGE_LOOP ( 'NONE', ( #3482, #1383, #4127, #1701 ) ) ;
#1267 = CARTESIAN_POINT ( 'NONE',  ( -1.219999999999999973, -0.6300000000000000044, 0.2500000000000000000 ) ) ;
#1268 =( NAMED_UNIT ( * ) PLANE_ANGLE_UNIT ( ) SI_UNIT ( $, .RADIAN. ) );
#1269 = PRESENTATION_STYLE_ASSIGNMENT (( #1601 ) ) ;
#1270 = PRESENTATION_STYLE_ASSIGNMENT (( #4505 ) ) ;
#1271 = CARTESIAN_POINT ( 'NONE',  ( 0.0000000000000000000, 0.0000000000000000000, 0.2500000000000000000 ) ) ;
#1272 = COLOUR_RGB ( '',1.000000000000000000, 0.8156862745098039102, 0.02745098039215686236 ) ;
#1273 =( LENGTH_UNIT ( ) NAMED_UNIT ( * ) SI_UNIT ( .MILLI., .METRE. ) );
#1274 = EDGE_CURVE ( 'NONE', #807, #4235, #3894, .T. ) ;
#1275 = FILL_AREA_STYLE_COLOUR ( '', #3588 ) ;
#1276 = VECTOR ( 'NONE', #291, 1000.000000000000000 ) ;
#1277 = CARTESIAN_POINT ( 'NONE',  ( 1.510000000000000009, 0.0000000000000000000, 0.0000000000000000000 ) ) ;
#1278 = EDGE_CURVE ( 'NONE', #4579, #3582, #2780, .T. ) ;
#1279 = DIRECTION ( 'NONE',  ( 0.0000000000000000000, 0.0000000000000000000, 1.000000000000000000 ) ) ;
#1280 = DIRECTION ( 'NONE',  ( 1.000000000000000000, 0.0000000000000000000, 0.0000000000000000000 ) ) ;
#1281 = SURFACE_STYLE_USAGE ( .BOTH. , #964 ) ;
#1282 = ORIENTED_EDGE ( 'NONE', *, *, #1402, .F. ) ;
#1283 = PRESENTATION_STYLE_ASSIGNMENT (( #4759 ) ) ;
#1284 = FACE_OUTER_BOUND ( 'NONE', #3989, .T. ) ;
#1285 = EDGE_CURVE ( 'NONE', #4429, #3366, #2776, .T. ) ;
#1286 = VECTOR ( 'NONE', #3403, 1000.000000000000000 ) ;
#1287 = CARTESIAN_POINT ( 'NONE',  ( 1.219999999999999973, -0.7500000000000000000, 0.2500000000000000000 ) ) ;
#1288 = VERTEX_POINT ( 'NONE', #4314 ) ;
#1289 = MECHANICAL_DESIGN_GEOMETRIC_PRESENTATION_REPRESENTATION (  '', ( #3227 ), #2672 ) ;
#1290 = VECTOR ( 'NONE', #1484, 1000.000000000000000 ) ;
#1291 = ORIENTED_EDGE ( 'NONE', *, *, #4232, .F. ) ;
#1292 = VECTOR ( 'NONE', #2514, 1000.000000000000000 ) ;
#1293 = DIRECTION ( 'NONE',  ( 1.000000000000000000, 0.0000000000000000000, 0.0000000000000000000 ) ) ;
#1294 = SURFACE_STYLE_FILL_AREA ( #1627 ) ;
#1295 = DIRECTION ( 'NONE',  ( 0.0000000000000000000, 1.000000000000000000, -0.0000000000000000000 ) ) ;
#1296 =( NAMED_UNIT ( * ) PLANE_ANGLE_UNIT ( ) SI_UNIT ( $, .RADIAN. ) );
#1297 = DIRECTION ( 'NONE',  ( 1.000000000000000000, 0.0000000000000000000, 0.0000000000000000000 ) ) ;
#1298 = AXIS2_PLACEMENT_3D ( 'NONE', #682, #284, #1124 ) ;
#1299 = MECHANICAL_DESIGN_GEOMETRIC_PRESENTATION_REPRESENTATION (  '', ( #2681 ), #5048 ) ;
#1300 = CARTESIAN_POINT ( 'NONE',  ( -0.8699999999999999956, -1.510000000000000009, 0.2500000000000000000 ) ) ;
#1301 = LINE ( 'NONE', #3336, #4011 ) ;
#1302 = MANIFOLD_SOLID_BREP ( 'Imported8', #2752 ) ;
#1303 =( NAMED_UNIT ( * ) SI_UNIT ( $, .STERADIAN. ) SOLID_ANGLE_UNIT ( ) );
#1304 =( NAMED_UNIT ( * ) PLANE_ANGLE_UNIT ( ) SI_UNIT ( $, .RADIAN. ) );
#1305 = LINE ( 'NONE', #4394, #2445 ) ;
#1306 = VERTEX_POINT ( 'NONE', #3280 ) ;
#1307 = EDGE_CURVE ( 'NONE', #3872, #150, #830, .T. ) ;
#1308 = DIRECTION ( 'NONE',  ( 0.0000000000000000000, 0.0000000000000000000, 1.000000000000000000 ) ) ;
#1309 = SURFACE_STYLE_FILL_AREA ( #4453 ) ;
#1310 =( GEOMETRIC_REPRESENTATION_CONTEXT ( 3 ) GLOBAL_UNCERTAINTY_ASSIGNED_CONTEXT ( ( #898 ) ) GLOBAL_UNIT_ASSIGNED_CONTEXT ( ( #2529, #3229, #2503 ) ) REPRESENTATION_CONTEXT ( 'NONE', 'WORKASPACE' ) );
#1311 = CARTESIAN_POINT ( 'NONE',  ( 0.5900000000000000799, -0.8400000000000000799, 0.0000000000000000000 ) ) ;
#1312 = PRESENTATION_STYLE_ASSIGNMENT (( #3235 ) ) ;
#1313 = ORIENTED_EDGE ( 'NONE', *, *, #4695, .F. ) ;
#1314 = EDGE_CURVE ( 'NONE', #2557, #1588, #1881, .T. ) ;
#1315 = DIRECTION ( 'NONE',  ( 0.0000000000000000000, 1.000000000000000000, 0.0000000000000000000 ) ) ;
#1316 = STYLED_ITEM ( 'NONE', ( #2371 ), #1497 ) ;
#1317 = ORIENTED_EDGE ( 'NONE', *, *, #48, .F. ) ;
#1318 = EDGE_CURVE ( 'NONE', #3948, #677, #4889, .T. ) ;
#1319 = LINE ( 'NONE', #4385, #2383 ) ;
#1320 = MECHANICAL_DESIGN_GEOMETRIC_PRESENTATION_REPRESENTATION (  '', ( #4392 ), #3350 ) ;
#1321 = SURFACE_STYLE_USAGE ( .BOTH. , #3329 ) ;
#1322 = SURFACE_STYLE_FILL_AREA ( #4810 ) ;
#1323 = COLOUR_RGB ( '',1.000000000000000000, 0.8156862745098039102, 0.02745098039215686236 ) ;
#1324 = DIRECTION ( 'NONE',  ( 0.0000000000000000000, 1.000000000000000000, -0.0000000000000000000 ) ) ;
#1325 = SURFACE_STYLE_USAGE ( .BOTH. , #4779 ) ;
#1326 = UNCERTAINTY_MEASURE_WITH_UNIT (LENGTH_MEASURE( 1.000000000000000082E-05 ), #2289, 'distance_accuracy_value', 'NONE');
#1327 = FILL_AREA_STYLE_COLOUR ( '', #2911 ) ;
#1328 = MANIFOLD_SOLID_BREP ( 'Imported17', #2425 ) ;
#1329 = FILL_AREA_STYLE ('',( #4818 ) ) ;
#1330 = CARTESIAN_POINT ( 'NONE',  ( 0.0000000000000000000, 0.0000000000000000000, 0.2500000000000000000 ) ) ;
#1331 = ORIENTED_EDGE ( 'NONE', *, *, #1589, .T. ) ;
#1332 = PLANE ( 'NONE',  #3552 ) ;
#1333 = STYLED_ITEM ( 'NONE', ( #2034 ), #3171 ) ;
#1334 = LINE ( 'NONE', #4033, #1696 ) ;
#1335 = SHAPE_REPRESENTATION ( '16VQFN3x3', ( #3830 ), #3508 ) ;
#1336 = CARTESIAN_POINT ( 'NONE',  ( 0.6300000000000000044, 1.219999999999999973, 0.2500000000000000000 ) ) ;
#1337 =( LENGTH_UNIT ( ) NAMED_UNIT ( * ) SI_UNIT ( .MILLI., .METRE. ) );
#1338 = ORIENTED_EDGE ( 'NONE', *, *, #2586, .T. ) ;
#1339 =( NAMED_UNIT ( * ) PLANE_ANGLE_UNIT ( ) SI_UNIT ( $, .RADIAN. ) );
#1340 = PLANE ( 'NONE',  #2720 ) ;
#1341 = ADVANCED_FACE ( 'NONE', ( #536 ), #2472, .T. ) ;
#1342 = CARTESIAN_POINT ( 'NONE',  ( -0.2500000000000000000, 1.219999999999999973, 0.0000000000000000000 ) ) ;
#1343 = ORIENTED_EDGE ( 'NONE', *, *, #2807, .T. ) ;
#1344 = ORIENTED_EDGE ( 'NONE', *, *, #4223, .T. ) ;
#1345 = FILL_AREA_STYLE_COLOUR ( '', #4157 ) ;
#1346 = FILL_AREA_STYLE ('',( #586 ) ) ;
#1347 = SURFACE_SIDE_STYLE ('',( #1735 ) ) ;
#1348 = FACE_OUTER_BOUND ( 'NONE', #2645, .T. ) ;
#1349 = COLOUR_RGB ( '',1.000000000000000000, 0.8156862745098039102, 0.02745098039215686236 ) ;
#1350 = PRESENTATION_STYLE_ASSIGNMENT (( #146 ) ) ;
#1351 = CARTESIAN_POINT ( 'NONE',  ( 1.219999999999999973, -0.1300000000000000044, 0.0000000000000000000 ) ) ;
#1352 = DIRECTION ( 'NONE',  ( 0.0000000000000000000, -0.0000000000000000000, -1.000000000000000000 ) ) ;
#1353 = ORIENTED_EDGE ( 'NONE', *, *, #3401, .T. ) ;
#1354 = CYLINDRICAL_SURFACE ( 'NONE', #2409, 0.1200000000000000927 ) ;
#1355 = CARTESIAN_POINT ( 'NONE',  ( 0.1300000000000000044, -1.219999999999999973, 0.0000000000000000000 ) ) ;
#1356 = PLANE ( 'NONE',  #3828 ) ;
#1357 =( LENGTH_UNIT ( ) NAMED_UNIT ( * ) SI_UNIT ( .MILLI., .METRE. ) );
#1358 = ORIENTED_EDGE ( 'NONE', *, *, #1111, .T. ) ;
#1359 = UNCERTAINTY_MEASURE_WITH_UNIT (LENGTH_MEASURE( 1.000000000000000082E-05 ), #4565, 'distance_accuracy_value', 'NONE');
#1360 = CARTESIAN_POINT ( 'NONE',  ( 1.510000000000000009, -0.3699999999999999956, 0.0000000000000000000 ) ) ;
#1361 = SURFACE_SIDE_STYLE ('',( #2515 ) ) ;
#1362 = DIRECTION ( 'NONE',  ( 0.0000000000000000000, -0.0000000000000000000, 1.000000000000000000 ) ) ;
#1363 = CARTESIAN_POINT ( 'NONE',  ( -0.6300000000000000044, -1.510000000000000009, 0.0000000000000000000 ) ) ;
#1364 = ORIENTED_EDGE ( 'NONE', *, *, #4570, .T. ) ;
#1365 = ORIENTED_EDGE ( 'NONE', *, *, #3138, .F. ) ;
#1366 = EDGE_CURVE ( 'NONE', #1677, #2433, #167, .T. ) ;
#1367 = FACE_OUTER_BOUND ( 'NONE', #531, .T. ) ;
#1368 = CARTESIAN_POINT ( 'NONE',  ( -1.500000000000000000, -1.500000000000000000, 0.9499999999999999556 ) ) ;
#1369 = LINE ( 'NONE', #4812, #2201 ) ;
#1370 = DIRECTION ( 'NONE',  ( -0.0000000000000000000, -0.0000000000000000000, -1.000000000000000000 ) ) ;
#1371 = ADVANCED_FACE ( 'NONE', ( #4999 ), #293, .F. ) ;
#1372 = CARTESIAN_POINT ( 'NONE',  ( -1.510000000000000009, 0.8699999999999999956, 0.2500000000000000000 ) ) ;
#1373 = PRESENTATION_STYLE_ASSIGNMENT (( #3309 ) ) ;
#1374 = FACE_OUTER_BOUND ( 'NONE', #2337, .T. ) ;
#1375 = ORIENTED_EDGE ( 'NONE', *, *, #1053, .T. ) ;
#1376 = COLOUR_RGB ( '',1.000000000000000000, 0.8156862745098039102, 0.02745098039215686236 ) ;
#1377 = VECTOR ( 'NONE', #2593, 1000.000000000000000 ) ;
#1378 = DIRECTION ( 'NONE',  ( 1.000000000000000000, 0.0000000000000000000, 0.0000000000000000000 ) ) ;
#1379 = COLOUR_RGB ( '',0.9411764705882352811, 0.9411764705882352811, 0.9411764705882352811 ) ;
#1380 = AXIS2_PLACEMENT_3D ( 'NONE', #3096, #5075, #1602 ) ;
#1381 = FILL_AREA_STYLE ('',( #2555 ) ) ;
#1382 = CARTESIAN_POINT ( 'NONE',  ( -1.500000000000000000, 0.0000000000000000000, 0.9499999999999999556 ) ) ;
#1383 = ORIENTED_EDGE ( 'NONE', *, *, #1868, .T. ) ;
#1384 =( NAMED_UNIT ( * ) PLANE_ANGLE_UNIT ( ) SI_UNIT ( $, .RADIAN. ) );
#1385 = AXIS2_PLACEMENT_3D ( 'NONE', #4421, #1403, #3339 ) ;
#1386 = CARTESIAN_POINT ( 'NONE',  ( -0.8699999999999999956, 1.510000000000000009, 0.0000000000000000000 ) ) ;
#1387 = CARTESIAN_POINT ( 'NONE',  ( 0.8699999999999999956, 1.510000000000000009, 0.0000000000000000000 ) ) ;
#1388 = DIRECTION ( 'NONE',  ( -1.000000000000000000, 0.0000000000000000000, -0.0000000000000000000 ) ) ;
#1389 = ORIENTED_EDGE ( 'NONE', *, *, #894, .F. ) ;
#1390 = ORIENTED_EDGE ( 'NONE', *, *, #1088, .T. ) ;
#1391 = MECHANICAL_DESIGN_GEOMETRIC_PRESENTATION_REPRESENTATION (  '', ( #2940 ), #3599 ) ;
#1392 =( LENGTH_UNIT ( ) NAMED_UNIT ( * ) SI_UNIT ( .MILLI., .METRE. ) );
#1393 = AXIS2_PLACEMENT_3D ( 'NONE', #4026, #3251, #2146 ) ;
#1394 = LINE ( 'NONE', #1368, #4878 ) ;
#1395 = EDGE_CURVE ( 'NONE', #2913, #3366, #2622, .T. ) ;
#1396 = MECHANICAL_DESIGN_GEOMETRIC_PRESENTATION_REPRESENTATION (  '', ( #222 ), #2865 ) ;
#1397 = SURFACE_STYLE_FILL_AREA ( #1013 ) ;
#1398 = STYLED_ITEM ( 'NONE', ( #2736 ), #1672 ) ;
#1399 =( LENGTH_UNIT ( ) NAMED_UNIT ( * ) SI_UNIT ( .MILLI., .METRE. ) );
#1400 = MECHANICAL_DESIGN_GEOMETRIC_PRESENTATION_REPRESENTATION (  '', ( #5074 ), #4310 ) ;
#1401 = SURFACE_SIDE_STYLE ('',( #2627 ) ) ;
#1402 = EDGE_CURVE ( 'NONE', #2114, #4717, #3050, .T. ) ;
#1403 = DIRECTION ( 'NONE',  ( 0.0000000000000000000, -1.000000000000000000, 0.0000000000000000000 ) ) ;
#1404 = STYLED_ITEM ( 'NONE', ( #411 ), #2611 ) ;
#1405 = ORIENTED_EDGE ( 'NONE', *, *, #699, .T. ) ;
#1406 = UNCERTAINTY_MEASURE_WITH_UNIT (LENGTH_MEASURE( 1.000000000000000082E-05 ), #1916, 'distance_accuracy_value', 'NONE');
#1407 = CARTESIAN_POINT ( 'NONE',  ( 0.0000000000000000000, 0.0000000000000000000, 0.9499999999999999556 ) ) ;
#1408 = SURFACE_SIDE_STYLE ('',( #250 ) ) ;
#1409 = DIRECTION ( 'NONE',  ( 0.0000000000000000000, -1.000000000000000000, 0.0000000000000000000 ) ) ;
#1410 = SURFACE_SIDE_STYLE ('',( #2041 ) ) ;
#1411 = ORIENTED_EDGE ( 'NONE', *, *, #3685, .T. ) ;
#1412 = LINE ( 'NONE', #3740, #1858 ) ;
#1413 = MECHANICAL_DESIGN_GEOMETRIC_PRESENTATION_REPRESENTATION (  '', ( #2802 ), #1738 ) ;
#1414 = UNCERTAINTY_MEASURE_WITH_UNIT (LENGTH_MEASURE( 1.000000000000000082E-05 ), #1436, 'distance_accuracy_value', 'NONE');
#1415 = CARTESIAN_POINT ( 'NONE',  ( 0.0000000000000000000, 0.0000000000000000000, 0.2500000000000000000 ) ) ;
#1416 = CARTESIAN_POINT ( 'NONE',  ( -0.6300000000000000044, -1.510000000000000009, 0.2500000000000000000 ) ) ;
#1417 = PLANE ( 'NONE',  #2617 ) ;
#1418 = VERTEX_POINT ( 'NONE', #4918 ) ;
#1419 = EDGE_LOOP ( 'NONE', ( #3184, #4805, #2317, #3325 ) ) ;
#1420 = CARTESIAN_POINT ( 'NONE',  ( 1.500000000000000000, 1.500000000000000000, 0.05000000000000002359 ) ) ;
#1421 = DIRECTION ( 'NONE',  ( 0.0000000000000000000, 1.000000000000000000, 0.0000000000000000000 ) ) ;
#1422 = UNCERTAINTY_MEASURE_WITH_UNIT (LENGTH_MEASURE( 1.000000000000000082E-05 ), #877, 'distance_accuracy_value', 'NONE');
#1423 = EDGE_CURVE ( 'NONE', #3541, #4271, #719, .T. ) ;
#1424 = SURFACE_STYLE_FILL_AREA ( #1448 ) ;
#1425 = CARTESIAN_POINT ( 'NONE',  ( 1.510000000000000009, 0.8699999999999999956, 0.0000000000000000000 ) ) ;
#1426 = DIRECTION ( 'NONE',  ( 0.0000000000000000000, 0.0000000000000000000, -1.000000000000000000 ) ) ;
#1427 =( NAMED_UNIT ( * ) SI_UNIT ( $, .STERADIAN. ) SOLID_ANGLE_UNIT ( ) );
#1428 = ORIENTED_EDGE ( 'NONE', *, *, #1597, .T. ) ;
#1429 = CARTESIAN_POINT ( 'NONE',  ( 0.8699999999999999956, -1.219999999999999973, 0.0000000000000000000 ) ) ;
#1430 = EDGE_CURVE ( 'NONE', #4965, #2740, #3847, .T. ) ;
#1431 = AXIS2_PLACEMENT_3D ( 'NONE', #482, #4386, #3642 ) ;
#1432 = FILL_AREA_STYLE_COLOUR ( '', #320 ) ;
#1433 = VECTOR ( 'NONE', #2035, 1000.000000000000000 ) ;
#1434 =( NAMED_UNIT ( * ) PLANE_ANGLE_UNIT ( ) SI_UNIT ( $, .RADIAN. ) );
#1435 = ORIENTED_EDGE ( 'NONE', *, *, #1318, .T. ) ;
#1436 =( LENGTH_UNIT ( ) NAMED_UNIT ( * ) SI_UNIT ( .MILLI., .METRE. ) );
#1437 = LINE ( 'NONE', #1466, #3063 ) ;
#1438 = VECTOR ( 'NONE', #1315, 1000.000000000000000 ) ;
#1439 = SURFACE_STYLE_FILL_AREA ( #3064 ) ;
#1440 = ORIENTED_EDGE ( 'NONE', *, *, #2829, .T. ) ;
#1441 = ORIENTED_EDGE ( 'NONE', *, *, #1218, .F. ) ;
#1442 = DIRECTION ( 'NONE',  ( -1.000000000000000000, 0.0000000000000000000, -0.0000000000000000000 ) ) ;
#1443 = FACE_OUTER_BOUND ( 'NONE', #2754, .T. ) ;
#1444 = STYLED_ITEM ( 'NONE', ( #1819 ), #4409 ) ;
#1445 = DIRECTION ( 'NONE',  ( -0.0000000000000000000, -1.000000000000000000, -0.0000000000000000000 ) ) ;
#1446 = SURFACE_SIDE_STYLE ('',( #2648 ) ) ;
#1447 = COLOUR_RGB ( '',1.000000000000000000, 0.8156862745098039102, 0.02745098039215686236 ) ;
#1448 = FILL_AREA_STYLE ('',( #2269 ) ) ;
#1449 = FILL_AREA_STYLE_COLOUR ( '', #2390 ) ;
#1450 = SURFACE_SIDE_STYLE ('',( #296 ) ) ;
#1451 = LINE ( 'NONE', #5051, #1126 ) ;
#1452 = PRESENTATION_STYLE_ASSIGNMENT (( #2199 ) ) ;
#1453 = VERTEX_POINT ( 'NONE', #3749 ) ;
#1454 = AXIS2_PLACEMENT_3D ( 'NONE', #3490, #3945, #429 ) ;
#1455 =( LENGTH_UNIT ( ) NAMED_UNIT ( * ) SI_UNIT ( .MILLI., .METRE. ) );
#1456 = SURFACE_STYLE_FILL_AREA ( #4526 ) ;
#1457 = FILL_AREA_STYLE_COLOUR ( '', #1570 ) ;
#1458 = CARTESIAN_POINT ( 'NONE',  ( 1.500000000000000000, 1.500000000000000000, 0.05000000000000001665 ) ) ;
#1459 = VECTOR ( 'NONE', #2030, 1000.000000000000000 ) ;
#1460 = PLANE ( 'NONE',  #3265 ) ;
#1461 = VECTOR ( 'NONE', #1445, 1000.000000000000000 ) ;
#1462 = EDGE_CURVE ( 'NONE', #5039, #4550, #3765, .T. ) ;
#1463 = VERTEX_POINT ( 'NONE', #1908 ) ;
#1464 = UNCERTAINTY_MEASURE_WITH_UNIT (LENGTH_MEASURE( 1.000000000000000082E-05 ), #3992, 'distance_accuracy_value', 'NONE');
#1465 =( NAMED_UNIT ( * ) PLANE_ANGLE_UNIT ( ) SI_UNIT ( $, .RADIAN. ) );
#1466 = CARTESIAN_POINT ( 'NONE',  ( 0.1300000000000000044, -1.510000000000000009, 0.0000000000000000000 ) ) ;
#1467 = COLOUR_RGB ( '',1.000000000000000000, 0.8156862745098039102, 0.02745098039215686236 ) ;
#1468 = EDGE_CURVE ( 'NONE', #125, #1470, #4188, .T. ) ;
#1469 = EDGE_LOOP ( 'NONE', ( #4219, #3651, #2318, #4789 ) ) ;
#1470 = VERTEX_POINT ( 'NONE', #4943 ) ;
#1471 = DIRECTION ( 'NONE',  ( 0.0000000000000000000, 0.0000000000000000000, -1.000000000000000000 ) ) ;
#1472 = PRESENTATION_LAYER_ASSIGNMENT (  '', '', ( #1968 ) ) ;
#1473 = EDGE_CURVE ( 'NONE', #895, #4395, #666, .T. ) ;
#1474 = DIRECTION ( 'NONE',  ( -0.0000000000000000000, -0.0000000000000000000, -1.000000000000000000 ) ) ;
#1475 = PRESENTATION_LAYER_ASSIGNMENT (  '', '', ( #2940 ) ) ;
#1476 = MECHANICAL_DESIGN_GEOMETRIC_PRESENTATION_REPRESENTATION (  '', ( #4979 ), #4640 ) ;
#1477 = DIRECTION ( 'NONE',  ( 0.0000000000000000000, 0.0000000000000000000, -1.000000000000000000 ) ) ;
#1478 = AXIS2_PLACEMENT_3D ( 'NONE', #1287, #2455, #4012 ) ;
#1479 = SURFACE_SIDE_STYLE ('',( #297 ) ) ;
#1480 =( NAMED_UNIT ( * ) PLANE_ANGLE_UNIT ( ) SI_UNIT ( $, .RADIAN. ) );
#1481 = VERTEX_POINT ( 'NONE', #611 ) ;
#1482 = CIRCLE ( 'NONE', #1478, 0.1200000000000000927 ) ;
#1483 = PLANE ( 'NONE',  #174 ) ;
#1484 = DIRECTION ( 'NONE',  ( 0.0000000000000000000, 0.0000000000000000000, 1.000000000000000000 ) ) ;
#1485 = CARTESIAN_POINT ( 'NONE',  ( -1.219999999999999973, -0.2500000000000000000, 0.0000000000000000000 ) ) ;
#1486 = VECTOR ( 'NONE', #1071, 1000.000000000000000 ) ;
#1487 = AXIS2_PLACEMENT_3D ( 'NONE', #3155, #3529, #435 ) ;
#1488 = CARTESIAN_POINT ( 'NONE',  ( 1.510000000000000009, 0.1300000000000000044, 0.0000000000000000000 ) ) ;
#1489 = ORIENTED_EDGE ( 'NONE', *, *, #1752, .F. ) ;
#1490 = DIRECTION ( 'NONE',  ( -1.000000000000000000, 0.0000000000000000000, -0.0000000000000000000 ) ) ;
#1491 = COLOUR_RGB ( '',1.000000000000000000, 0.8156862745098039102, 0.02745098039215686236 ) ;
#1492 = ADVANCED_FACE ( 'NONE', ( #3821 ), #3468, .T. ) ;
#1493 =( LENGTH_UNIT ( ) NAMED_UNIT ( * ) SI_UNIT ( .MILLI., .METRE. ) );
#1494 = VERTEX_POINT ( 'NONE', #2417 ) ;
#1495 = VERTEX_POINT ( 'NONE', #1932 ) ;
#1496 = PRESENTATION_STYLE_ASSIGNMENT (( #4211 ) ) ;
#1497 = ADVANCED_FACE ( 'NONE', ( #2321 ), #2774, .T. ) ;
#1498 = AXIS2_PLACEMENT_3D ( 'NONE', #1415, #3836, #1026 ) ;
#1499 = CARTESIAN_POINT ( 'NONE',  ( -0.3699999999999999400, -1.510000000000000009, 0.0000000000000000000 ) ) ;
#1500 = ADVANCED_FACE ( 'NONE', ( #3518 ), #4336, .T. ) ;
#1501 = SURFACE_STYLE_USAGE ( .BOTH. , #3023 ) ;
#1502 = FACE_OUTER_BOUND ( 'NONE', #3158, .T. ) ;
#1503 =( LENGTH_UNIT ( ) NAMED_UNIT ( * ) SI_UNIT ( .MILLI., .METRE. ) );
#1504 = EDGE_LOOP ( 'NONE', ( #238, #2217, #74, #3591 ) ) ;
#1505 = DIRECTION ( 'NONE',  ( -1.000000000000000000, 0.0000000000000000000, -0.0000000000000000000 ) ) ;
#1506 = FILL_AREA_STYLE_COLOUR ( '', #4527 ) ;
#1507 = SURFACE_SIDE_STYLE ('',( #674 ) ) ;
#1508 = DIRECTION ( 'NONE',  ( -0.0000000000000000000, 0.0000000000000000000, -1.000000000000000000 ) ) ;
#1509 = ORIENTED_EDGE ( 'NONE', *, *, #3835, .F. ) ;
#1510 = UNCERTAINTY_MEASURE_WITH_UNIT (LENGTH_MEASURE( 1.000000000000000082E-05 ), #2322, 'distance_accuracy_value', 'NONE');
#1511 = PRESENTATION_LAYER_ASSIGNMENT (  '', '', ( #4508 ) ) ;
#1512 =( NAMED_UNIT ( * ) SI_UNIT ( $, .STERADIAN. ) SOLID_ANGLE_UNIT ( ) );
#1513 = UNCERTAINTY_MEASURE_WITH_UNIT (LENGTH_MEASURE( 1.000000000000000082E-05 ), #2576, 'distance_accuracy_value', 'NONE');
#1514 =( NAMED_UNIT ( * ) PLANE_ANGLE_UNIT ( ) SI_UNIT ( $, .RADIAN. ) );
#1515 = DIRECTION ( 'NONE',  ( -1.000000000000000000, -0.0000000000000000000, -0.0000000000000000000 ) ) ;
#1516 = VERTEX_POINT ( 'NONE', #101 ) ;
#1517 = ORIENTED_EDGE ( 'NONE', *, *, #3799, .F. ) ;
#1518 = VECTOR ( 'NONE', #3769, 1000.000000000000000 ) ;
#1519 = SURFACE_STYLE_USAGE ( .BOTH. , #718 ) ;
#1520 = ADVANCED_FACE ( 'NONE', ( #1706 ), #4747, .F. ) ;
#1521 = CARTESIAN_POINT ( 'NONE',  ( 0.0000000000000000000, -0.3699999999999999956, 0.0000000000000000000 ) ) ;
#1522 = FILL_AREA_STYLE ('',( #1197 ) ) ;
#1523 = EDGE_CURVE ( 'NONE', #1481, #1839, #4411, .T. ) ;
#1524 = STYLED_ITEM ( 'NONE', ( #2500 ), #4531 ) ;
#1525 = PRESENTATION_STYLE_ASSIGNMENT (( #5004 ) ) ;
#1526 = ORIENTED_EDGE ( 'NONE', *, *, #1597, .F. ) ;
#1527 = FILL_AREA_STYLE ('',( #2418 ) ) ;
#1528 = CARTESIAN_POINT ( 'NONE',  ( -1.510000000000000009, -0.1300000000000000044, 0.0000000000000000000 ) ) ;
#1529 =( NAMED_UNIT ( * ) SI_UNIT ( $, .STERADIAN. ) SOLID_ANGLE_UNIT ( ) );
#1530 = PLANE ( 'NONE',  #4623 ) ;
#1531 = VERTEX_POINT ( 'NONE', #4807 ) ;
#1532 = FACE_OUTER_BOUND ( 'NONE', #1955, .T. ) ;
#1533 = CARTESIAN_POINT ( 'NONE',  ( 0.3699999999999999956, 0.0000000000000000000, 0.0000000000000000000 ) ) ;
#1534 = FACE_OUTER_BOUND ( 'NONE', #2504, .T. ) ;
#1535 =( NAMED_UNIT ( * ) PLANE_ANGLE_UNIT ( ) SI_UNIT ( $, .RADIAN. ) );
#1536 = AXIS2_PLACEMENT_3D ( 'NONE', #4776, #139, #1297 ) ;
#1537 = MECHANICAL_DESIGN_GEOMETRIC_PRESENTATION_REPRESENTATION (  '', ( #2998 ), #879 ) ;
#1538 = ORIENTED_EDGE ( 'NONE', *, *, #4474, .T. ) ;
#1539 =( GEOMETRIC_REPRESENTATION_CONTEXT ( 3 ) GLOBAL_UNCERTAINTY_ASSIGNED_CONTEXT ( ( #1326 ) ) GLOBAL_UNIT_ASSIGNED_CONTEXT ( ( #2289, #1535, #313 ) ) REPRESENTATION_CONTEXT ( 'NONE', 'WORKASPACE' ) );
#1540 = STYLED_ITEM ( 'NONE', ( #2089 ), #573 ) ;
#1541 =( NAMED_UNIT ( * ) PLANE_ANGLE_UNIT ( ) SI_UNIT ( $, .RADIAN. ) );
#1542 = STYLED_ITEM ( 'NONE', ( #2104 ), #5021 ) ;
#1543 = PRESENTATION_LAYER_ASSIGNMENT (  '', '', ( #1632 ) ) ;
#1544 = CARTESIAN_POINT ( 'NONE',  ( 0.6300000000000000044, -1.510000000000000009, 0.2500000000000000000 ) ) ;
#1545 = VECTOR ( 'NONE', #4855, 1000.000000000000000 ) ;
#1546 = DIRECTION ( 'NONE',  ( 0.0000000000000000000, 0.0000000000000000000, -1.000000000000000000 ) ) ;
#1547 = EDGE_CURVE ( 'NONE', #1082, #3866, #3247, .T. ) ;
#1548 = SURFACE_SIDE_STYLE ('',( #2372 ) ) ;
#1549 = DIRECTION ( 'NONE',  ( 0.0000000000000000000, 1.000000000000000000, -0.0000000000000000000 ) ) ;
#1550 = VECTOR ( 'NONE', #4390, 1000.000000000000000 ) ;
#1551 = SURFACE_SIDE_STYLE ('',( #431 ) ) ;
#1552 = ORIENTED_EDGE ( 'NONE', *, *, #1836, .F. ) ;
#1553 = AXIS2_PLACEMENT_3D ( 'NONE', #4335, #1682, #4696 ) ;
#1554 = SURFACE_STYLE_USAGE ( .BOTH. , #2755 ) ;
#1555 = EDGE_CURVE ( 'NONE', #1114, #2913, #2898, .T. ) ;
#1556 = SURFACE_SIDE_STYLE ('',( #4735 ) ) ;
#1557 = CARTESIAN_POINT ( 'NONE',  ( -1.099999999999999867, -0.7500000000000000000, 0.0000000000000000000 ) ) ;
#1558 = DIRECTION ( 'NONE',  ( 1.000000000000000000, 0.0000000000000000000, 0.0000000000000000000 ) ) ;
#1559 = PRESENTATION_LAYER_ASSIGNMENT (  '', '', ( #4477 ) ) ;
#1560 = VERTEX_POINT ( 'NONE', #3672 ) ;
#1561 = PRESENTATION_LAYER_ASSIGNMENT (  '', '', ( #4726 ) ) ;
#1562 = UNCERTAINTY_MEASURE_WITH_UNIT (LENGTH_MEASURE( 1.000000000000000082E-05 ), #495, 'distance_accuracy_value', 'NONE');
#1563 = LINE ( 'NONE', #3907, #667 ) ;
#1564 = DIRECTION ( 'NONE',  ( -0.0000000000000000000, -0.0000000000000000000, -1.000000000000000000 ) ) ;
#1565 = EDGE_CURVE ( 'NONE', #1531, #2185, #135, .T. ) ;
#1566 = FACE_OUTER_BOUND ( 'NONE', #3771, .T. ) ;
#1567 = DIRECTION ( 'NONE',  ( 0.0000000000000000000, 1.000000000000000000, -0.0000000000000000000 ) ) ;
#1568 = ORIENTED_EDGE ( 'NONE', *, *, #343, .F. ) ;
#1569 = VERTEX_POINT ( 'NONE', #4437 ) ;
#1570 = COLOUR_RGB ( '',0.9411764705882352811, 0.9411764705882352811, 0.9411764705882352811 ) ;
#1571 = UNCERTAINTY_MEASURE_WITH_UNIT (LENGTH_MEASURE( 1.000000000000000082E-05 ), #2404, 'distance_accuracy_value', 'NONE');
#1572 = FILL_AREA_STYLE_COLOUR ( '', #71 ) ;
#1573 = LINE ( 'NONE', #2436, #1606 ) ;
#1574 = SURFACE_STYLE_FILL_AREA ( #3570 ) ;
#1575 = COLOUR_RGB ( '',1.000000000000000000, 0.8156862745098039102, 0.02745098039215686236 ) ;
#1576 =( NAMED_UNIT ( * ) SI_UNIT ( $, .STERADIAN. ) SOLID_ANGLE_UNIT ( ) );
#1577 = FACE_OUTER_BOUND ( 'NONE', #4851, .T. ) ;
#1578 = PRESENTATION_LAYER_ASSIGNMENT (  '', '', ( #2802 ) ) ;
#1579 = PLANE ( 'NONE',  #453 ) ;
#1580 = VECTOR ( 'NONE', #1591, 1000.000000000000000 ) ;
#1581 = CARTESIAN_POINT ( 'NONE',  ( 0.1300000000000000044, 1.510000000000000009, 0.2500000000000000000 ) ) ;
#1582 = DIRECTION ( 'NONE',  ( -0.0000000000000000000, -0.0000000000000000000, -1.000000000000000000 ) ) ;
#1583 = ORIENTED_EDGE ( 'NONE', *, *, #2578, .F. ) ;
#1584 = SURFACE_STYLE_FILL_AREA ( #5055 ) ;
#1585 = CARTESIAN_POINT ( 'NONE',  ( 1.510000000000000009, 0.6300000000000000044, 0.0000000000000000000 ) ) ;
#1586 =( NAMED_UNIT ( * ) SI_UNIT ( $, .STERADIAN. ) SOLID_ANGLE_UNIT ( ) );
#1587 = DIRECTION ( 'NONE',  ( -0.0000000000000000000, -0.0000000000000000000, -1.000000000000000000 ) ) ;
#1588 = VERTEX_POINT ( 'NONE', #80 ) ;
#1589 = EDGE_CURVE ( 'NONE', #3027, #3398, #1319, .T. ) ;
#1590 = FILL_AREA_STYLE_COLOUR ( '', #1122 ) ;
#1591 = DIRECTION ( 'NONE',  ( 0.0000000000000000000, 1.000000000000000000, 0.0000000000000000000 ) ) ;
#1592 = FILL_AREA_STYLE_COLOUR ( '', #4380 ) ;
#1593 = DIRECTION ( 'NONE',  ( 0.0000000000000000000, 0.0000000000000000000, 1.000000000000000000 ) ) ;
#1594 =( NAMED_UNIT ( * ) SI_UNIT ( $, .STERADIAN. ) SOLID_ANGLE_UNIT ( ) );
#1595 = PLANE ( 'NONE',  #1732 ) ;
#1596 = ORIENTED_EDGE ( 'NONE', *, *, #5050, .F. ) ;
#1597 = EDGE_CURVE ( 'NONE', #2032, #2210, #1683, .T. ) ;
#1598 = ORIENTED_EDGE ( 'NONE', *, *, #2678, .F. ) ;
#1599 = CARTESIAN_POINT ( 'NONE',  ( 0.6300000000000000044, 1.510000000000000009, 0.0000000000000000000 ) ) ;
#1600 = PLANE ( 'NONE',  #4118 ) ;
#1601 = SURFACE_STYLE_USAGE ( .BOTH. , #903 ) ;
#1602 = DIRECTION ( 'NONE',  ( 0.0000000000000000000, 0.0000000000000000000, -1.000000000000000000 ) ) ;
#1603 =( NAMED_UNIT ( * ) PLANE_ANGLE_UNIT ( ) SI_UNIT ( $, .RADIAN. ) );
#1604 =( LENGTH_UNIT ( ) NAMED_UNIT ( * ) SI_UNIT ( .MILLI., .METRE. ) );
#1605 = CLOSED_SHELL ( 'NONE', ( #4618, #2308, #2005, #4719, #120, #3676 ) ) ;
#1606 = VECTOR ( 'NONE', #3993, 1000.000000000000000 ) ;
#1607 = SURFACE_STYLE_USAGE ( .BOTH. , #3074 ) ;
#1608 = ORIENTED_EDGE ( 'NONE', *, *, #4474, .F. ) ;
#1609 = STYLED_ITEM ( 'NONE', ( #2792 ), #4106 ) ;
#1610 = CARTESIAN_POINT ( 'NONE',  ( -1.510000000000000009, -0.6300000000000000044, 0.0000000000000000000 ) ) ;
#1611 = FILL_AREA_STYLE ('',( #408 ) ) ;
#1612 = SURFACE_STYLE_USAGE ( .BOTH. , #1556 ) ;
#1613 = DIRECTION ( 'NONE',  ( 1.000000000000000000, 0.0000000000000000000, -0.0000000000000000000 ) ) ;
#1614 = ORIENTED_EDGE ( 'NONE', *, *, #4023, .F. ) ;
#1615 = CARTESIAN_POINT ( 'NONE',  ( -0.3699999999999999956, 1.510000000000000009, 0.0000000000000000000 ) ) ;
#1616 = APPLICATION_PROTOCOL_DEFINITION ( 'draft international standard', 'automotive_design', 1998, #4691 ) ;
#1617 =( NAMED_UNIT ( * ) PLANE_ANGLE_UNIT ( ) SI_UNIT ( $, .RADIAN. ) );
#1618 =( LENGTH_UNIT ( ) NAMED_UNIT ( * ) SI_UNIT ( .MILLI., .METRE. ) );
#1619 = EDGE_CURVE ( 'NONE', #4524, #3948, #3641, .T. ) ;
#1620 = EDGE_LOOP ( 'NONE', ( #779, #1552, #2410, #4377 ) ) ;
#1621 = ORIENTED_EDGE ( 'NONE', *, *, #3988, .F. ) ;
#1622 = UNCERTAINTY_MEASURE_WITH_UNIT (LENGTH_MEASURE( 1.000000000000000082E-05 ), #3673, 'distance_accuracy_value', 'NONE');
#1623 = COLOUR_RGB ( '',1.000000000000000000, 0.8156862745098039102, 0.02745098039215686236 ) ;
#1624 = COLOUR_RGB ( '',1.000000000000000000, 0.8156862745098039102, 0.02745098039215686236 ) ;
#1625 = ADVANCED_FACE ( 'NONE', ( #4070 ), #2878, .T. ) ;
#1626 =( NAMED_UNIT ( * ) SI_UNIT ( $, .STERADIAN. ) SOLID_ANGLE_UNIT ( ) );
#1627 = FILL_AREA_STYLE ('',( #3571 ) ) ;
#1628 = PRESENTATION_LAYER_ASSIGNMENT (  '', '', ( #4289 ) ) ;
#1629 = DIRECTION ( 'NONE',  ( -1.000000000000000000, -0.0000000000000000000, 0.0000000000000000000 ) ) ;
#1630 =( GEOMETRIC_REPRESENTATION_CONTEXT ( 3 ) GLOBAL_UNCERTAINTY_ASSIGNED_CONTEXT ( ( #1622 ) ) GLOBAL_UNIT_ASSIGNED_CONTEXT ( ( #3673, #4838, #141 ) ) REPRESENTATION_CONTEXT ( 'NONE', 'WORKASPACE' ) );
#1631 =( GEOMETRIC_REPRESENTATION_CONTEXT ( 3 ) GLOBAL_UNCERTAINTY_ASSIGNED_CONTEXT ( ( #2497 ) ) GLOBAL_UNIT_ASSIGNED_CONTEXT ( ( #78, #3544, #4334 ) ) REPRESENTATION_CONTEXT ( 'NONE', 'WORKASPACE' ) );
#1632 = STYLED_ITEM ( 'NONE', ( #1270 ), #864 ) ;
#1633 = EDGE_CURVE ( 'NONE', #2721, #1139, #3959, .T. ) ;
#1634 = DIRECTION ( 'NONE',  ( 0.0000000000000000000, 1.000000000000000000, -0.0000000000000000000 ) ) ;
#1635 = SURFACE_STYLE_USAGE ( .BOTH. , #26 ) ;
#1636 = EDGE_LOOP ( 'NONE', ( #3438, #2377, #2084, #3814 ) ) ;
#1637 = PRESENTATION_LAYER_ASSIGNMENT (  '', '', ( #974 ) ) ;
#1638 = CARTESIAN_POINT ( 'NONE',  ( -0.8699999999999999956, 1.219999999999999973, 0.0000000000000000000 ) ) ;
#1639 = CARTESIAN_POINT ( 'NONE',  ( 0.8699999999999999956, 1.219999999999999973, 0.2500000000000000000 ) ) ;
#1640 =( GEOMETRIC_REPRESENTATION_CONTEXT ( 3 ) GLOBAL_UNCERTAINTY_ASSIGNED_CONTEXT ( ( #524 ) ) GLOBAL_UNIT_ASSIGNED_CONTEXT ( ( #1969, #4751, #3575 ) ) REPRESENTATION_CONTEXT ( 'NONE', 'WORKASPACE' ) );
#1641 = SURFACE_STYLE_FILL_AREA ( #4293 ) ;
#1642 = LINE ( 'NONE', #1177, #4467 ) ;
#1643 = ORIENTED_EDGE ( 'NONE', *, *, #2039, .T. ) ;
#1644 =( NAMED_UNIT ( * ) SI_UNIT ( $, .STERADIAN. ) SOLID_ANGLE_UNIT ( ) );
#1645 = SURFACE_STYLE_USAGE ( .BOTH. , #4297 ) ;
#1646 =( LENGTH_UNIT ( ) NAMED_UNIT ( * ) SI_UNIT ( .MILLI., .METRE. ) );
#1647 =( LENGTH_UNIT ( ) NAMED_UNIT ( * ) SI_UNIT ( .MILLI., .METRE. ) );
#1648 = VECTOR ( 'NONE', #1515, 1000.000000000000000 ) ;
#1649 = SURFACE_SIDE_STYLE ('',( #2056 ) ) ;
#1650 = STYLED_ITEM ( 'NONE', ( #1312 ), #1783 ) ;
#1651 = VERTEX_POINT ( 'NONE', #73 ) ;
#1652 = PRESENTATION_STYLE_ASSIGNMENT (( #2411 ) ) ;
#1653 = MECHANICAL_DESIGN_GEOMETRIC_PRESENTATION_REPRESENTATION (  '', ( #911 ), #3354 ) ;
#1654 = CARTESIAN_POINT ( 'NONE',  ( -0.8699999999999999956, 1.510000000000000009, 0.0000000000000000000 ) ) ;
#1655 = VECTOR ( 'NONE', #513, 1000.000000000000000 ) ;
#1656 = PRESENTATION_STYLE_ASSIGNMENT (( #50 ) ) ;
#1657 = MECHANICAL_DESIGN_GEOMETRIC_PRESENTATION_REPRESENTATION (  '', ( #2465 ), #487 ) ;
#1658 = DIRECTION ( 'NONE',  ( -0.0000000000000000000, -0.0000000000000000000, -1.000000000000000000 ) ) ;
#1659 = ADVANCED_FACE ( 'NONE', ( #3165 ), #1595, .F. ) ;
#1660 = SURFACE_STYLE_FILL_AREA ( #1527 ) ;
#1661 = COLOUR_RGB ( '',1.000000000000000000, 0.8156862745098039102, 0.02745098039215686236 ) ;
#1662 = DIRECTION ( 'NONE',  ( 0.0000000000000000000, 0.0000000000000000000, -1.000000000000000000 ) ) ;
#1663 = CARTESIAN_POINT ( 'NONE',  ( 0.6300000000000000044, -1.510000000000000009, 0.2500000000000000000 ) ) ;
#1664 =( NAMED_UNIT ( * ) PLANE_ANGLE_UNIT ( ) SI_UNIT ( $, .RADIAN. ) );
#1665 = DIRECTION ( 'NONE',  ( 0.0000000000000000000, 0.0000000000000000000, 1.000000000000000000 ) ) ;
#1666 = FACE_OUTER_BOUND ( 'NONE', #1747, .T. ) ;
#1667 = COLOUR_RGB ( '',1.000000000000000000, 0.8156862745098039102, 0.02745098039215686236 ) ;
#1668 = DIRECTION ( 'NONE',  ( -0.0000000000000000000, -0.0000000000000000000, -1.000000000000000000 ) ) ;
#1669 =( NAMED_UNIT ( * ) SI_UNIT ( $, .STERADIAN. ) SOLID_ANGLE_UNIT ( ) );
#1670 = FILL_AREA_STYLE ('',( #412 ) ) ;
#1671 = ORIENTED_EDGE ( 'NONE', *, *, #1053, .F. ) ;
#1672 = MANIFOLD_SOLID_BREP ( 'Imported18', #1605 ) ;
#1673 = CARTESIAN_POINT ( 'NONE',  ( 1.219999999999999973, -0.2500000000000000000, 0.0000000000000000000 ) ) ;
#1674 = DIRECTION ( 'NONE',  ( 0.0000000000000000000, 1.000000000000000000, 0.0000000000000000000 ) ) ;
#1675 = CARTESIAN_POINT ( 'NONE',  ( 0.8400000000000000799, 0.8400000000000000799, 0.0000000000000000000 ) ) ;
#1676 = ORIENTED_EDGE ( 'NONE', *, *, #79, .T. ) ;
#1677 = VERTEX_POINT ( 'NONE', #1675 ) ;
#1678 = UNCERTAINTY_MEASURE_WITH_UNIT (LENGTH_MEASURE( 1.000000000000000082E-05 ), #430, 'distance_accuracy_value', 'NONE');
#1679 =( NAMED_UNIT ( * ) PLANE_ANGLE_UNIT ( ) SI_UNIT ( $, .RADIAN. ) );
#1680 = SURFACE_STYLE_FILL_AREA ( #4303 ) ;
#1681 = DIRECTION ( 'NONE',  ( -0.0000000000000000000, -0.0000000000000000000, -1.000000000000000000 ) ) ;
#1682 = DIRECTION ( 'NONE',  ( -0.0000000000000000000, -0.0000000000000000000, -1.000000000000000000 ) ) ;
#1683 = LINE ( 'NONE', #4022, #4816 ) ;
#1684 = UNCERTAINTY_MEASURE_WITH_UNIT (LENGTH_MEASURE( 1.000000000000000082E-05 ), #1210, 'distance_accuracy_value', 'NONE');
#1685 = FILL_AREA_STYLE_COLOUR ( '', #938 ) ;
#1686 = ADVANCED_FACE ( 'NONE', ( #4373 ), #817, .F. ) ;
#1687 =( NAMED_UNIT ( * ) PLANE_ANGLE_UNIT ( ) SI_UNIT ( $, .RADIAN. ) );
#1688 = CARTESIAN_POINT ( 'NONE',  ( 1.510000000000000009, -0.1300000000000000044, 0.2500000000000000000 ) ) ;
#1689 = SURFACE_STYLE_USAGE ( .BOTH. , #4785 ) ;
#1690 = CARTESIAN_POINT ( 'NONE',  ( 0.7500000000000000000, -1.219999999999999973, 0.0000000000000000000 ) ) ;
#1691 = STYLED_ITEM ( 'NONE', ( #4608 ), #4018 ) ;
#1692 =( LENGTH_UNIT ( ) NAMED_UNIT ( * ) SI_UNIT ( .MILLI., .METRE. ) );
#1693 = ORIENTED_EDGE ( 'NONE', *, *, #304, .T. ) ;
#1694 = CARTESIAN_POINT ( 'NONE',  ( 0.8699999999999999956, 1.510000000000000009, 0.0000000000000000000 ) ) ;
#1695 = CLOSED_SHELL ( 'NONE', ( #2068, #3487, #2155, #247, #735, #439 ) ) ;
#1696 = VECTOR ( 'NONE', #2863, 1000.000000000000000 ) ;
#1697 = LINE ( 'NONE', #3234, #4220 ) ;
#1698 = CARTESIAN_POINT ( 'NONE',  ( -1.510000000000000009, 0.1300000000000000044, 0.2500000000000000000 ) ) ;
#1699 = EDGE_CURVE ( 'NONE', #1027, #2729, #398, .T. ) ;
#1700 = CARTESIAN_POINT ( 'NONE',  ( 0.6300000000000000044, 1.510000000000000009, 0.0000000000000000000 ) ) ;
#1701 = ORIENTED_EDGE ( 'NONE', *, *, #1274, .T. ) ;
#1702 =( GEOMETRIC_REPRESENTATION_CONTEXT ( 3 ) GLOBAL_UNCERTAINTY_ASSIGNED_CONTEXT ( ( #2147 ) ) GLOBAL_UNIT_ASSIGNED_CONTEXT ( ( #3452, #5007, #3056 ) ) REPRESENTATION_CONTEXT ( 'NONE', 'WORKASPACE' ) );
#1703 = VECTOR ( 'NONE', #2430, 1000.000000000000000 ) ;
#1704 = PRESENTATION_STYLE_ASSIGNMENT (( #2464 ) ) ;
#1705 = ORIENTED_EDGE ( 'NONE', *, *, #1842, .F. ) ;
#1706 = FACE_OUTER_BOUND ( 'NONE', #202, .T. ) ;
#1707 = AXIS2_PLACEMENT_3D ( 'NONE', #1136, #2374, #375 ) ;
#1708 = PLANE ( 'NONE',  #2568 ) ;
#1709 = STYLED_ITEM ( 'NONE', ( #175 ), #4990 ) ;
#1710 = CIRCLE ( 'NONE', #3334, 0.1199999999999999956 ) ;
#1711 = LINE ( 'NONE', #3253, #961 ) ;
#1712 = CARTESIAN_POINT ( 'NONE',  ( -1.510000000000000009, -0.6300000000000000044, 0.0000000000000000000 ) ) ;
#1713 = COLOUR_RGB ( '',1.000000000000000000, 0.8156862745098039102, 0.02745098039215686236 ) ;
#1714 = ORIENTED_EDGE ( 'NONE', *, *, #2751, .T. ) ;
#1715 = FILL_AREA_STYLE_COLOUR ( '', #4933 ) ;
#1716 = EDGE_CURVE ( 'NONE', #2403, #2886, #1482, .T. ) ;
#1717 = SURFACE_SIDE_STYLE ('',( #1309 ) ) ;
#1718 = AXIS2_PLACEMENT_3D ( 'NONE', #592, #3285, #1352 ) ;
#1719 = SURFACE_SIDE_STYLE ('',( #4399 ) ) ;
#1720 = PRESENTATION_STYLE_ASSIGNMENT (( #551 ) ) ;
#1721 = ORIENTED_EDGE ( 'NONE', *, *, #1223, .F. ) ;
#1722 = STYLED_ITEM ( 'NONE', ( #1525 ), #1230 ) ;
#1723 =( NAMED_UNIT ( * ) SI_UNIT ( $, .STERADIAN. ) SOLID_ANGLE_UNIT ( ) );
#1724 =( NAMED_UNIT ( * ) SI_UNIT ( $, .STERADIAN. ) SOLID_ANGLE_UNIT ( ) );
#1725 = EDGE_CURVE ( 'NONE', #3312, #2814, #91, .T. ) ;
#1726 = FILL_AREA_STYLE_COLOUR ( '', #637 ) ;
#1727 = LINE ( 'NONE', #4111, #54 ) ;
#1728 = ORIENTED_EDGE ( 'NONE', *, *, #2965, .T. ) ;
#1729 = ORIENTED_EDGE ( 'NONE', *, *, #1814, .T. ) ;
#1730 = DIRECTION ( 'NONE',  ( 0.0000000000000000000, -0.0000000000000000000, -1.000000000000000000 ) ) ;
#1731 = AXIS2_PLACEMENT_3D ( 'NONE', #4679, #4251, #836 ) ;
#1732 = AXIS2_PLACEMENT_3D ( 'NONE', #2359, #2718, #763 ) ;
#1733 = FILL_AREA_STYLE ('',( #2043 ) ) ;
#1734 = MECHANICAL_DESIGN_GEOMETRIC_PRESENTATION_REPRESENTATION (  '', ( #3927 ), #2142 ) ;
#1735 = SURFACE_STYLE_FILL_AREA ( #2495 ) ;
#1736 =( LENGTH_UNIT ( ) NAMED_UNIT ( * ) SI_UNIT ( .MILLI., .METRE. ) );
#1737 = CARTESIAN_POINT ( 'NONE',  ( -0.3699999999999999956, -1.219999999999999973, 0.0000000000000000000 ) ) ;
#1738 =( GEOMETRIC_REPRESENTATION_CONTEXT ( 3 ) GLOBAL_UNCERTAINTY_ASSIGNED_CONTEXT ( ( #3346 ) ) GLOBAL_UNIT_ASSIGNED_CONTEXT ( ( #975, #1679, #1724 ) ) REPRESENTATION_CONTEXT ( 'NONE', 'WORKASPACE' ) );
#1739 = CARTESIAN_POINT ( 'NONE',  ( 0.7500000000000000000, 1.219999999999999973, 0.0000000000000000000 ) ) ;
#1740 = ORIENTED_EDGE ( 'NONE', *, *, #1933, .F. ) ;
#1741 = PRESENTATION_LAYER_ASSIGNMENT (  '', '', ( #3458 ) ) ;
#1742 = DIRECTION ( 'NONE',  ( -1.000000000000000000, 0.0000000000000000000, -0.0000000000000000000 ) ) ;
#1743 = CARTESIAN_POINT ( 'NONE',  ( -0.1300000000000000044, 1.219999999999999973, 0.0000000000000000000 ) ) ;
#1744 = CARTESIAN_POINT ( 'NONE',  ( 0.3699999999999999956, -1.219999999999999973, 0.2500000000000000000 ) ) ;
#1745 = DIRECTION ( 'NONE',  ( -1.000000000000000000, 0.0000000000000000000, 0.0000000000000000000 ) ) ;
#1746 = EDGE_CURVE ( 'NONE', #807, #2941, #4426, .T. ) ;
#1747 = EDGE_LOOP ( 'NONE', ( #3790, #378, #3244, #5060 ) ) ;
#1748 = DIRECTION ( 'NONE',  ( 0.0000000000000000000, 0.0000000000000000000, -1.000000000000000000 ) ) ;
#1749 = PRESENTATION_STYLE_ASSIGNMENT (( #3692 ) ) ;
#1750 = SURFACE_STYLE_FILL_AREA ( #3321 ) ;
#1751 = CARTESIAN_POINT ( 'NONE',  ( 1.510000000000000009, 0.3699999999999999400, 0.2500000000000000000 ) ) ;
#1752 = EDGE_CURVE ( 'NONE', #895, #3633, #2867, .T. ) ;
#1753 = ORIENTED_EDGE ( 'NONE', *, *, #4468, .F. ) ;
#1754 = VERTEX_POINT ( 'NONE', #2533 ) ;
#1755 = SURFACE_STYLE_FILL_AREA ( #981 ) ;
#1756 = PRESENTATION_STYLE_ASSIGNMENT (( #2828 ) ) ;
#1757 = AXIS2_PLACEMENT_3D ( 'NONE', #2305, #4361, #850 ) ;
#1758 = FILL_AREA_STYLE ('',( #4027 ) ) ;
#1759 = PRODUCT ( 'User Library-16VQFN3x3', 'User Library-16VQFN3x3', '', ( #2791 ) ) ;
#1760 = CARTESIAN_POINT ( 'NONE',  ( 1.510000000000000009, 0.0000000000000000000, 0.0000000000000000000 ) ) ;
#1761 = CARTESIAN_POINT ( 'NONE',  ( 0.0000000000000000000, 0.0000000000000000000, 0.2500000000000000000 ) ) ;
#1762 = FILL_AREA_STYLE_COLOUR ( '', #2353 ) ;
#1763 = EDGE_LOOP ( 'NONE', ( #4924, #3292, #3380, #2352 ) ) ;
#1764 = UNCERTAINTY_MEASURE_WITH_UNIT (LENGTH_MEASURE( 1.000000000000000082E-05 ), #1337, 'distance_accuracy_value', 'NONE');
#1765 = CYLINDRICAL_SURFACE ( 'NONE', #2488, 0.1199999999999999956 ) ;
#1766 = SURFACE_STYLE_FILL_AREA ( #119 ) ;
#1767 = DIRECTION ( 'NONE',  ( 0.0000000000000000000, -1.000000000000000000, 0.0000000000000000000 ) ) ;
#1768 = CARTESIAN_POINT ( 'NONE',  ( -1.219999999999999973, -0.2500000000000000000, 0.2500000000000000000 ) ) ;
#1769 = VERTEX_POINT ( 'NONE', #1744 ) ;
#1770 =( LENGTH_UNIT ( ) NAMED_UNIT ( * ) SI_UNIT ( .MILLI., .METRE. ) );
#1771 = CARTESIAN_POINT ( 'NONE',  ( 0.3699999999999999400, -1.510000000000000009, 0.0000000000000000000 ) ) ;
#1772 = AXIS2_PLACEMENT_3D ( 'NONE', #4533, #2260, #5035 ) ;
#1773 = EDGE_CURVE ( 'NONE', #1288, #3866, #4481, .T. ) ;
#1774 = CARTESIAN_POINT ( 'NONE',  ( 0.8699999999999999956, 0.0000000000000000000, 0.0000000000000000000 ) ) ;
#1775 = PLANE ( 'NONE',  #983 ) ;
#1776 = ORIENTED_EDGE ( 'NONE', *, *, #2225, .T. ) ;
#1777 = ORIENTED_EDGE ( 'NONE', *, *, #1547, .F. ) ;
#1778 =( NAMED_UNIT ( * ) PLANE_ANGLE_UNIT ( ) SI_UNIT ( $, .RADIAN. ) );
#1779 = EDGE_CURVE ( 'NONE', #1888, #2913, #4084, .T. ) ;
#1780 = LINE ( 'NONE', #266, #117 ) ;
#1781 =( NAMED_UNIT ( * ) SI_UNIT ( $, .STERADIAN. ) SOLID_ANGLE_UNIT ( ) );
#1782 = UNCERTAINTY_MEASURE_WITH_UNIT (LENGTH_MEASURE( 1.000000000000000082E-05 ), #4189, 'distance_accuracy_value', 'NONE');
#1783 = ADVANCED_FACE ( 'NONE', ( #3736 ), #3212, .T. ) ;
#1784 = FACE_OUTER_BOUND ( 'NONE', #86, .T. ) ;
#1785 =( GEOMETRIC_REPRESENTATION_CONTEXT ( 3 ) GLOBAL_UNCERTAINTY_ASSIGNED_CONTEXT ( ( #1782 ) ) GLOBAL_UNIT_ASSIGNED_CONTEXT ( ( #4189, #691, #3822 ) ) REPRESENTATION_CONTEXT ( 'NONE', 'WORKASPACE' ) );
#1786 = SURFACE_STYLE_FILL_AREA ( #2094 ) ;
#1787 =( LENGTH_UNIT ( ) NAMED_UNIT ( * ) SI_UNIT ( .MILLI., .METRE. ) );
#1788 = FILL_AREA_STYLE ('',( #941 ) ) ;
#1789 = SURFACE_STYLE_FILL_AREA ( #2479 ) ;
#1790 = ORIENTED_EDGE ( 'NONE', *, *, #770, .F. ) ;
#1791 = STYLED_ITEM ( 'NONE', ( #4544 ), #692 ) ;
#1792 = AXIS2_PLACEMENT_3D ( 'NONE', #2054, #4666, #4371 ) ;
#1793 =( GEOMETRIC_REPRESENTATION_CONTEXT ( 3 ) GLOBAL_UNCERTAINTY_ASSIGNED_CONTEXT ( ( #45 ) ) GLOBAL_UNIT_ASSIGNED_CONTEXT ( ( #676, #1434, #4602 ) ) REPRESENTATION_CONTEXT ( 'NONE', 'WORKASPACE' ) );
#1794 =( LENGTH_UNIT ( ) NAMED_UNIT ( * ) SI_UNIT ( .MILLI., .METRE. ) );
#1795 = DIRECTION ( 'NONE',  ( 0.0000000000000000000, -1.000000000000000000, -0.0000000000000000000 ) ) ;
#1796 = ORIENTED_EDGE ( 'NONE', *, *, #2737, .T. ) ;
#1797 = LINE ( 'NONE', #2460, #1292 ) ;
#1798 =( NAMED_UNIT ( * ) PLANE_ANGLE_UNIT ( ) SI_UNIT ( $, .RADIAN. ) );
#1799 = SURFACE_STYLE_FILL_AREA ( #2259 ) ;
#1800 =( NAMED_UNIT ( * ) PLANE_ANGLE_UNIT ( ) SI_UNIT ( $, .RADIAN. ) );
#1801 = ORIENTED_EDGE ( 'NONE', *, *, #4590, .F. ) ;
#1802 = ORIENTED_EDGE ( 'NONE', *, *, #930, .T. ) ;
#1803 = PRESENTATION_LAYER_ASSIGNMENT (  '', '', ( #4304 ) ) ;
#1804 = DIRECTION ( 'NONE',  ( 0.0000000000000000000, 1.000000000000000000, 0.0000000000000000000 ) ) ;
#1805 = VECTOR ( 'NONE', #1808, 1000.000000000000000 ) ;
#1806 = VECTOR ( 'NONE', #1388, 1000.000000000000000 ) ;
#1807 = DIRECTION ( 'NONE',  ( 1.000000000000000000, 0.0000000000000000000, 0.0000000000000000000 ) ) ;
#1808 = DIRECTION ( 'NONE',  ( 0.0000000000000000000, 0.0000000000000000000, 1.000000000000000000 ) ) ;
#1809 = COLOUR_RGB ( '',1.000000000000000000, 0.8156862745098039102, 0.02745098039215686236 ) ;
#1810 = PRESENTATION_STYLE_ASSIGNMENT (( #1501 ) ) ;
#1811 = STYLED_ITEM ( 'NONE', ( #4554 ), #1848 ) ;
#1812 = FILL_AREA_STYLE ('',( #3363 ) ) ;
#1813 = SURFACE_STYLE_USAGE ( .BOTH. , #1479 ) ;
#1814 = EDGE_CURVE ( 'NONE', #1588, #2781, #619, .T. ) ;
#1815 = CARTESIAN_POINT ( 'NONE',  ( 0.0000000000000000000, 0.0000000000000000000, 0.2500000000000000000 ) ) ;
#1816 = STYLED_ITEM ( 'NONE', ( #251 ), #2743 ) ;
#1817 = ORIENTED_EDGE ( 'NONE', *, *, #2586, .F. ) ;
#1818 = FILL_AREA_STYLE_COLOUR ( '', #1272 ) ;
#1819 = PRESENTATION_STYLE_ASSIGNMENT (( #651 ) ) ;
#1820 = FACE_OUTER_BOUND ( 'NONE', #1636, .T. ) ;
#1821 = STYLED_ITEM ( 'NONE', ( #3226 ), #2853 ) ;
#1822 =( NAMED_UNIT ( * ) PLANE_ANGLE_UNIT ( ) SI_UNIT ( $, .RADIAN. ) );
#1823 =( LENGTH_UNIT ( ) NAMED_UNIT ( * ) SI_UNIT ( .MILLI., .METRE. ) );
#1824 = ORIENTED_EDGE ( 'NONE', *, *, #2678, .T. ) ;
#1825 = UNCERTAINTY_MEASURE_WITH_UNIT (LENGTH_MEASURE( 1.000000000000000082E-05 ), #3356, 'distance_accuracy_value', 'NONE');
#1826 = UNCERTAINTY_MEASURE_WITH_UNIT (LENGTH_MEASURE( 1.000000000000000082E-05 ), #4725, 'distance_accuracy_value', 'NONE');
#1827 = STYLED_ITEM ( 'NONE', ( #3377 ), #3357 ) ;
#1828 =( NAMED_UNIT ( * ) SI_UNIT ( $, .STERADIAN. ) SOLID_ANGLE_UNIT ( ) );
#1829 = VERTEX_POINT ( 'NONE', #1458 ) ;
#1830 = ORIENTED_EDGE ( 'NONE', *, *, #1314, .F. ) ;
#1831 = PLANE ( 'NONE',  #4569 ) ;
#1832 = CARTESIAN_POINT ( 'NONE',  ( -1.219999999999999973, -0.3699999999999999956, 0.0000000000000000000 ) ) ;
#1833 = PLANE ( 'NONE',  #373 ) ;
#1834 = DIRECTION ( 'NONE',  ( -0.0000000000000000000, -1.000000000000000000, -0.0000000000000000000 ) ) ;
#1835 = UNCERTAINTY_MEASURE_WITH_UNIT (LENGTH_MEASURE( 1.000000000000000082E-05 ), #2453, 'distance_accuracy_value', 'NONE');
#1836 = EDGE_CURVE ( 'NONE', #1481, #4937, #55, .T. ) ;
#1837 = FILL_AREA_STYLE ('',( #2228 ) ) ;
#1838 =( NAMED_UNIT ( * ) SI_UNIT ( $, .STERADIAN. ) SOLID_ANGLE_UNIT ( ) );
#1839 = VERTEX_POINT ( 'NONE', #4578 ) ;
#1840 = SURFACE_SIDE_STYLE ('',( #3733 ) ) ;
#1841 = PLANE ( 'NONE',  #694 ) ;
#1842 = EDGE_CURVE ( 'NONE', #2796, #2814, #3271, .T. ) ;
#1843 = DIRECTION ( 'NONE',  ( 1.000000000000000000, 0.0000000000000000000, 0.0000000000000000000 ) ) ;
#1844 = MECHANICAL_DESIGN_GEOMETRIC_PRESENTATION_REPRESENTATION (  '', ( #4268 ), #4354 ) ;
#1845 = CARTESIAN_POINT ( 'NONE',  ( -0.8699999999999999956, 1.510000000000000009, 0.0000000000000000000 ) ) ;
#1846 = VERTEX_POINT ( 'NONE', #4529 ) ;
#1847 = FILL_AREA_STYLE_COLOUR ( '', #243 ) ;
#1848 = ADVANCED_FACE ( 'NONE', ( #2207 ), #2235, .T. ) ;
#1849 = PRESENTATION_LAYER_ASSIGNMENT (  '', '', ( #4435 ) ) ;
#1850 = DIRECTION ( 'NONE',  ( 0.0000000000000000000, 0.0000000000000000000, 1.000000000000000000 ) ) ;
#1851 = ORIENTED_EDGE ( 'NONE', *, *, #3649, .T. ) ;
#1852 = MECHANICAL_DESIGN_GEOMETRIC_PRESENTATION_REPRESENTATION (  '', ( #2667 ), #3397 ) ;
#1853 = ORIENTED_EDGE ( 'NONE', *, *, #3233, .T. ) ;
#1854 = DIRECTION ( 'NONE',  ( 1.000000000000000000, -0.0000000000000000000, 0.0000000000000000000 ) ) ;
#1855 = DIRECTION ( 'NONE',  ( 0.0000000000000000000, -0.0000000000000000000, -1.000000000000000000 ) ) ;
#1856 = VECTOR ( 'NONE', #4625, 1000.000000000000000 ) ;
#1857 = SURFACE_STYLE_USAGE ( .BOTH. , #2954 ) ;
#1858 = VECTOR ( 'NONE', #1748, 1000.000000000000000 ) ;
#1859 = DIRECTION ( 'NONE',  ( -1.000000000000000000, 0.0000000000000000000, -0.0000000000000000000 ) ) ;
#1860 = STYLED_ITEM ( 'NONE', ( #3132 ), #247 ) ;
#1861 = PLANE ( 'NONE',  #3999 ) ;
#1862 = ORIENTED_EDGE ( 'NONE', *, *, #4443, .T. ) ;
#1863 = LINE ( 'NONE', #618, #1486 ) ;
#1864 = VECTOR ( 'NONE', #4987, 1000.000000000000000 ) ;
#1865 = AXIS2_PLACEMENT_3D ( 'NONE', #3893, #4312, #347 ) ;
#1866 = CARTESIAN_POINT ( 'NONE',  ( -0.8400000000000000799, 0.8400000000000000799, 0.2500000000000000000 ) ) ;
#1867 = ORIENTED_EDGE ( 'NONE', *, *, #4626, .F. ) ;
#1868 = EDGE_CURVE ( 'NONE', #1839, #3592, #2680, .T. ) ;
#1869 = DIRECTION ( 'NONE',  ( 0.0000000000000000000, 0.0000000000000000000, 1.000000000000000000 ) ) ;
#1870 = SURFACE_STYLE_USAGE ( .BOTH. , #706 ) ;
#1871 = FILL_AREA_STYLE ('',( #2584 ) ) ;
#1872 = VECTOR ( 'NONE', #2176, 1000.000000000000000 ) ;
#1873 = COLOUR_RGB ( '',1.000000000000000000, 0.8156862745098039102, 0.02745098039215686236 ) ;
#1874 = LINE ( 'NONE', #5012, #3986 ) ;
#1875 = ORIENTED_EDGE ( 'NONE', *, *, #1836, .T. ) ;
#1876 = AXIS2_PLACEMENT_3D ( 'NONE', #1815, #3851, #4193 ) ;
#1877 = EDGE_CURVE ( 'NONE', #1261, #3783, #4199, .T. ) ;
#1878 = VERTEX_POINT ( 'NONE', #2605 ) ;
#1879 = FILL_AREA_STYLE_COLOUR ( '', #324 ) ;
#1880 = FACE_OUTER_BOUND ( 'NONE', #4870, .T. ) ;
#1881 = CIRCLE ( 'NONE', #298, 0.1200000000000000927 ) ;
#1882 =( LENGTH_UNIT ( ) NAMED_UNIT ( * ) SI_UNIT ( .MILLI., .METRE. ) );
#1883 = PRESENTATION_LAYER_ASSIGNMENT (  '', '', ( #2778 ) ) ;
#1884 =( LENGTH_UNIT ( ) NAMED_UNIT ( * ) SI_UNIT ( .MILLI., .METRE. ) );
#1885 = CARTESIAN_POINT ( 'NONE',  ( 0.6300000000000000044, 1.510000000000000009, 0.2500000000000000000 ) ) ;
#1886 = VECTOR ( 'NONE', #924, 1000.000000000000000 ) ;
#1887 =( NAMED_UNIT ( * ) PLANE_ANGLE_UNIT ( ) SI_UNIT ( $, .RADIAN. ) );
#1888 = VERTEX_POINT ( 'NONE', #3831 ) ;
#1889 = DIRECTION ( 'NONE',  ( 0.0000000000000000000, 0.0000000000000000000, -1.000000000000000000 ) ) ;
#1890 = CARTESIAN_POINT ( 'NONE',  ( -0.6300000000000000044, 1.510000000000000009, 0.0000000000000000000 ) ) ;
#1891 = SURFACE_STYLE_USAGE ( .BOTH. , #1507 ) ;
#1892 = SURFACE_SIDE_STYLE ('',( #4955 ) ) ;
#1893 = AXIS2_PLACEMENT_3D ( 'NONE', #1175, #2710, #1232 ) ;
#1894 = SURFACE_STYLE_USAGE ( .BOTH. , #4930 ) ;
#1895 = LINE ( 'NONE', #3085, #4068 ) ;
#1896 = EDGE_LOOP ( 'NONE', ( #3699, #3505, #1405, #5053 ) ) ;
#1897 = FILL_AREA_STYLE ('',( #1847 ) ) ;
#1898 = SURFACE_SIDE_STYLE ('',( #312 ) ) ;
#1899 = ADVANCED_FACE ( 'NONE', ( #3370 ), #4504, .T. ) ;
#1900 = DIRECTION ( 'NONE',  ( 0.0000000000000000000, 0.0000000000000000000, 1.000000000000000000 ) ) ;
#1901 = PRESENTATION_LAYER_ASSIGNMENT (  '', '', ( #4089 ) ) ;
#1902 = VERTEX_POINT ( 'NONE', #1231 ) ;
#1903 = ORIENTED_EDGE ( 'NONE', *, *, #1018, .F. ) ;
#1904 = FACE_OUTER_BOUND ( 'NONE', #933, .T. ) ;
#1905 = DIRECTION ( 'NONE',  ( 0.0000000000000000000, 0.0000000000000000000, 1.000000000000000000 ) ) ;
#1906 = EDGE_CURVE ( 'NONE', #286, #2257, #2786, .T. ) ;
#1907 = CARTESIAN_POINT ( 'NONE',  ( 0.0000000000000000000, -0.6300000000000000044, 0.0000000000000000000 ) ) ;
#1908 = CARTESIAN_POINT ( 'NONE',  ( -1.219999999999999973, -0.1300000000000000044, 0.2500000000000000000 ) ) ;
#1909 = PRESENTATION_STYLE_ASSIGNMENT (( #1064 ) ) ;
#1910 = FILL_AREA_STYLE ('',( #4620 ) ) ;
#1911 = EDGE_LOOP ( 'NONE', ( #2099, #1693, #4156, #3882 ) ) ;
#1912 = SURFACE_STYLE_USAGE ( .BOTH. , #81 ) ;
#1913 = CARTESIAN_POINT ( 'NONE',  ( 1.219999999999999973, 0.3699999999999999956, 0.2500000000000000000 ) ) ;
#1914 = PRESENTATION_STYLE_ASSIGNMENT (( #1891 ) ) ;
#1915 = DIRECTION ( 'NONE',  ( 1.000000000000000000, -0.0000000000000000000, 0.0000000000000000000 ) ) ;
#1916 =( LENGTH_UNIT ( ) NAMED_UNIT ( * ) SI_UNIT ( .MILLI., .METRE. ) );
#1917 = SURFACE_SIDE_STYLE ('',( #1076 ) ) ;
#1918 = ORIENTED_EDGE ( 'NONE', *, *, #4055, .F. ) ;
#1919 = UNCERTAINTY_MEASURE_WITH_UNIT (LENGTH_MEASURE( 1.000000000000000082E-05 ), #1392, 'distance_accuracy_value', 'NONE');
#1920 =( GEOMETRIC_REPRESENTATION_CONTEXT ( 3 ) GLOBAL_UNCERTAINTY_ASSIGNED_CONTEXT ( ( #2484 ) ) GLOBAL_UNIT_ASSIGNED_CONTEXT ( ( #1455, #5006, #224 ) ) REPRESENTATION_CONTEXT ( 'NONE', 'WORKASPACE' ) );
#1921 = CARTESIAN_POINT ( 'NONE',  ( -0.3699999999999999956, -1.219999999999999973, 0.0000000000000000000 ) ) ;
#1922 = PLANE ( 'NONE',  #2281 ) ;
#1923 = MECHANICAL_DESIGN_GEOMETRIC_PRESENTATION_REPRESENTATION (  '', ( #4114 ), #2412 ) ;
#1924 = PLANE ( 'NONE',  #3440 ) ;
#1925 = EDGE_LOOP ( 'NONE', ( #134, #832, #43, #3054 ) ) ;
#1926 = ORIENTED_EDGE ( 'NONE', *, *, #511, .F. ) ;
#1927 = SURFACE_STYLE_FILL_AREA ( #2995 ) ;
#1928 = EDGE_CURVE ( 'NONE', #1754, #2950, #3181, .T. ) ;
#1929 = SURFACE_STYLE_FILL_AREA ( #1106 ) ;
#1930 = PRESENTATION_LAYER_ASSIGNMENT (  '', '', ( #2499 ) ) ;
#1931 = FILL_AREA_STYLE ('',( #3944 ) ) ;
#1932 = CARTESIAN_POINT ( 'NONE',  ( 0.3699999999999999400, -1.510000000000000009, 0.2500000000000000000 ) ) ;
#1933 = EDGE_CURVE ( 'NONE', #3464, #4736, #4269, .T. ) ;
#1934 = PRESENTATION_LAYER_ASSIGNMENT (  '', '', ( #1609 ) ) ;
#1935 = DIRECTION ( 'NONE',  ( 1.000000000000000000, 0.0000000000000000000, 0.0000000000000000000 ) ) ;
#1936 = LINE ( 'NONE', #3493, #4539 ) ;
#1937 = AXIS2_PLACEMENT_3D ( 'NONE', #233, #3399, #1869 ) ;
#1938 = CARTESIAN_POINT ( 'NONE',  ( 0.0000000000000000000, 0.0000000000000000000, 0.2500000000000000000 ) ) ;
#1939 = ORIENTED_EDGE ( 'NONE', *, *, #3394, .F. ) ;
#1940 = LINE ( 'NONE', #350, #4588 ) ;
#1941 = DIRECTION ( 'NONE',  ( 0.0000000000000000000, 0.0000000000000000000, -1.000000000000000000 ) ) ;
#1942 = FILL_AREA_STYLE_COLOUR ( '', #2794 ) ;
#1943 =( NAMED_UNIT ( * ) PLANE_ANGLE_UNIT ( ) SI_UNIT ( $, .RADIAN. ) );
#1944 = CARTESIAN_POINT ( 'NONE',  ( 1.510000000000000009, -0.3699999999999999400, 0.2500000000000000000 ) ) ;
#1945 = PRESENTATION_STYLE_ASSIGNMENT (( #2327 ) ) ;
#1946 = ORIENTED_EDGE ( 'NONE', *, *, #4438, .F. ) ;
#1947 = CIRCLE ( 'NONE', #1454, 0.1300000000000000044 ) ;
#1948 = AXIS2_PLACEMENT_3D ( 'NONE', #786, #2003, #2734 ) ;
#1949 = SURFACE_SIDE_STYLE ('',( #2329 ) ) ;
#1950 = LINE ( 'NONE', #3507, #2476 ) ;
#1951 = DIRECTION ( 'NONE',  ( 1.000000000000000000, 0.0000000000000000000, 0.0000000000000000000 ) ) ;
#1952 =( GEOMETRIC_REPRESENTATION_CONTEXT ( 3 ) GLOBAL_UNCERTAINTY_ASSIGNED_CONTEXT ( ( #4109 ) ) GLOBAL_UNIT_ASSIGNED_CONTEXT ( ( #4192, #723, #1091 ) ) REPRESENTATION_CONTEXT ( 'NONE', 'WORKASPACE' ) );
#1953 = FILL_AREA_STYLE ('',( #362 ) ) ;
#1954 = ORIENTED_EDGE ( 'NONE', *, *, #4566, .F. ) ;
#1955 = EDGE_LOOP ( 'NONE', ( #3671, #3875, #1851, #2291 ) ) ;
#1956 =( GEOMETRIC_REPRESENTATION_CONTEXT ( 3 ) GLOBAL_UNCERTAINTY_ASSIGNED_CONTEXT ( ( #3204 ) ) GLOBAL_UNIT_ASSIGNED_CONTEXT ( ( #547, #1268, #450 ) ) REPRESENTATION_CONTEXT ( 'NONE', 'WORKASPACE' ) );
#1957 = MECHANICAL_DESIGN_GEOMETRIC_PRESENTATION_REPRESENTATION (  '', ( #4372 ), #4542 ) ;
#1958 = CARTESIAN_POINT ( 'NONE',  ( -1.219999999999999973, 0.3699999999999999956, 0.2500000000000000000 ) ) ;
#1959 = CARTESIAN_POINT ( 'NONE',  ( -1.510000000000000009, 0.8699999999999999956, 0.0000000000000000000 ) ) ;
#1960 = PRODUCT_DEFINITION_FORMATION_WITH_SPECIFIED_SOURCE ( 'ANY', '', #4768, .NOT_KNOWN. ) ;
#1961 = VECTOR ( 'NONE', #3920, 1000.000000000000000 ) ;
#1962 = DIRECTION ( 'NONE',  ( -1.000000000000000000, 0.0000000000000000000, 0.0000000000000000000 ) ) ;
#1963 =( GEOMETRIC_REPRESENTATION_CONTEXT ( 3 ) GLOBAL_UNCERTAINTY_ASSIGNED_CONTEXT ( ( #2485 ) ) GLOBAL_UNIT_ASSIGNED_CONTEXT ( ( #4680, #3555, #34 ) ) REPRESENTATION_CONTEXT ( 'NONE', 'WORKASPACE' ) );
#1964 = DIRECTION ( 'NONE',  ( -1.000000000000000000, 0.0000000000000000000, -0.0000000000000000000 ) ) ;
#1965 =( NAMED_UNIT ( * ) PLANE_ANGLE_UNIT ( ) SI_UNIT ( $, .RADIAN. ) );
#1966 = EDGE_CURVE ( 'NONE', #163, #4134, #410, .T. ) ;
#1967 = LINE ( 'NONE', #5081, #3665 ) ;
#1968 = STYLED_ITEM ( 'NONE', ( #1452 ), #1240 ) ;
#1969 =( LENGTH_UNIT ( ) NAMED_UNIT ( * ) SI_UNIT ( .MILLI., .METRE. ) );
#1970 = ORIENTED_EDGE ( 'NONE', *, *, #598, .F. ) ;
#1971 = LINE ( 'NONE', #1528, #2587 ) ;
#1972 = DIRECTION ( 'NONE',  ( -1.000000000000000000, 0.0000000000000000000, 0.0000000000000000000 ) ) ;
#1973 = FACE_OUTER_BOUND ( 'NONE', #758, .T. ) ;
#1974 = ADVANCED_FACE ( 'NONE', ( #1973 ), #3900, .F. ) ;
#1975 = SURFACE_SIDE_STYLE ('',( #2449 ) ) ;
#1976 = EDGE_LOOP ( 'NONE', ( #3639, #2466, #1098, #1187 ) ) ;
#1977 = VECTOR ( 'NONE', #497, 1000.000000000000000 ) ;
#1978 = UNCERTAINTY_MEASURE_WITH_UNIT (LENGTH_MEASURE( 1.000000000000000082E-05 ), #2532, 'distance_accuracy_value', 'NONE');
#1979 = SURFACE_STYLE_USAGE ( .BOTH. , #1949 ) ;
#1980 =( LENGTH_UNIT ( ) NAMED_UNIT ( * ) SI_UNIT ( .MILLI., .METRE. ) );
#1981 = CARTESIAN_POINT ( 'NONE',  ( 0.0000000000000000000, 0.0000000000000000000, 0.0000000000000000000 ) ) ;
#1982 = LINE ( 'NONE', #4010, #1459 ) ;
#1983 = MECHANICAL_DESIGN_GEOMETRIC_PRESENTATION_REPRESENTATION (  '', ( #569 ), #4733 ) ;
#1984 = SURFACE_STYLE_USAGE ( .BOTH. , #1649 ) ;
#1985 = VERTEX_POINT ( 'NONE', #1258 ) ;
#1986 = EDGE_LOOP ( 'NONE', ( #633, #4462, #1790, #4277 ) ) ;
#1987 = PRESENTATION_LAYER_ASSIGNMENT (  '', '', ( #569 ) ) ;
#1988 = UNCERTAINTY_MEASURE_WITH_UNIT (LENGTH_MEASURE( 1.000000000000000082E-05 ), #3053, 'distance_accuracy_value', 'NONE');
#1989 = DIRECTION ( 'NONE',  ( 0.0000000000000000000, -1.000000000000000000, 0.0000000000000000000 ) ) ;
#1990 = DIRECTION ( 'NONE',  ( 1.000000000000000000, 0.0000000000000000000, 0.0000000000000000000 ) ) ;
#1991 = SURFACE_STYLE_USAGE ( .BOTH. , #2038 ) ;
#1992 = PRESENTATION_LAYER_ASSIGNMENT (  '', '', ( #65 ) ) ;
#1993 = SURFACE_STYLE_USAGE ( .BOTH. , #402 ) ;
#1994 = LINE ( 'NONE', #4241, #4912 ) ;
#1995 =( GEOMETRIC_REPRESENTATION_CONTEXT ( 3 ) GLOBAL_UNCERTAINTY_ASSIGNED_CONTEXT ( ( #896 ) ) GLOBAL_UNIT_ASSIGNED_CONTEXT ( ( #4509, #2284, #311 ) ) REPRESENTATION_CONTEXT ( 'NONE', 'WORKASPACE' ) );
#1996 = SURFACE_STYLE_USAGE ( .BOTH. , #1170 ) ;
#1997 = ORIENTED_EDGE ( 'NONE', *, *, #112, .F. ) ;
#1998 = EDGE_CURVE ( 'NONE', #4235, #4937, #3951, .T. ) ;
#1999 = CARTESIAN_POINT ( 'NONE',  ( -1.219999999999999973, -0.6300000000000000044, 0.0000000000000000000 ) ) ;
#2000 = FILL_AREA_STYLE_COLOUR ( '', #2626 ) ;
#2001 = SURFACE_STYLE_FILL_AREA ( #1670 ) ;
#2002 = VERTEX_POINT ( 'NONE', #1585 ) ;
#2003 = DIRECTION ( 'NONE',  ( -0.0000000000000000000, -0.0000000000000000000, -1.000000000000000000 ) ) ;
#2004 = DIRECTION ( 'NONE',  ( 1.000000000000000000, 0.0000000000000000000, 0.0000000000000000000 ) ) ;
#2005 = ADVANCED_FACE ( 'NONE', ( #2811 ), #3129, .T. ) ;
#2006 =( LENGTH_UNIT ( ) NAMED_UNIT ( * ) SI_UNIT ( .MILLI., .METRE. ) );
#2007 = SURFACE_STYLE_FILL_AREA ( #3985 ) ;
#2008 =( GEOMETRIC_REPRESENTATION_CONTEXT ( 3 ) GLOBAL_UNCERTAINTY_ASSIGNED_CONTEXT ( ( #4107 ) ) GLOBAL_UNIT_ASSIGNED_CONTEXT ( ( #3653, #2052, #3611 ) ) REPRESENTATION_CONTEXT ( 'NONE', 'WORKASPACE' ) );
#2009 = ORIENTED_EDGE ( 'NONE', *, *, #4860, .F. ) ;
#2010 = ORIENTED_EDGE ( 'NONE', *, *, #508, .T. ) ;
#2011 = ADVANCED_FACE ( 'NONE', ( #3978 ), #3704, .F. ) ;
#2012 = STYLED_ITEM ( 'NONE', ( #4439 ), #3712 ) ;
#2013 = DIRECTION ( 'NONE',  ( 0.0000000000000000000, 0.0000000000000000000, 1.000000000000000000 ) ) ;
#2014 = PLANE ( 'NONE',  #3839 ) ;
#2015 = SURFACE_STYLE_FILL_AREA ( #1931 ) ;
#2016 = SURFACE_SIDE_STYLE ('',( #1198 ) ) ;
#2017 = DIRECTION ( 'NONE',  ( 1.000000000000000000, 0.0000000000000000000, 0.0000000000000000000 ) ) ;
#2018 = EDGE_LOOP ( 'NONE', ( #1129, #1050, #1853, #4897 ) ) ;
#2019 =( GEOMETRIC_REPRESENTATION_CONTEXT ( 3 ) GLOBAL_UNCERTAINTY_ASSIGNED_CONTEXT ( ( #959 ) ) GLOBAL_UNIT_ASSIGNED_CONTEXT ( ( #3480, #3460, #1100 ) ) REPRESENTATION_CONTEXT ( 'NONE', 'WORKASPACE' ) );
#2020 = CARTESIAN_POINT ( 'NONE',  ( -0.8699999999999999956, 1.219999999999999973, 0.2500000000000000000 ) ) ;
#2021 = CARTESIAN_POINT ( 'NONE',  ( 1.219999999999999973, 0.8699999999999999956, 0.0000000000000000000 ) ) ;
#2022 = PRESENTATION_LAYER_ASSIGNMENT (  '', '', ( #789 ) ) ;
#2023 = SURFACE_STYLE_FILL_AREA ( #858 ) ;
#2024 = EDGE_CURVE ( 'NONE', #2231, #4260, #2788, .T. ) ;
#2025 = ORIENTED_EDGE ( 'NONE', *, *, #1814, .F. ) ;
#2026 =( NAMED_UNIT ( * ) PLANE_ANGLE_UNIT ( ) SI_UNIT ( $, .RADIAN. ) );
#2027 = VECTOR ( 'NONE', #501, 1000.000000000000000 ) ;
#2028 = LINE ( 'NONE', #4635, #1580 ) ;
#2029 =( NAMED_UNIT ( * ) PLANE_ANGLE_UNIT ( ) SI_UNIT ( $, .RADIAN. ) );
#2030 = DIRECTION ( 'NONE',  ( 0.0000000000000000000, -1.000000000000000000, -0.0000000000000000000 ) ) ;
#2031 = EDGE_CURVE ( 'NONE', #2721, #4210, #3185, .T. ) ;
#2032 = VERTEX_POINT ( 'NONE', #4755 ) ;
#2033 = UNCERTAINTY_MEASURE_WITH_UNIT (LENGTH_MEASURE( 1.000000000000000082E-05 ), #1823, 'distance_accuracy_value', 'NONE');
#2034 = PRESENTATION_STYLE_ASSIGNMENT (( #3964 ) ) ;
#2035 = DIRECTION ( 'NONE',  ( 0.0000000000000000000, 0.0000000000000000000, -1.000000000000000000 ) ) ;
#2036 = AXIS2_PLACEMENT_3D ( 'NONE', #2777, #1546, #1964 ) ;
#2037 = COLOUR_RGB ( '',1.000000000000000000, 0.8156862745098039102, 0.02745098039215686236 ) ;
#2038 = SURFACE_SIDE_STYLE ('',( #1574 ) ) ;
#2039 = EDGE_CURVE ( 'NONE', #886, #4513, #4029, .T. ) ;
#2040 = STYLED_ITEM ( 'NONE', ( #3042 ), #4832 ) ;
#2041 = SURFACE_STYLE_FILL_AREA ( #849 ) ;
#2042 = COLOUR_RGB ( '',1.000000000000000000, 0.8156862745098039102, 0.02745098039215686236 ) ;
#2043 = FILL_AREA_STYLE_COLOUR ( '', #457 ) ;
#2044 = COLOUR_RGB ( '',1.000000000000000000, 0.8156862745098039102, 0.02745098039215686236 ) ;
#2045 = PRESENTATION_STYLE_ASSIGNMENT (( #1635 ) ) ;
#2046 = MECHANICAL_DESIGN_GEOMETRIC_PRESENTATION_REPRESENTATION (  '', ( #2525 ), #4466 ) ;
#2047 = CIRCLE ( 'NONE', #638, 0.1199999999999999956 ) ;
#2048 = SURFACE_STYLE_USAGE ( .BOTH. , #2930 ) ;
#2049 =( NAMED_UNIT ( * ) PLANE_ANGLE_UNIT ( ) SI_UNIT ( $, .RADIAN. ) );
#2050 = DIRECTION ( 'NONE',  ( -0.0000000000000000000, -0.0000000000000000000, -1.000000000000000000 ) ) ;
#2051 = ORIENTED_EDGE ( 'NONE', *, *, #56, .T. ) ;
#2052 =( NAMED_UNIT ( * ) PLANE_ANGLE_UNIT ( ) SI_UNIT ( $, .RADIAN. ) );
#2053 = FACE_OUTER_BOUND ( 'NONE', #1068, .T. ) ;
#2054 = CARTESIAN_POINT ( 'NONE',  ( 0.8400000000000000799, 0.8400000000000000799, 0.0000000000000000000 ) ) ;
#2055 = AXIS2_PLACEMENT_3D ( 'NONE', #1342, #4511, #2214 ) ;
#2056 = SURFACE_STYLE_FILL_AREA ( #3960 ) ;
#2057 = COLOUR_RGB ( '',1.000000000000000000, 0.8156862745098039102, 0.02745098039215686236 ) ;
#2058 = ORIENTED_EDGE ( 'NONE', *, *, #3394, .T. ) ;
#2059 = CARTESIAN_POINT ( 'NONE',  ( 1.510000000000000009, -0.8699999999999999956, 0.2500000000000000000 ) ) ;
#2060 = AXIS2_PLACEMENT_3D ( 'NONE', #3789, #254, #5008 ) ;
#2061 = EDGE_CURVE ( 'NONE', #179, #2403, #963, .T. ) ;
#2062 = DIRECTION ( 'NONE',  ( 1.000000000000000000, 0.0000000000000000000, 0.0000000000000000000 ) ) ;
#2063 = CIRCLE ( 'NONE', #2624, 0.1200000000000000927 ) ;
#2064 =( NAMED_UNIT ( * ) PLANE_ANGLE_UNIT ( ) SI_UNIT ( $, .RADIAN. ) );
#2065 = SURFACE_STYLE_FILL_AREA ( #875 ) ;
#2066 = ADVANCED_FACE ( 'NONE', ( #2095 ), #3625, .F. ) ;
#2067 = STYLED_ITEM ( 'NONE', ( #1909 ), #2958 ) ;
#2068 = ADVANCED_FACE ( 'NONE', ( #2170 ), #3517, .T. ) ;
#2069 =( NAMED_UNIT ( * ) PLANE_ANGLE_UNIT ( ) SI_UNIT ( $, .RADIAN. ) );
#2070 = VECTOR ( 'NONE', #4257, 1000.000000000000000 ) ;
#2071 = ORIENTED_EDGE ( 'NONE', *, *, #4468, .T. ) ;
#2072 = CARTESIAN_POINT ( 'NONE',  ( 1.510000000000000009, -0.6300000000000000044, 0.0000000000000000000 ) ) ;
#2073 = DIRECTION ( 'NONE',  ( 1.000000000000000000, 0.0000000000000000000, 0.0000000000000000000 ) ) ;
#2074 = CYLINDRICAL_SURFACE ( 'NONE', #3807, 0.1200000000000000927 ) ;
#2075 =( NAMED_UNIT ( * ) SI_UNIT ( $, .STERADIAN. ) SOLID_ANGLE_UNIT ( ) );
#2076 = CARTESIAN_POINT ( 'NONE',  ( 1.510000000000000009, 0.8699999999999999956, 0.0000000000000000000 ) ) ;
#2077 = ORIENTED_EDGE ( 'NONE', *, *, #56, .F. ) ;
#2078 = CARTESIAN_POINT ( 'NONE',  ( -0.3699999999999999956, -1.510000000000000009, 0.2500000000000000000 ) ) ;
#2079 = UNCERTAINTY_MEASURE_WITH_UNIT (LENGTH_MEASURE( 1.000000000000000082E-05 ), #4923, 'distance_accuracy_value', 'NONE');
#2080 = DIRECTION ( 'NONE',  ( 1.000000000000000000, 0.0000000000000000000, 0.0000000000000000000 ) ) ;
#2081 = DIRECTION ( 'NONE',  ( 0.0000000000000000000, 1.000000000000000000, 0.0000000000000000000 ) ) ;
#2082 = STYLED_ITEM ( 'NONE', ( #728 ), #3644 ) ;
#2083 =( NAMED_UNIT ( * ) PLANE_ANGLE_UNIT ( ) SI_UNIT ( $, .RADIAN. ) );
#2084 = ORIENTED_EDGE ( 'NONE', *, *, #317, .T. ) ;
#2085 = ADVANCED_FACE ( 'NONE', ( #645 ), #1861, .T. ) ;
#2086 = CARTESIAN_POINT ( 'NONE',  ( 1.219999999999999973, 0.6300000000000000044, 0.0000000000000000000 ) ) ;
#2087 =( LENGTH_UNIT ( ) NAMED_UNIT ( * ) SI_UNIT ( .MILLI., .METRE. ) );
#2088 = FACE_OUTER_BOUND ( 'NONE', #2690, .T. ) ;
#2089 = PRESENTATION_STYLE_ASSIGNMENT (( #4750 ) ) ;
#2090 = EDGE_CURVE ( 'NONE', #349, #2796, #2198, .T. ) ;
#2091 = FILL_AREA_STYLE ('',( #588 ) ) ;
#2092 = VECTOR ( 'NONE', #1216, 1000.000000000000000 ) ;
#2093 = CARTESIAN_POINT ( 'NONE',  ( 1.510000000000000009, -0.1300000000000000044, 0.0000000000000000000 ) ) ;
#2094 = FILL_AREA_STYLE ('',( #84 ) ) ;
#2095 = FACE_OUTER_BOUND ( 'NONE', #4433, .T. ) ;
#2096 = DIRECTION ( 'NONE',  ( -1.000000000000000000, 0.0000000000000000000, 0.0000000000000000000 ) ) ;
#2097 = EDGE_CURVE ( 'NONE', #319, #2200, #220, .T. ) ;
#2098 = MECHANICAL_DESIGN_GEOMETRIC_PRESENTATION_REPRESENTATION (  '', ( #1609 ), #690 ) ;
#2099 = ORIENTED_EDGE ( 'NONE', *, *, #3268, .T. ) ;
#2100 = FACE_OUTER_BOUND ( 'NONE', #4603, .T. ) ;
#2101 = CARTESIAN_POINT ( 'NONE',  ( 0.0000000000000000000, 0.6300000000000000044, 0.0000000000000000000 ) ) ;
#2102 = CLOSED_SHELL ( 'NONE', ( #4313, #1497, #1371, #2189, #151, #274 ) ) ;
#2103 = VECTOR ( 'NONE', #4706, 1000.000000000000000 ) ;
#2104 = PRESENTATION_STYLE_ASSIGNMENT (( #519 ) ) ;
#2105 = FILL_AREA_STYLE ('',( #520 ) ) ;
#2106 = SURFACE_STYLE_FILL_AREA ( #521 ) ;
#2107 = ORIENTED_EDGE ( 'NONE', *, *, #4169, .T. ) ;
#2108 = PLANE ( 'NONE',  #5037 ) ;
#2109 = DIRECTION ( 'NONE',  ( -1.000000000000000000, 0.0000000000000000000, -0.0000000000000000000 ) ) ;
#2110 = SURFACE_SIDE_STYLE ('',( #527 ) ) ;
#2111 =( GEOMETRIC_REPRESENTATION_CONTEXT ( 3 ) GLOBAL_UNCERTAINTY_ASSIGNED_CONTEXT ( ( #94 ) ) GLOBAL_UNIT_ASSIGNED_CONTEXT ( ( #1234, #4712, #4296 ) ) REPRESENTATION_CONTEXT ( 'NONE', 'WORKASPACE' ) );
#2112 = DIRECTION ( 'NONE',  ( -0.0000000000000000000, -0.0000000000000000000, -1.000000000000000000 ) ) ;
#2113 = CARTESIAN_POINT ( 'NONE',  ( 0.0000000000000000000, 0.1300000000000000044, 0.0000000000000000000 ) ) ;
#2114 = VERTEX_POINT ( 'NONE', #3416 ) ;
#2115 = PLANE ( 'NONE',  #3593 ) ;
#2116 = EDGE_LOOP ( 'NONE', ( #1435, #5026, #1102, #27 ) ) ;
#2117 = DIRECTION ( 'NONE',  ( -1.000000000000000000, 0.0000000000000000000, -0.0000000000000000000 ) ) ;
#2118 = FACE_OUTER_BOUND ( 'NONE', #3118, .T. ) ;
#2119 = MECHANICAL_DESIGN_GEOMETRIC_PRESENTATION_REPRESENTATION (  '', ( #1791 ), #4705 ) ;
#2120 =( LENGTH_UNIT ( ) NAMED_UNIT ( * ) SI_UNIT ( .MILLI., .METRE. ) );
#2121 = PRESENTATION_LAYER_ASSIGNMENT (  '', '', ( #2848 ) ) ;
#2122 = EDGE_CURVE ( 'NONE', #1839, #4235, #4388, .T. ) ;
#2123 = ORIENTED_EDGE ( 'NONE', *, *, #2246, .T. ) ;
#2124 = SURFACE_STYLE_FILL_AREA ( #3261 ) ;
#2125 = PLANE ( 'NONE',  #3735 ) ;
#2126 = VECTOR ( 'NONE', #3305, 1000.000000000000000 ) ;
#2127 = ADVANCED_FACE ( 'NONE', ( #4947 ), #4190, .T. ) ;
#2128 = SURFACE_STYLE_FILL_AREA ( #4823 ) ;
#2129 = ORIENTED_EDGE ( 'NONE', *, *, #1966, .T. ) ;
#2130 = VECTOR ( 'NONE', #689, 1000.000000000000000 ) ;
#2131 = UNCERTAINTY_MEASURE_WITH_UNIT (LENGTH_MEASURE( 1.000000000000000082E-05 ), #1037, 'distance_accuracy_value', 'NONE');
#2132 = SURFACE_SIDE_STYLE ('',( #4037 ) ) ;
#2133 = UNCERTAINTY_MEASURE_WITH_UNIT (LENGTH_MEASURE( 1.000000000000000082E-05 ), #107, 'distance_accuracy_value', 'NONE');
#2134 = CARTESIAN_POINT ( 'NONE',  ( 0.6300000000000000044, -1.510000000000000009, 0.0000000000000000000 ) ) ;
#2135 =( NAMED_UNIT ( * ) SI_UNIT ( $, .STERADIAN. ) SOLID_ANGLE_UNIT ( ) );
#2136 = AXIS2_PLACEMENT_3D ( 'NONE', #3913, #3511, #2408 ) ;
#2137 = VECTOR ( 'NONE', #3996, 1000.000000000000000 ) ;
#2138 = LINE ( 'NONE', #1363, #2603 ) ;
#2139 = EDGE_LOOP ( 'NONE', ( #2601, #2244, #3853, #5084 ) ) ;
#2140 = ORIENTED_EDGE ( 'NONE', *, *, #1462, .F. ) ;
#2141 = DIRECTION ( 'NONE',  ( 1.000000000000000000, 0.0000000000000000000, 0.0000000000000000000 ) ) ;
#2142 =( GEOMETRIC_REPRESENTATION_CONTEXT ( 3 ) GLOBAL_UNCERTAINTY_ASSIGNED_CONTEXT ( ( #737 ) ) GLOBAL_UNIT_ASSIGNED_CONTEXT ( ( #64, #3256, #460 ) ) REPRESENTATION_CONTEXT ( 'NONE', 'WORKASPACE' ) );
#2143 = VECTOR ( 'NONE', #2252, 1000.000000000000000 ) ;
#2144 = MECHANICAL_DESIGN_GEOMETRIC_PRESENTATION_REPRESENTATION (  '', ( #1075 ), #5076 ) ;
#2145 = PRESENTATION_STYLE_ASSIGNMENT (( #3600 ) ) ;
#2146 = DIRECTION ( 'NONE',  ( 1.000000000000000000, 0.0000000000000000000, 0.0000000000000000000 ) ) ;
#2147 = UNCERTAINTY_MEASURE_WITH_UNIT (LENGTH_MEASURE( 1.000000000000000082E-05 ), #3452, 'distance_accuracy_value', 'NONE');
#2148 =( GEOMETRIC_REPRESENTATION_CONTEXT ( 3 ) GLOBAL_UNCERTAINTY_ASSIGNED_CONTEXT ( ( #2683 ) ) GLOBAL_UNIT_ASSIGNED_CONTEXT ( ( #4446, #2548, #590 ) ) REPRESENTATION_CONTEXT ( 'NONE', 'WORKASPACE' ) );
#2149 = LINE ( 'NONE', #4051, #3852 ) ;
#2150 = SURFACE_STYLE_USAGE ( .BOTH. , #540 ) ;
#2151 = MECHANICAL_DESIGN_GEOMETRIC_PRESENTATION_REPRESENTATION (  '', ( #3701 ), #3117 ) ;
#2152 = SURFACE_STYLE_FILL_AREA ( #1788 ) ;
#2153 = FACE_OUTER_BOUND ( 'NONE', #3167, .T. ) ;
#2154 = ORIENTED_EDGE ( 'NONE', *, *, #764, .T. ) ;
#2155 = ADVANCED_FACE ( 'NONE', ( #2393 ), #3217, .F. ) ;
#2156 = LINE ( 'NONE', #2072, #5018 ) ;
#2157 = STYLED_ITEM ( 'NONE', ( #386 ), #3362 ) ;
#2158 = CARTESIAN_POINT ( 'NONE',  ( 1.219999999999999973, -0.6300000000000000044, 0.0000000000000000000 ) ) ;
#2159 = SURFACE_STYLE_FILL_AREA ( #2556 ) ;
#2160 = EDGE_LOOP ( 'NONE', ( #1596, #2908, #3352, #2237 ) ) ;
#2161 = EDGE_CURVE ( 'NONE', #3127, #2263, #901, .T. ) ;
#2162 = DIRECTION ( 'NONE',  ( 0.0000000000000000000, 0.0000000000000000000, -1.000000000000000000 ) ) ;
#2163 = ORIENTED_EDGE ( 'NONE', *, *, #3104, .T. ) ;
#2164 = EDGE_LOOP ( 'NONE', ( #623, #2969, #1970, #68 ) ) ;
#2165 = SURFACE_STYLE_USAGE ( .BOTH. , #2899 ) ;
#2166 = DIRECTION ( 'NONE',  ( -0.0000000000000000000, -0.0000000000000000000, -1.000000000000000000 ) ) ;
#2167 = PRESENTATION_LAYER_ASSIGNMENT (  '', '', ( #257 ) ) ;
#2168 = SURFACE_STYLE_USAGE ( .BOTH. , #3674 ) ;
#2169 = PLANE ( 'NONE',  #2036 ) ;
#2170 = FACE_OUTER_BOUND ( 'NONE', #3214, .T. ) ;
#2171 = SURFACE_STYLE_USAGE ( .BOTH. , #2934 ) ;
#2172 = EDGE_LOOP ( 'NONE', ( #3842, #2250, #3990, #1338 ) ) ;
#2173 = AXIS2_PLACEMENT_3D ( 'NONE', #1832, #4541, #3817 ) ;
#2174 = PRESENTATION_STYLE_ASSIGNMENT (( #3803 ) ) ;
#2175 = CARTESIAN_POINT ( 'NONE',  ( -1.219999999999999973, 0.7500000000000000000, 0.0000000000000000000 ) ) ;
#2176 = DIRECTION ( 'NONE',  ( 0.0000000000000000000, 0.0000000000000000000, 1.000000000000000000 ) ) ;
#2177 = DIRECTION ( 'NONE',  ( 0.0000000000000000000, -1.000000000000000000, -0.0000000000000000000 ) ) ;
#2178 = ORIENTED_EDGE ( 'NONE', *, *, #2704, .T. ) ;
#2179 = UNCERTAINTY_MEASURE_WITH_UNIT (LENGTH_MEASURE( 1.000000000000000082E-05 ), #4418, 'distance_accuracy_value', 'NONE');
#2180 = LINE ( 'NONE', #4404, #3486 ) ;
#2181 = CARTESIAN_POINT ( 'NONE',  ( 1.219999999999999973, 0.2500000000000000000, 0.0000000000000000000 ) ) ;
#2182 = CARTESIAN_POINT ( 'NONE',  ( 1.510000000000000009, -0.3699999999999999956, 0.2500000000000000000 ) ) ;
#2183 = ADVANCED_FACE ( 'NONE', ( #5105 ), #2014, .F. ) ;
#2184 = VECTOR ( 'NONE', #4248, 1000.000000000000000 ) ;
#2185 = VERTEX_POINT ( 'NONE', #556 ) ;
#2186 = ORIENTED_EDGE ( 'NONE', *, *, #3896, .F. ) ;
#2187 =( NAMED_UNIT ( * ) SI_UNIT ( $, .STERADIAN. ) SOLID_ANGLE_UNIT ( ) );
#2188 =( GEOMETRIC_REPRESENTATION_CONTEXT ( 3 ) GLOBAL_UNCERTAINTY_ASSIGNED_CONTEXT ( ( #2536 ) ) GLOBAL_UNIT_ASSIGNED_CONTEXT ( ( #4692, #75, #4908 ) ) REPRESENTATION_CONTEXT ( 'NONE', 'WORKASPACE' ) );
#2189 = ADVANCED_FACE ( 'NONE', ( #4911 ), #1417, .F. ) ;
#2190 = PRESENTATION_LAYER_ASSIGNMENT (  '', '', ( #4365 ) ) ;
#2191 = DIRECTION ( 'NONE',  ( -1.000000000000000000, 0.0000000000000000000, -0.0000000000000000000 ) ) ;
#2192 = SURFACE_SIDE_STYLE ('',( #4545 ) ) ;
#2193 = UNCERTAINTY_MEASURE_WITH_UNIT (LENGTH_MEASURE( 1.000000000000000082E-05 ), #1736, 'distance_accuracy_value', 'NONE');
#2194 =( NAMED_UNIT ( * ) SI_UNIT ( $, .STERADIAN. ) SOLID_ANGLE_UNIT ( ) );
#2195 = PRESENTATION_LAYER_ASSIGNMENT (  '', '', ( #4215 ) ) ;
#2196 = MECHANICAL_DESIGN_GEOMETRIC_PRESENTATION_REPRESENTATION (  '', ( #3238 ), #3820 ) ;
#2197 =( NAMED_UNIT ( * ) SI_UNIT ( $, .STERADIAN. ) SOLID_ANGLE_UNIT ( ) );
#2198 = LINE ( 'NONE', #3752, #3254 ) ;
#2199 = SURFACE_STYLE_USAGE ( .BOTH. , #2600 ) ;
#2200 = VERTEX_POINT ( 'NONE', #3297 ) ;
#2201 = VECTOR ( 'NONE', #1324, 1000.000000000000000 ) ;
#2202 = DIRECTION ( 'NONE',  ( -0.0000000000000000000, -1.000000000000000000, -0.0000000000000000000 ) ) ;
#2203 = CARTESIAN_POINT ( 'NONE',  ( 1.219999999999999973, -0.3699999999999999956, 0.0000000000000000000 ) ) ;
#2204 = CARTESIAN_POINT ( 'NONE',  ( 0.9399999999999999467, -0.9899999999999999911, 0.9699999999999999734 ) ) ;
#2205 = AXIS2_PLACEMENT_3D ( 'NONE', #3197, #3172, #2062 ) ;
#2206 = VECTOR ( 'NONE', #1295, 1000.000000000000000 ) ;
#2207 = FACE_OUTER_BOUND ( 'NONE', #2139, .T. ) ;
#2208 = CARTESIAN_POINT ( 'NONE',  ( 0.0000000000000000000, 0.0000000000000000000, 0.0000000000000000000 ) ) ;
#2209 = DIRECTION ( 'NONE',  ( 1.000000000000000000, 0.0000000000000000000, 0.0000000000000000000 ) ) ;
#2210 = VERTEX_POINT ( 'NONE', #1751 ) ;
#2211 = PLANE ( 'NONE',  #4775 ) ;
#2212 = MECHANICAL_DESIGN_GEOMETRIC_PRESENTATION_REPRESENTATION (  '', ( #467 ), #3422 ) ;
#2213 = CARTESIAN_POINT ( 'NONE',  ( 0.8400000000000000799, -0.5900000000000000799, 0.0000000000000000000 ) ) ;
#2214 = DIRECTION ( 'NONE',  ( 1.000000000000000000, 0.0000000000000000000, 0.0000000000000000000 ) ) ;
#2215 = COLOUR_RGB ( '',1.000000000000000000, 0.8156862745098039102, 0.02745098039215686236 ) ;
#2216 = EDGE_LOOP ( 'NONE', ( #1867, #1946, #239, #1214 ) ) ;
#2217 = ORIENTED_EDGE ( 'NONE', *, *, #3595, .F. ) ;
#2218 = EDGE_CURVE ( 'NONE', #2729, #1114, #4831, .T. ) ;
#2219 = MECHANICAL_DESIGN_GEOMETRIC_PRESENTATION_REPRESENTATION (  '', ( #2778 ), #300 ) ;
#2220 = AXIS2_PLACEMENT_3D ( 'NONE', #1271, #2468, #2441 ) ;
#2221 = COLOUR_RGB ( '',1.000000000000000000, 0.8156862745098039102, 0.02745098039215686236 ) ;
#2222 = PLANE ( 'NONE',  #4216 ) ;
#2223 = COLOUR_RGB ( '',1.000000000000000000, 0.8156862745098039102, 0.02745098039215686236 ) ;
#2224 = CARTESIAN_POINT ( 'NONE',  ( -0.1300000000000000044, 1.510000000000000009, 0.2500000000000000000 ) ) ;
#2225 = EDGE_CURVE ( 'NONE', #4743, #516, #1727, .T. ) ;
#2226 = DIRECTION ( 'NONE',  ( 0.0000000000000000000, -1.000000000000000000, -0.0000000000000000000 ) ) ;
#2227 = PRESENTATION_LAYER_ASSIGNMENT (  '', '', ( #1156 ) ) ;
#2228 = FILL_AREA_STYLE_COLOUR ( '', #1661 ) ;
#2229 = DIRECTION ( 'NONE',  ( 1.000000000000000000, -0.0000000000000000000, 0.0000000000000000000 ) ) ;
#2230 =( NAMED_UNIT ( * ) PLANE_ANGLE_UNIT ( ) SI_UNIT ( $, .RADIAN. ) );
#2231 = VERTEX_POINT ( 'NONE', #3273 ) ;
#2232 = CARTESIAN_POINT ( 'NONE',  ( 1.070000000000000062, -0.9899999999999999911, 0.9699999999999999734 ) ) ;
#2233 = PRESENTATION_STYLE_ASSIGNMENT (( #2633 ) ) ;
#2234 =( GEOMETRIC_REPRESENTATION_CONTEXT ( 3 ) GLOBAL_UNCERTAINTY_ASSIGNED_CONTEXT ( ( #157 ) ) GLOBAL_UNIT_ASSIGNED_CONTEXT ( ( #4217, #4619, #805 ) ) REPRESENTATION_CONTEXT ( 'NONE', 'WORKASPACE' ) );
#2235 = CYLINDRICAL_SURFACE ( 'NONE', #4164, 0.1200000000000000927 ) ;
#2236 = DIRECTION ( 'NONE',  ( 0.0000000000000000000, 1.000000000000000000, -0.0000000000000000000 ) ) ;
#2237 = ORIENTED_EDGE ( 'NONE', *, *, #1318, .F. ) ;
#2238 = UNCERTAINTY_MEASURE_WITH_UNIT (LENGTH_MEASURE( 1.000000000000000082E-05 ), #326, 'distance_accuracy_value', 'NONE');
#2239 = DIRECTION ( 'NONE',  ( 0.0000000000000000000, 0.0000000000000000000, 1.000000000000000000 ) ) ;
#2240 =( GEOMETRIC_REPRESENTATION_CONTEXT ( 3 ) GLOBAL_UNCERTAINTY_ASSIGNED_CONTEXT ( ( #3858 ) ) GLOBAL_UNIT_ASSIGNED_CONTEXT ( ( #715, #1541, #2293 ) ) REPRESENTATION_CONTEXT ( 'NONE', 'WORKASPACE' ) );
#2241 = CARTESIAN_POINT ( 'NONE',  ( 0.0000000000000000000, 0.1300000000000000044, 0.0000000000000000000 ) ) ;
#2242 = COLOUR_RGB ( '',1.000000000000000000, 0.8156862745098039102, 0.02745098039215686236 ) ;
#2243 = ORIENTED_EDGE ( 'NONE', *, *, #4232, .T. ) ;
#2244 = ORIENTED_EDGE ( 'NONE', *, *, #2620, .T. ) ;
#2245 = PRESENTATION_STYLE_ASSIGNMENT (( #716 ) ) ;
#2246 = EDGE_CURVE ( 'NONE', #4676, #4717, #643, .T. ) ;
#2247 = CARTESIAN_POINT ( 'NONE',  ( -0.3699999999999999956, 0.0000000000000000000, 0.0000000000000000000 ) ) ;
#2248 = EDGE_CURVE ( 'NONE', #785, #4859, #236, .T. ) ;
#2249 = FACE_OUTER_BOUND ( 'NONE', #421, .T. ) ;
#2250 = ORIENTED_EDGE ( 'NONE', *, *, #4824, .T. ) ;
#2251 = COLOUR_RGB ( '',1.000000000000000000, 0.8156862745098039102, 0.02745098039215686236 ) ;
#2252 = DIRECTION ( 'NONE',  ( 0.0000000000000000000, 0.0000000000000000000, -1.000000000000000000 ) ) ;
#2253 = DIRECTION ( 'NONE',  ( 1.000000000000000000, 0.0000000000000000000, 0.0000000000000000000 ) ) ;
#2254 = ADVANCED_FACE ( 'NONE', ( #1008 ), #1775, .F. ) ;
#2255 =( LENGTH_UNIT ( ) NAMED_UNIT ( * ) SI_UNIT ( .MILLI., .METRE. ) );
#2256 = DIRECTION ( 'NONE',  ( 0.0000000000000000000, 0.0000000000000000000, -1.000000000000000000 ) ) ;
#2257 = VERTEX_POINT ( 'NONE', #3043 ) ;
#2258 = DIRECTION ( 'NONE',  ( 0.0000000000000000000, 0.0000000000000000000, -1.000000000000000000 ) ) ;
#2259 = FILL_AREA_STYLE ('',( #4909 ) ) ;
#2260 = DIRECTION ( 'NONE',  ( 1.000000000000000000, -0.0000000000000000000, 0.0000000000000000000 ) ) ;
#2261 = VECTOR ( 'NONE', #2946, 1000.000000000000000 ) ;
#2262 = FILL_AREA_STYLE ('',( #2644 ) ) ;
#2263 = VERTEX_POINT ( 'NONE', #1157 ) ;
#2264 = VECTOR ( 'NONE', #1742, 1000.000000000000000 ) ;
#2265 = VERTEX_POINT ( 'NONE', #3864 ) ;
#2266 = CARTESIAN_POINT ( 'NONE',  ( 0.0000000000000000000, -0.1300000000000000044, 0.0000000000000000000 ) ) ;
#2267 = MECHANICAL_DESIGN_GEOMETRIC_PRESENTATION_REPRESENTATION (  '', ( #789 ), #4206 ) ;
#2268 = DIRECTION ( 'NONE',  ( 0.0000000000000000000, 0.0000000000000000000, -1.000000000000000000 ) ) ;
#2269 = FILL_AREA_STYLE_COLOUR ( '', #2592 ) ;
#2270 = SURFACE_STYLE_FILL_AREA ( #1837 ) ;
#2271 = SURFACE_STYLE_USAGE ( .BOTH. , #1450 ) ;
#2272 = DIRECTION ( 'NONE',  ( -1.000000000000000000, 0.0000000000000000000, -0.0000000000000000000 ) ) ;
#2273 = ORIENTED_EDGE ( 'NONE', *, *, #2396, .F. ) ;
#2274 = VECTOR ( 'NONE', #2526, 1000.000000000000000 ) ;
#2275 = UNCERTAINTY_MEASURE_WITH_UNIT (LENGTH_MEASURE( 1.000000000000000082E-05 ), #20, 'distance_accuracy_value', 'NONE');
#2276 = STYLED_ITEM ( 'NONE', ( #806 ), #445 ) ;
#2277 = FACE_OUTER_BOUND ( 'NONE', #3772, .T. ) ;
#2278 = EDGE_CURVE ( 'NONE', #3783, #659, #4584, .T. ) ;
#2279 = CARTESIAN_POINT ( 'NONE',  ( 0.6300000000000000044, -1.219999999999999973, 0.2500000000000000000 ) ) ;
#2280 =( NAMED_UNIT ( * ) SI_UNIT ( $, .STERADIAN. ) SOLID_ANGLE_UNIT ( ) );
#2281 = AXIS2_PLACEMENT_3D ( 'NONE', #4638, #3838, #3090 ) ;
#2282 = CARTESIAN_POINT ( 'NONE',  ( -1.099999999999999867, 0.2500000000000000000, 0.0000000000000000000 ) ) ;
#2283 = ORIENTED_EDGE ( 'NONE', *, *, #304, .F. ) ;
#2284 =( NAMED_UNIT ( * ) PLANE_ANGLE_UNIT ( ) SI_UNIT ( $, .RADIAN. ) );
#2285 = EDGE_CURVE ( 'NONE', #558, #2886, #4208, .T. ) ;
#2286 = SURFACE_SIDE_STYLE ('',( #4131 ) ) ;
#2287 = AXIS2_PLACEMENT_3D ( 'NONE', #425, #1681, #1293 ) ;
#2288 = STYLED_ITEM ( 'NONE', ( #3174 ), #802 ) ;
#2289 =( LENGTH_UNIT ( ) NAMED_UNIT ( * ) SI_UNIT ( .MILLI., .METRE. ) );
#2290 = CARTESIAN_POINT ( 'NONE',  ( 0.0000000000000000000, 1.510000000000000009, 0.0000000000000000000 ) ) ;
#2291 = ORIENTED_EDGE ( 'NONE', *, *, #4200, .T. ) ;
#2292 = VERTEX_POINT ( 'NONE', #3404 ) ;
#2293 =( NAMED_UNIT ( * ) SI_UNIT ( $, .STERADIAN. ) SOLID_ANGLE_UNIT ( ) );
#2294 = CARTESIAN_POINT ( 'NONE',  ( -1.219999999999999973, -0.8699999999999999956, 0.0000000000000000000 ) ) ;
#2295 =( GEOMETRIC_REPRESENTATION_CONTEXT ( 3 ) GLOBAL_UNCERTAINTY_ASSIGNED_CONTEXT ( ( #2079 ) ) GLOBAL_UNIT_ASSIGNED_CONTEXT ( ( #4923, #2230, #4951 ) ) REPRESENTATION_CONTEXT ( 'NONE', 'WORKASPACE' ) );
#2296 = SURFACE_STYLE_FILL_AREA ( #2671 ) ;
#2297 = FILL_AREA_STYLE_COLOUR ( '', #819 ) ;
#2298 = AXIS2_PLACEMENT_3D ( 'NONE', #4723, #426, #2827 ) ;
#2299 = STYLED_ITEM ( 'NONE', ( #2594 ), #1492 ) ;
#2300 = MECHANICAL_DESIGN_GEOMETRIC_PRESENTATION_REPRESENTATION (  '', ( #140 ), #4391 ) ;
#2301 = CARTESIAN_POINT ( 'NONE',  ( 0.0000000000000000000, 0.0000000000000000000, 0.0000000000000000000 ) ) ;
#2302 = EDGE_LOOP ( 'NONE', ( #406, #8, #2668, #3213 ) ) ;
#2303 = CIRCLE ( 'NONE', #3687, 0.1300000000000000044 ) ;
#2304 = VECTOR ( 'NONE', #4320, 1000.000000000000000 ) ;
#2305 = CARTESIAN_POINT ( 'NONE',  ( 0.0000000000000000000, 0.0000000000000000000, 0.2500000000000000000 ) ) ;
#2306 = LINE ( 'NONE', #652, #3530 ) ;
#2307 = DIRECTION ( 'NONE',  ( -1.000000000000000000, 0.0000000000000000000, -0.0000000000000000000 ) ) ;
#2308 = ADVANCED_FACE ( 'NONE', ( #3014 ), #1924, .F. ) ;
#2309 = FACE_OUTER_BOUND ( 'NONE', #2328, .T. ) ;
#2310 = ORIENTED_EDGE ( 'NONE', *, *, #2782, .T. ) ;
#2311 = CARTESIAN_POINT ( 'NONE',  ( 0.2500000000000000000, 1.219999999999999973, 0.0000000000000000000 ) ) ;
#2312 = DIRECTION ( 'NONE',  ( 0.0000000000000000000, 0.0000000000000000000, -1.000000000000000000 ) ) ;
#2313 = SURFACE_SIDE_STYLE ('',( #4861 ) ) ;
#2314 = SURFACE_STYLE_USAGE ( .BOTH. , #2990 ) ;
#2315 = ADVANCED_FACE ( 'NONE', ( #3481 ), #3379, .F. ) ;
#2316 = AXIS2_PLACEMENT_3D ( 'NONE', #4938, #4514, #1442 ) ;
#2317 = ORIENTED_EDGE ( 'NONE', *, *, #3013, .F. ) ;
#2318 = ORIENTED_EDGE ( 'NONE', *, *, #184, .F. ) ;
#2319 = CARTESIAN_POINT ( 'NONE',  ( -1.500000000000000000, 1.500000000000000000, 0.05000000000000002359 ) ) ;
#2320 = STYLED_ITEM ( 'NONE', ( #4960 ), #3303 ) ;
#2321 = FACE_OUTER_BOUND ( 'NONE', #1896, .T. ) ;
#2322 =( LENGTH_UNIT ( ) NAMED_UNIT ( * ) SI_UNIT ( .MILLI., .METRE. ) );
#2323 = DIRECTION ( 'NONE',  ( -1.000000000000000000, 0.0000000000000000000, -0.0000000000000000000 ) ) ;
#2324 = EDGE_LOOP ( 'NONE', ( #4764, #3286, #854, #2361 ) ) ;
#2325 =( NAMED_UNIT ( * ) SI_UNIT ( $, .STERADIAN. ) SOLID_ANGLE_UNIT ( ) );
#2326 = FILL_AREA_STYLE ('',( #1942 ) ) ;
#2327 = SURFACE_STYLE_USAGE ( .BOTH. , #757 ) ;
#2328 = EDGE_LOOP ( 'NONE', ( #2579, #3086, #3094, #2051, #3045 ) ) ;
#2329 = SURFACE_STYLE_FILL_AREA ( #4633 ) ;
#2330 = UNCERTAINTY_MEASURE_WITH_UNIT (LENGTH_MEASURE( 1.000000000000000082E-05 ), #2334, 'distance_accuracy_value', 'NONE');
#2331 = FILL_AREA_STYLE ('',( #2815 ) ) ;
#2332 = CARTESIAN_POINT ( 'NONE',  ( 0.3699999999999999956, -1.510000000000000009, 0.0000000000000000000 ) ) ;
#2333 = LINE ( 'NONE', #3330, #545 ) ;
#2334 =( LENGTH_UNIT ( ) NAMED_UNIT ( * ) SI_UNIT ( .MILLI., .METRE. ) );
#2335 = MECHANICAL_DESIGN_GEOMETRIC_PRESENTATION_REPRESENTATION (  '', ( #2657 ), #686 ) ;
#2336 = ORIENTED_EDGE ( 'NONE', *, *, #4101, .T. ) ;
#2337 = EDGE_LOOP ( 'NONE', ( #3738, #4295, #4194, #1171 ) ) ;
#2338 = MECHANICAL_DESIGN_GEOMETRIC_PRESENTATION_REPRESENTATION (  '', ( #2341 ), #2019 ) ;
#2339 = ADVANCED_FACE ( 'NONE', ( #4561 ), #1079, .T. ) ;
#2340 = SURFACE_SIDE_STYLE ('',( #4379 ) ) ;
#2341 = STYLED_ITEM ( 'NONE', ( #3012 ), #4049 ) ;
#2342 =( LENGTH_UNIT ( ) NAMED_UNIT ( * ) SI_UNIT ( .MILLI., .METRE. ) );
#2343 = FACE_OUTER_BOUND ( 'NONE', #3524, .T. ) ;
#2344 = MECHANICAL_DESIGN_GEOMETRIC_PRESENTATION_REPRESENTATION (  '', ( #449 ), #3739 ) ;
#2345 = MECHANICAL_DESIGN_GEOMETRIC_PRESENTATION_REPRESENTATION (  '', ( #783 ), #1702 ) ;
#2346 = DIRECTION ( 'NONE',  ( -1.000000000000000000, 0.0000000000000000000, -0.0000000000000000000 ) ) ;
#2347 = ORIENTED_EDGE ( 'NONE', *, *, #476, .T. ) ;
#2348 =( NAMED_UNIT ( * ) PLANE_ANGLE_UNIT ( ) SI_UNIT ( $, .RADIAN. ) );
#2349 = FACE_OUTER_BOUND ( 'NONE', #2431, .T. ) ;
#2350 = CARTESIAN_POINT ( 'NONE',  ( 0.0000000000000000000, 1.510000000000000009, 0.0000000000000000000 ) ) ;
#2351 = CARTESIAN_POINT ( 'NONE',  ( -1.510000000000000009, 0.1300000000000000044, 0.0000000000000000000 ) ) ;
#2352 = ORIENTED_EDGE ( 'NONE', *, *, #2031, .T. ) ;
#2353 = COLOUR_RGB ( '',1.000000000000000000, 0.8156862745098039102, 0.02745098039215686236 ) ;
#2354 = PRESENTATION_STYLE_ASSIGNMENT (( #4663 ) ) ;
#2355 = DIRECTION ( 'NONE',  ( -0.0000000000000000000, -1.000000000000000000, -0.0000000000000000000 ) ) ;
#2356 = DIRECTION ( 'NONE',  ( -0.0000000000000000000, -0.0000000000000000000, -1.000000000000000000 ) ) ;
#2357 = FACE_OUTER_BOUND ( 'NONE', #1200, .T. ) ;
#2358 = PRESENTATION_LAYER_ASSIGNMENT (  '', '', ( #1540 ) ) ;
#2359 = CARTESIAN_POINT ( 'NONE',  ( 1.510000000000000009, -0.8699999999999999956, 0.0000000000000000000 ) ) ;
#2360 = FILL_AREA_STYLE ('',( #3137 ) ) ;
#2361 = ORIENTED_EDGE ( 'NONE', *, *, #1842, .T. ) ;
#2362 = FILL_AREA_STYLE_COLOUR ( '', #275 ) ;
#2363 = MECHANICAL_DESIGN_GEOMETRIC_PRESENTATION_REPRESENTATION (  '', ( #2848 ), #4707 ) ;
#2364 =( GEOMETRIC_REPRESENTATION_CONTEXT ( 3 ) GLOBAL_UNCERTAINTY_ASSIGNED_CONTEXT ( ( #844 ) ) GLOBAL_UNIT_ASSIGNED_CONTEXT ( ( #4615, #2695, #4239 ) ) REPRESENTATION_CONTEXT ( 'NONE', 'WORKASPACE' ) );
#2365 = CARTESIAN_POINT ( 'NONE',  ( 0.1300000000000000044, -1.510000000000000009, 0.2500000000000000000 ) ) ;
#2366 = PRESENTATION_STYLE_ASSIGNMENT (( #798 ) ) ;
#2367 = FILL_AREA_STYLE ('',( #2770 ) ) ;
#2368 =( NAMED_UNIT ( * ) PLANE_ANGLE_UNIT ( ) SI_UNIT ( $, .RADIAN. ) );
#2369 = MECHANICAL_DESIGN_GEOMETRIC_PRESENTATION_REPRESENTATION (  '', ( #3423 ), #4298 ) ;
#2370 = LINE ( 'NONE', #1193, #804 ) ;
#2371 = PRESENTATION_STYLE_ASSIGNMENT (( #2747 ) ) ;
#2372 = SURFACE_STYLE_FILL_AREA ( #1522 ) ;
#2373 = VECTOR ( 'NONE', #2229, 1000.000000000000000 ) ;
#2374 = DIRECTION ( 'NONE',  ( 0.0000000000000000000, 0.0000000000000000000, -1.000000000000000000 ) ) ;
#2375 = ADVANCED_FACE ( 'NONE', ( #443 ), #2840, .F. ) ;
#2376 = FACE_OUTER_BOUND ( 'NONE', #4668, .T. ) ;
#2377 = ORIENTED_EDGE ( 'NONE', *, *, #636, .T. ) ;
#2378 = CARTESIAN_POINT ( 'NONE',  ( 1.510000000000000009, 0.6300000000000000044, 0.0000000000000000000 ) ) ;
#2379 =( NAMED_UNIT ( * ) PLANE_ANGLE_UNIT ( ) SI_UNIT ( $, .RADIAN. ) );
#2380 = ADVANCED_FACE ( 'NONE', ( #1184 ), #793, .T. ) ;
#2381 =( NAMED_UNIT ( * ) SI_UNIT ( $, .STERADIAN. ) SOLID_ANGLE_UNIT ( ) );
#2382 = ORIENTED_EDGE ( 'NONE', *, *, #4082, .T. ) ;
#2383 = VECTOR ( 'NONE', #4773, 1000.000000000000000 ) ;
#2384 = PLANE ( 'NONE',  #4778 ) ;
#2385 = SURFACE_STYLE_FILL_AREA ( #4737 ) ;
#2386 = LINE ( 'NONE', #3936, #3483 ) ;
#2387 =( GEOMETRIC_REPRESENTATION_CONTEXT ( 3 ) GLOBAL_UNCERTAINTY_ASSIGNED_CONTEXT ( ( #4246 ) ) GLOBAL_UNIT_ASSIGNED_CONTEXT ( ( #5087, #2049, #352 ) ) REPRESENTATION_CONTEXT ( 'NONE', 'WORKASPACE' ) );
#2388 = VERTEX_POINT ( 'NONE', #3342 ) ;
#2389 = VERTEX_POINT ( 'NONE', #1700 ) ;
#2390 = COLOUR_RGB ( '',1.000000000000000000, 0.8156862745098039102, 0.02745098039215686236 ) ;
#2391 = PLANE ( 'NONE',  #2767 ) ;
#2392 = MECHANICAL_DESIGN_GEOMETRIC_PRESENTATION_REPRESENTATION (  '', ( #3365 ), #2240 ) ;
#2393 = FACE_OUTER_BOUND ( 'NONE', #1206, .T. ) ;
#2394 = UNCERTAINTY_MEASURE_WITH_UNIT (LENGTH_MEASURE( 1.000000000000000082E-05 ), #2846, 'distance_accuracy_value', 'NONE');
#2395 = VECTOR ( 'NONE', #282, 1000.000000000000000 ) ;
#2396 = EDGE_CURVE ( 'NONE', #1463, #188, #485, .T. ) ;
#2397 = FILL_AREA_STYLE ('',( #456 ) ) ;
#2398 = EDGE_LOOP ( 'NONE', ( #132, #2676, #4229, #2967 ) ) ;
#2399 = DIRECTION ( 'NONE',  ( -0.0000000000000000000, -1.000000000000000000, -0.0000000000000000000 ) ) ;
#2400 = EDGE_CURVE ( 'NONE', #870, #4288, #2303, .T. ) ;
#2401 = DIRECTION ( 'NONE',  ( -0.0000000000000000000, 0.0000000000000000000, -1.000000000000000000 ) ) ;
#2402 = DIRECTION ( 'NONE',  ( 1.000000000000000000, 0.0000000000000000000, 0.0000000000000000000 ) ) ;
#2403 = VERTEX_POINT ( 'NONE', #2511 ) ;
#2404 =( LENGTH_UNIT ( ) NAMED_UNIT ( * ) SI_UNIT ( .MILLI., .METRE. ) );
#2405 = LINE ( 'NONE', #5063, #4096 ) ;
#2406 = ADVANCED_FACE ( 'NONE', ( #3632 ), #4874, .F. ) ;
#2407 = CARTESIAN_POINT ( 'NONE',  ( -1.510000000000000009, 0.6300000000000000044, 0.2500000000000000000 ) ) ;
#2408 = DIRECTION ( 'NONE',  ( 1.000000000000000000, 0.0000000000000000000, 0.0000000000000000000 ) ) ;
#2409 = AXIS2_PLACEMENT_3D ( 'NONE', #1673, #4452, #2887 ) ;
#2410 = ORIENTED_EDGE ( 'NONE', *, *, #1523, .T. ) ;
#2411 = SURFACE_STYLE_USAGE ( .BOTH. , #44 ) ;
#2412 =( GEOMETRIC_REPRESENTATION_CONTEXT ( 3 ) GLOBAL_UNCERTAINTY_ASSIGNED_CONTEXT ( ( #1825 ) ) GLOBAL_UNIT_ASSIGNED_CONTEXT ( ( #3356, #1778, #2187 ) ) REPRESENTATION_CONTEXT ( 'NONE', 'WORKASPACE' ) );
#2413 = PRESENTATION_STYLE_ASSIGNMENT (( #5073 ) ) ;
#2414 = PRESENTATION_STYLE_ASSIGNMENT (( #823 ) ) ;
#2415 = CARTESIAN_POINT ( 'NONE',  ( 0.3699999999999999956, 1.510000000000000009, 0.2500000000000000000 ) ) ;
#2416 = AXIS2_PLACEMENT_3D ( 'NONE', #1654, #846, #3216 ) ;
#2417 = CARTESIAN_POINT ( 'NONE',  ( -1.099999999999999867, -0.2500000000000000000, 0.0000000000000000000 ) ) ;
#2418 = FILL_AREA_STYLE_COLOUR ( '', #1186 ) ;
#2419 =( NAMED_UNIT ( * ) PLANE_ANGLE_UNIT ( ) SI_UNIT ( $, .RADIAN. ) );
#2420 = MECHANICAL_DESIGN_GEOMETRIC_PRESENTATION_REPRESENTATION (  '', ( #4435 ), #2577 ) ;
#2421 = DIRECTION ( 'NONE',  ( -1.000000000000000000, 0.0000000000000000000, -0.0000000000000000000 ) ) ;
#2422 = PRESENTATION_STYLE_ASSIGNMENT (( #4702 ) ) ;
#2423 = ORIENTED_EDGE ( 'NONE', *, *, #3443, .F. ) ;
#2424 = COLOUR_RGB ( '',1.000000000000000000, 0.8156862745098039102, 0.02745098039215686236 ) ;
#2425 = CLOSED_SHELL ( 'NONE', ( #802, #5041, #2647, #4535 ) ) ;
#2426 = MECHANICAL_DESIGN_GEOMETRIC_PRESENTATION_REPRESENTATION (  '', ( #104 ), #3070 ) ;
#2427 = CARTESIAN_POINT ( 'NONE',  ( -1.219999999999999973, -0.2500000000000000000, 0.0000000000000000000 ) ) ;
#2428 = EDGE_LOOP ( 'NONE', ( #1081, #868, #2935, #3668 ) ) ;
#2429 = EDGE_CURVE ( 'NONE', #3398, #186, #4401, .T. ) ;
#2430 = DIRECTION ( 'NONE',  ( 0.0000000000000000000, -1.000000000000000000, -0.0000000000000000000 ) ) ;
#2431 = EDGE_LOOP ( 'NONE', ( #3939, #1621, #4369, #2009 ) ) ;
#2432 = ADVANCED_FACE ( 'NONE', ( #2939 ), #925, .F. ) ;
#2433 = VERTEX_POINT ( 'NONE', #731 ) ;
#2434 = UNCERTAINTY_MEASURE_WITH_UNIT (LENGTH_MEASURE( 1.000000000000000082E-05 ), #4788, 'distance_accuracy_value', 'NONE');
#2435 = LINE ( 'NONE', #2059, #4093 ) ;
#2436 = CARTESIAN_POINT ( 'NONE',  ( 1.510000000000000009, -0.8699999999999999956, 0.0000000000000000000 ) ) ;
#2437 = VECTOR ( 'NONE', #3307, 1000.000000000000000 ) ;
#2438 = PRESENTATION_LAYER_ASSIGNMENT (  '', '', ( #2596 ) ) ;
#2439 = CARTESIAN_POINT ( 'NONE',  ( 0.1300000000000000044, 1.510000000000000009, 0.2500000000000000000 ) ) ;
#2440 = PRESENTATION_LAYER_ASSIGNMENT (  '', '', ( #2681 ) ) ;
#2441 = DIRECTION ( 'NONE',  ( -1.000000000000000000, 0.0000000000000000000, -0.0000000000000000000 ) ) ;
#2442 = MECHANICAL_DESIGN_GEOMETRIC_PRESENTATION_REPRESENTATION (  '', ( #1709 ), #4066 ) ;
#2443 = VECTOR ( 'NONE', #4228, 1000.000000000000000 ) ;
#2444 = SURFACE_STYLE_FILL_AREA ( #4074 ) ;
#2445 = VECTOR ( 'NONE', #3311, 1000.000000000000000 ) ;
#2446 = DIRECTION ( 'NONE',  ( 0.0000000000000000000, 0.0000000000000000000, 1.000000000000000000 ) ) ;
#2447 = PRESENTATION_LAYER_ASSIGNMENT (  '', '', ( #3255 ) ) ;
#2448 = LINE ( 'NONE', #883, #799 ) ;
#2449 = SURFACE_STYLE_FILL_AREA ( #4368 ) ;
#2450 = ORIENTED_EDGE ( 'NONE', *, *, #3988, .T. ) ;
#2451 = MECHANICAL_DESIGN_GEOMETRIC_PRESENTATION_REPRESENTATION (  '', ( #136 ), #639 ) ;
#2452 = VECTOR ( 'NONE', #1474, 1000.000000000000000 ) ;
#2453 =( LENGTH_UNIT ( ) NAMED_UNIT ( * ) SI_UNIT ( .MILLI., .METRE. ) );
#2454 = SURFACE_SIDE_STYLE ('',( #3135 ) ) ;
#2455 = DIRECTION ( 'NONE',  ( -0.0000000000000000000, -0.0000000000000000000, -1.000000000000000000 ) ) ;
#2456 = ADVANCED_FACE ( 'NONE', ( #3761 ), #2637, .T. ) ;
#2457 = MECHANICAL_DESIGN_GEOMETRIC_PRESENTATION_REPRESENTATION (  '', ( #390 ), #4155 ) ;
#2458 = PRESENTATION_STYLE_ASSIGNMENT (( #1984 ) ) ;
#2459 = ORIENTED_EDGE ( 'NONE', *, *, #5095, .T. ) ;
#2460 = CARTESIAN_POINT ( 'NONE',  ( -0.8400000000000000799, -0.8400000000000000799, 0.2500000000000000000 ) ) ;
#2461 = PLANE ( 'NONE',  #4572 ) ;
#2462 = LINE ( 'NONE', #4745, #1433 ) ;
#2463 = COLOUR_RGB ( '',1.000000000000000000, 0.8156862745098039102, 0.02745098039215686236 ) ;
#2464 = SURFACE_STYLE_USAGE ( .BOTH. , #4880 ) ;
#2465 = STYLED_ITEM ( 'NONE', ( #379 ), #2812 ) ;
#2466 = ORIENTED_EDGE ( 'NONE', *, *, #5095, .F. ) ;
#2467 = SURFACE_STYLE_USAGE ( .BOTH. , #1410 ) ;
#2468 = DIRECTION ( 'NONE',  ( 0.0000000000000000000, 0.0000000000000000000, -1.000000000000000000 ) ) ;
#2469 = DIRECTION ( 'NONE',  ( 0.0000000000000000000, 0.0000000000000000000, 1.000000000000000000 ) ) ;
#2470 = ADVANCED_FACE ( 'NONE', ( #620 ), #1460, .F. ) ;
#2471 = DIRECTION ( 'NONE',  ( 0.0000000000000000000, -0.0000000000000000000, -1.000000000000000000 ) ) ;
#2472 = CYLINDRICAL_SURFACE ( 'NONE', #1393, 0.1200000000000000927 ) ;
#2473 = STYLED_ITEM ( 'NONE', ( #4800 ), #3295 ) ;
#2474 = CARTESIAN_POINT ( 'NONE',  ( -1.510000000000000009, 0.8699999999999999956, 0.2500000000000000000 ) ) ;
#2475 = CARTESIAN_POINT ( 'NONE',  ( -0.8699999999999999956, 1.510000000000000009, 0.2500000000000000000 ) ) ;
#2476 = VECTOR ( 'NONE', #1236, 1000.000000000000114 ) ;
#2477 = DIRECTION ( 'NONE',  ( -1.000000000000000000, -0.0000000000000000000, -0.0000000000000000000 ) ) ;
#2478 =( NAMED_UNIT ( * ) SI_UNIT ( $, .STERADIAN. ) SOLID_ANGLE_UNIT ( ) );
#2479 = FILL_AREA_STYLE ('',( #2907 ) ) ;
#2480 = ORIENTED_EDGE ( 'NONE', *, *, #503, .F. ) ;
#2481 = UNCERTAINTY_MEASURE_WITH_UNIT (LENGTH_MEASURE( 1.000000000000000082E-05 ), #4763, 'distance_accuracy_value', 'NONE');
#2482 = DIRECTION ( 'NONE',  ( -0.0000000000000000000, 1.000000000000000000, 0.0000000000000000000 ) ) ;
#2483 = ORIENTED_EDGE ( 'NONE', *, *, #407, .T. ) ;
#2484 = UNCERTAINTY_MEASURE_WITH_UNIT (LENGTH_MEASURE( 1.000000000000000082E-05 ), #1455, 'distance_accuracy_value', 'NONE');
#2485 = UNCERTAINTY_MEASURE_WITH_UNIT (LENGTH_MEASURE( 1.000000000000000082E-05 ), #4680, 'distance_accuracy_value', 'NONE');
#2486 = FILL_AREA_STYLE_COLOUR ( '', #4657 ) ;
#2487 = FILL_AREA_STYLE_COLOUR ( '', #859 ) ;
#2488 = AXIS2_PLACEMENT_3D ( 'NONE', #492, #70, #572 ) ;
#2489 = SURFACE_STYLE_USAGE ( .BOTH. , #3323 ) ;
#2490 = ORIENTED_EDGE ( 'NONE', *, *, #1473, .T. ) ;
#2491 = CARTESIAN_POINT ( 'NONE',  ( -1.219999999999999973, 0.8699999999999999956, 0.2500000000000000000 ) ) ;
#2492 = ADVANCED_FACE ( 'NONE', ( #4227 ), #333, .T. ) ;
#2493 = FILL_AREA_STYLE_COLOUR ( '', #3300 ) ;
#2494 =( NAMED_UNIT ( * ) PLANE_ANGLE_UNIT ( ) SI_UNIT ( $, .RADIAN. ) );
#2495 = FILL_AREA_STYLE ('',( #3279 ) ) ;
#2496 = SURFACE_STYLE_FILL_AREA ( #2091 ) ;
#2497 = UNCERTAINTY_MEASURE_WITH_UNIT (LENGTH_MEASURE( 1.000000000000000082E-05 ), #78, 'distance_accuracy_value', 'NONE');
#2498 = EDGE_CURVE ( 'NONE', #942, #5039, #3156, .T. ) ;
#2499 = STYLED_ITEM ( 'NONE', ( #2366 ), #3924 ) ;
#2500 = PRESENTATION_STYLE_ASSIGNMENT (( #144 ) ) ;
#2501 = DIRECTION ( 'NONE',  ( 1.000000000000000000, 0.0000000000000000000, -0.0000000000000000000 ) ) ;
#2502 = DIRECTION ( 'NONE',  ( 1.000000000000000000, -0.0000000000000000000, 0.0000000000000000000 ) ) ;
#2503 =( NAMED_UNIT ( * ) SI_UNIT ( $, .STERADIAN. ) SOLID_ANGLE_UNIT ( ) );
#2504 = EDGE_LOOP ( 'NONE', ( #2897, #4341, #3720, #3615 ) ) ;
#2505 = SURFACE_STYLE_USAGE ( .BOTH. , #4423 ) ;
#2506 =( NAMED_UNIT ( * ) PLANE_ANGLE_UNIT ( ) SI_UNIT ( $, .RADIAN. ) );
#2507 = CLOSED_SHELL ( 'NONE', ( #2085, #2375, #340, #4637, #3114, #3303 ) ) ;
#2508 = PRESENTATION_LAYER_ASSIGNMENT (  '', '', ( #104 ) ) ;
#2509 = SURFACE_STYLE_FILL_AREA ( #4034 ) ;
#2510 = SURFACE_STYLE_USAGE ( .BOTH. , #1719 ) ;
#2511 = CARTESIAN_POINT ( 'NONE',  ( 1.219999999999999973, -0.8699999999999999956, 0.2500000000000000000 ) ) ;
#2512 = EDGE_LOOP ( 'NONE', ( #4612, #3457, #2058, #1024 ) ) ;
#2513 = MECHANICAL_DESIGN_GEOMETRIC_PRESENTATION_REPRESENTATION (  '', ( #4052 ), #3071 ) ;
#2514 = DIRECTION ( 'NONE',  ( 0.0000000000000000000, -1.000000000000000000, -0.0000000000000000000 ) ) ;
#2515 = SURFACE_STYLE_FILL_AREA ( #181 ) ;
#2516 =( GEOMETRIC_REPRESENTATION_CONTEXT ( 3 ) GLOBAL_UNCERTAINTY_ASSIGNED_CONTEXT ( ( #4406 ) ) GLOBAL_UNIT_ASSIGNED_CONTEXT ( ( #932, #514, #4787 ) ) REPRESENTATION_CONTEXT ( 'NONE', 'WORKASPACE' ) );
#2517 = SURFACE_SIDE_STYLE ('',( #529 ) ) ;
#2518 = ORIENTED_EDGE ( 'NONE', *, *, #4997, .F. ) ;
#2519 = ORIENTED_EDGE ( 'NONE', *, *, #4125, .F. ) ;
#2520 = DIRECTION ( 'NONE',  ( 1.000000000000000000, 0.0000000000000000000, 0.0000000000000000000 ) ) ;
#2521 = FILL_AREA_STYLE_COLOUR ( '', #1219 ) ;
#2522 = AXIS2_PLACEMENT_3D ( 'NONE', #60, #2544, #4415 ) ;
#2523 = EDGE_CURVE ( 'NONE', #2781, #307, #3531, .T. ) ;
#2524 = PLANE ( 'NONE',  #3504 ) ;
#2525 = STYLED_ITEM ( 'NONE', ( #1656 ), #5046 ) ;
#2526 = DIRECTION ( 'NONE',  ( 1.000000000000000000, 0.0000000000000000000, -0.0000000000000000000 ) ) ;
#2527 = CARTESIAN_POINT ( 'NONE',  ( 1.070000000000000062, -0.9899999999999999911, 0.9499999999999999556 ) ) ;
#2528 = VECTOR ( 'NONE', #4523, 1000.000000000000000 ) ;
#2529 =( LENGTH_UNIT ( ) NAMED_UNIT ( * ) SI_UNIT ( .MILLI., .METRE. ) );
#2530 = UNCERTAINTY_MEASURE_WITH_UNIT (LENGTH_MEASURE( 1.000000000000000082E-05 ), #11, 'distance_accuracy_value', 'NONE');
#2531 = AXIS2_PLACEMENT_3D ( 'NONE', #61, #2728, #2346 ) ;
#2532 =( LENGTH_UNIT ( ) NAMED_UNIT ( * ) SI_UNIT ( .MILLI., .METRE. ) );
#2533 = CARTESIAN_POINT ( 'NONE',  ( 1.219999999999999973, -0.6300000000000000044, 0.0000000000000000000 ) ) ;
#2534 = PRESENTATION_LAYER_ASSIGNMENT (  '', '', ( #1062 ) ) ;
#2535 = ORIENTED_EDGE ( 'NONE', *, *, #1473, .F. ) ;
#2536 = UNCERTAINTY_MEASURE_WITH_UNIT (LENGTH_MEASURE( 1.000000000000000082E-05 ), #4692, 'distance_accuracy_value', 'NONE');
#2537 = VECTOR ( 'NONE', #1567, 1000.000000000000000 ) ;
#2538 =( NAMED_UNIT ( * ) PLANE_ANGLE_UNIT ( ) SI_UNIT ( $, .RADIAN. ) );
#2539 = ORIENTED_EDGE ( 'NONE', *, *, #3521, .F. ) ;
#2540 = VERTEX_POINT ( 'NONE', #1944 ) ;
#2541 = STYLED_ITEM ( 'NONE', ( #1720 ), #2432 ) ;
#2542 = AXIS2_PLACEMENT_3D ( 'NONE', #3604, #1668, #489 ) ;
#2543 = AXIS2_PLACEMENT_3D ( 'NONE', #3180, #1972, #3154 ) ;
#2544 = DIRECTION ( 'NONE',  ( -0.0000000000000000000, -0.0000000000000000000, -1.000000000000000000 ) ) ;
#2545 = DIRECTION ( 'NONE',  ( 1.000000000000000000, 0.0000000000000000000, 0.0000000000000000000 ) ) ;
#2546 = UNCERTAINTY_MEASURE_WITH_UNIT (LENGTH_MEASURE( 1.000000000000000082E-05 ), #662, 'distance_accuracy_value', 'NONE');
#2547 =( NAMED_UNIT ( * ) PLANE_ANGLE_UNIT ( ) SI_UNIT ( $, .RADIAN. ) );
#2548 =( NAMED_UNIT ( * ) PLANE_ANGLE_UNIT ( ) SI_UNIT ( $, .RADIAN. ) );
#2549 = DIRECTION ( 'NONE',  ( -1.000000000000000000, 0.0000000000000000000, -0.0000000000000000000 ) ) ;
#2550 = ORIENTED_EDGE ( 'NONE', *, *, #1025, .F. ) ;
#2551 = SURFACE_STYLE_FILL_AREA ( #650 ) ;
#2552 = EDGE_CURVE ( 'NONE', #4464, #3127, #3206, .T. ) ;
#2553 = CIRCLE ( 'NONE', #5092, 0.1199999999999999956 ) ;
#2554 = LINE ( 'NONE', #2101, #2264 ) ;
#2555 = FILL_AREA_STYLE_COLOUR ( '', #3442 ) ;
#2556 = FILL_AREA_STYLE ('',( #4427 ) ) ;
#2557 = VERTEX_POINT ( 'NONE', #1557 ) ;
#2558 = CARTESIAN_POINT ( 'NONE',  ( 0.8400000000000000799, 0.8400000000000000799, 0.0000000000000000000 ) ) ;
#2559 = DIRECTION ( 'NONE',  ( -0.0000000000000000000, -0.0000000000000000000, 1.000000000000000000 ) ) ;
#2560 = CARTESIAN_POINT ( 'NONE',  ( -0.6300000000000000044, -1.510000000000000009, 0.0000000000000000000 ) ) ;
#2561 = CARTESIAN_POINT ( 'NONE',  ( -1.510000000000000009, 0.6300000000000000044, 0.0000000000000000000 ) ) ;
#2562 = EDGE_LOOP ( 'NONE', ( #2834, #2608, #4703, #4486 ) ) ;
#2563 = ORIENTED_EDGE ( 'NONE', *, *, #217, .T. ) ;
#2564 = STYLED_ITEM ( 'NONE', ( #2706 ), #3656 ) ;
#2565 = DIRECTION ( 'NONE',  ( 0.0000000000000000000, 0.0000000000000000000, 1.000000000000000000 ) ) ;
#2566 = PRESENTATION_STYLE_ASSIGNMENT (( #1014 ) ) ;
#2567 = FACE_OUTER_BOUND ( 'NONE', #2987, .T. ) ;
#2568 = AXIS2_PLACEMENT_3D ( 'NONE', #3301, #4465, #2953 ) ;
#2569 = LINE ( 'NONE', #1885, #917 ) ;
#2570 =( NAMED_UNIT ( * ) PLANE_ANGLE_UNIT ( ) SI_UNIT ( $, .RADIAN. ) );
#2571 =( NAMED_UNIT ( * ) SI_UNIT ( $, .STERADIAN. ) SOLID_ANGLE_UNIT ( ) );
#2572 = LINE ( 'NONE', #4449, #4548 ) ;
#2573 = ORIENTED_EDGE ( 'NONE', *, *, #665, .F. ) ;
#2574 = PRESENTATION_LAYER_ASSIGNMENT (  '', '', ( #2657 ) ) ;
#2575 = DIRECTION ( 'NONE',  ( 0.0000000000000000000, 0.0000000000000000000, 1.000000000000000000 ) ) ;
#2576 =( LENGTH_UNIT ( ) NAMED_UNIT ( * ) SI_UNIT ( .MILLI., .METRE. ) );
#2577 =( GEOMETRIC_REPRESENTATION_CONTEXT ( 3 ) GLOBAL_UNCERTAINTY_ASSIGNED_CONTEXT ( ( #3726 ) ) GLOBAL_UNIT_ASSIGNED_CONTEXT ( ( #3636, #3695, #1005 ) ) REPRESENTATION_CONTEXT ( 'NONE', 'WORKASPACE' ) );
#2578 = EDGE_CURVE ( 'NONE', #2659, #2433, #1146, .T. ) ;
#2579 = ORIENTED_EDGE ( 'NONE', *, *, #3425, .F. ) ;
#2580 = UNCERTAINTY_MEASURE_WITH_UNIT (LENGTH_MEASURE( 1.000000000000000082E-05 ), #3829, 'distance_accuracy_value', 'NONE');
#2581 = UNCERTAINTY_MEASURE_WITH_UNIT (LENGTH_MEASURE( 1.000000000000000082E-05 ), #3479, 'distance_accuracy_value', 'NONE');
#2582 = LINE ( 'NONE', #4985, #2395 ) ;
#2583 = COLOUR_RGB ( '',1.000000000000000000, 0.8156862745098039102, 0.02745098039215686236 ) ;
#2584 = FILL_AREA_STYLE_COLOUR ( '', #3966 ) ;
#2585 = STYLED_ITEM ( 'NONE', ( #705 ), #190 ) ;
#2586 = EDGE_CURVE ( 'NONE', #3366, #2729, #3109, .T. ) ;
#2587 = VECTOR ( 'NONE', #1202, 1000.000000000000000 ) ;
#2588 = APPLICATION_CONTEXT ( 'automotive_design' ) ;
#2589 = ORIENTED_EDGE ( 'NONE', *, *, #1366, .F. ) ;
#2590 = ORIENTED_EDGE ( 'NONE', *, *, #3290, .T. ) ;
#2591 = PLANE ( 'NONE',  #2173 ) ;
#2592 = COLOUR_RGB ( '',1.000000000000000000, 0.8156862745098039102, 0.02745098039215686236 ) ;
#2593 = DIRECTION ( 'NONE',  ( 0.0000000000000000000, 1.000000000000000000, 0.0000000000000000000 ) ) ;
#2594 = PRESENTATION_STYLE_ASSIGNMENT (( #214 ) ) ;
#2595 = SURFACE_STYLE_USAGE ( .BOTH. , #4892 ) ;
#2596 = STYLED_ITEM ( 'NONE', ( #709 ), #4793 ) ;
#2597 = MECHANICAL_DESIGN_GEOMETRIC_PRESENTATION_REPRESENTATION (  '', ( #3160 ), #1952 ) ;
#2598 = DIRECTION ( 'NONE',  ( -1.000000000000000000, 0.0000000000000000000, -0.0000000000000000000 ) ) ;
#2599 = PLANE ( 'NONE',  #4963 ) ;
#2600 = SURFACE_SIDE_STYLE ('',( #3472 ) ) ;
#2601 = ORIENTED_EDGE ( 'NONE', *, *, #5027, .F. ) ;
#2602 = MECHANICAL_DESIGN_GEOMETRIC_PRESENTATION_REPRESENTATION (  '', ( #4794 ), #1631 ) ;
#2603 = VECTOR ( 'NONE', #3272, 1000.000000000000000 ) ;
#2604 = MECHANICAL_DESIGN_GEOMETRIC_PRESENTATION_REPRESENTATION (  '', ( #2288 ), #2364 ) ;
#2605 = CARTESIAN_POINT ( 'NONE',  ( 1.510000000000000009, -0.8699999999999999956, 0.2500000000000000000 ) ) ;
#2606 =( NAMED_UNIT ( * ) PLANE_ANGLE_UNIT ( ) SI_UNIT ( $, .RADIAN. ) );
#2607 = CYLINDRICAL_SURFACE ( 'NONE', #2691, 0.1200000000000000927 ) ;
#2608 = ORIENTED_EDGE ( 'NONE', *, *, #1088, .F. ) ;
#2609 =( GEOMETRIC_REPRESENTATION_CONTEXT ( 3 ) GLOBAL_UNCERTAINTY_ASSIGNED_CONTEXT ( ( #3616 ) ) GLOBAL_UNIT_ASSIGNED_CONTEXT ( ( #1692, #3257, #148 ) ) REPRESENTATION_CONTEXT ( 'NONE', 'WORKASPACE' ) );
#2610 = FACE_OUTER_BOUND ( 'NONE', #522, .T. ) ;
#2611 = ADVANCED_FACE ( 'NONE', ( #2813 ), #3605, .F. ) ;
#2612 = MECHANICAL_DESIGN_GEOMETRIC_PRESENTATION_REPRESENTATION (  '', ( #1062 ), #4808 ) ;
#2613 = DIRECTION ( 'NONE',  ( -1.000000000000000000, 0.0000000000000000000, 0.0000000000000000000 ) ) ;
#2614 = ORIENTED_EDGE ( 'NONE', *, *, #2751, .F. ) ;
#2615 = ORIENTED_EDGE ( 'NONE', *, *, #3719, .T. ) ;
#2616 = CARTESIAN_POINT ( 'NONE',  ( 0.1300000000000000044, 0.0000000000000000000, 0.0000000000000000000 ) ) ;
#2617 = AXIS2_PLACEMENT_3D ( 'NONE', #161, #4461, #977 ) ;
#2618 = SURFACE_STYLE_USAGE ( .BOTH. , #4940 ) ;
#2619 =( GEOMETRIC_REPRESENTATION_CONTEXT ( 3 ) GLOBAL_UNCERTAINTY_ASSIGNED_CONTEXT ( ( #4256 ) ) GLOBAL_UNIT_ASSIGNED_CONTEXT ( ( #1882, #3446, #3889 ) ) REPRESENTATION_CONTEXT ( 'NONE', 'WORKASPACE' ) );
#2620 = EDGE_CURVE ( 'NONE', #1494, #188, #4708, .T. ) ;
#2621 = AXIS2_PLACEMENT_3D ( 'NONE', #1264, #5098, #4686 ) ;
#2622 = LINE ( 'NONE', #4971, #3435 ) ;
#2623 = EDGE_CURVE ( 'NONE', #1261, #2114, #1863, .T. ) ;
#2624 = AXIS2_PLACEMENT_3D ( 'NONE', #3855, #3057, #1843 ) ;
#2625 = CARTESIAN_POINT ( 'NONE',  ( 0.1300000000000000044, -1.510000000000000009, 0.2500000000000000000 ) ) ;
#2626 = COLOUR_RGB ( '',1.000000000000000000, 0.8156862745098039102, 0.02745098039215686236 ) ;
#2627 = SURFACE_STYLE_FILL_AREA ( #3470 ) ;
#2628 =( NAMED_UNIT ( * ) PLANE_ANGLE_UNIT ( ) SI_UNIT ( $, .RADIAN. ) );
#2629 = PRESENTATION_LAYER_ASSIGNMENT (  '', '', ( #2067 ) ) ;
#2630 = ORIENTED_EDGE ( 'NONE', *, *, #82, .F. ) ;
#2631 = UNCERTAINTY_MEASURE_WITH_UNIT (LENGTH_MEASURE( 1.000000000000000082E-05 ), #5, 'distance_accuracy_value', 'NONE');
#2632 = DIRECTION ( 'NONE',  ( 1.000000000000000000, 0.0000000000000000000, -0.0000000000000000000 ) ) ;
#2633 = SURFACE_STYLE_USAGE ( .BOTH. , #4847 ) ;
#2634 = DIRECTION ( 'NONE',  ( 0.0000000000000000000, -0.0000000000000000000, -1.000000000000000000 ) ) ;
#2635 = PRESENTATION_LAYER_ASSIGNMENT (  '', '', ( #4321 ) ) ;
#2636 = CARTESIAN_POINT ( 'NONE',  ( 0.0000000000000000000, -0.8699999999999999956, 0.0000000000000000000 ) ) ;
#2637 = PLANE ( 'NONE',  #3183 ) ;
#2638 = LINE ( 'NONE', #1488, #3902 ) ;
#2639 = ORIENTED_EDGE ( 'NONE', *, *, #5027, .T. ) ;
#2640 = CARTESIAN_POINT ( 'NONE',  ( 1.219999999999999973, -0.8699999999999999956, 0.0000000000000000000 ) ) ;
#2641 = VECTOR ( 'NONE', #3046, 1000.000000000000000 ) ;
#2642 = CARTESIAN_POINT ( 'NONE',  ( -1.219999999999999973, 0.8699999999999999956, 0.0000000000000000000 ) ) ;
#2643 =( GEOMETRIC_REPRESENTATION_CONTEXT ( 3 ) GLOBAL_UNCERTAINTY_ASSIGNED_CONTEXT ( ( #4457 ) ) GLOBAL_UNIT_ASSIGNED_CONTEXT ( ( #3635, #602, #2844 ) ) REPRESENTATION_CONTEXT ( 'NONE', 'WORKASPACE' ) );
#2644 = FILL_AREA_STYLE_COLOUR ( '', #907 ) ;
#2645 = EDGE_LOOP ( 'NONE', ( #4731, #3463, #3340, #2739 ) ) ;
#2646 = ORIENTED_EDGE ( 'NONE', *, *, #2278, .F. ) ;
#2647 = ADVANCED_FACE ( 'NONE', ( #2679 ), #1096, .T. ) ;
#2648 = SURFACE_STYLE_FILL_AREA ( #4117 ) ;
#2649 = SURFACE_SIDE_STYLE ('',( #2270 ) ) ;
#2650 = SURFACE_SIDE_STYLE ('',( #4519 ) ) ;
#2651 = EDGE_CURVE ( 'NONE', #186, #4134, #2306, .T. ) ;
#2652 = ORIENTED_EDGE ( 'NONE', *, *, #4343, .T. ) ;
#2653 = CARTESIAN_POINT ( 'NONE',  ( 1.219999999999999973, -0.1300000000000000044, 0.2500000000000000000 ) ) ;
#2654 = PRESENTATION_LAYER_ASSIGNMENT (  '', '', ( #4114 ) ) ;
#2655 = FACE_OUTER_BOUND ( 'NONE', #3914, .T. ) ;
#2656 = DIRECTION ( 'NONE',  ( 1.000000000000000000, 0.0000000000000000000, -0.0000000000000000000 ) ) ;
#2657 = STYLED_ITEM ( 'NONE', ( #2245 ), #3741 ) ;
#2658 = LINE ( 'NONE', #255, #4378 ) ;
#2659 = VERTEX_POINT ( 'NONE', #4627 ) ;
#2660 = SURFACE_STYLE_USAGE ( .BOTH. , #3428 ) ;
#2661 = PLANE ( 'NONE',  #1498 ) ;
#2662 = CARTESIAN_POINT ( 'NONE',  ( -1.510000000000000009, 0.3699999999999999956, 0.2500000000000000000 ) ) ;
#2663 = VECTOR ( 'NONE', #47, 1000.000000000000000 ) ;
#2664 = FACE_OUTER_BOUND ( 'NONE', #2869, .T. ) ;
#2665 = DIRECTION ( 'NONE',  ( 0.0000000000000000000, -1.000000000000000000, 0.0000000000000000000 ) ) ;
#2666 = ORIENTED_EDGE ( 'NONE', *, *, #1928, .T. ) ;
#2667 = STYLED_ITEM ( 'NONE', ( #440 ), #4191 ) ;
#2668 = ORIENTED_EDGE ( 'NONE', *, *, #835, .T. ) ;
#2669 = DIRECTION ( 'NONE',  ( 0.0000000000000000000, 0.0000000000000000000, -1.000000000000000000 ) ) ;
#2670 = AXIS2_PLACEMENT_3D ( 'NONE', #2093, #4782, #2446 ) ;
#2671 = FILL_AREA_STYLE ('',( #4724 ) ) ;
#2672 =( GEOMETRIC_REPRESENTATION_CONTEXT ( 3 ) GLOBAL_UNCERTAINTY_ASSIGNED_CONTEXT ( ( #948 ) ) GLOBAL_UNIT_ASSIGNED_CONTEXT ( ( #523, #1339, #1723 ) ) REPRESENTATION_CONTEXT ( 'NONE', 'WORKASPACE' ) );
#2673 = SURFACE_SIDE_STYLE ('',( #4728 ) ) ;
#2674 = EDGE_CURVE ( 'NONE', #3207, #307, #276, .T. ) ;
#2675 = SURFACE_STYLE_USAGE ( .BOTH. , #2649 ) ;
#2676 = ORIENTED_EDGE ( 'NONE', *, *, #3203, .T. ) ;
#2677 = SURFACE_SIDE_STYLE ('',( #1456 ) ) ;
#2678 = EDGE_CURVE ( 'NONE', #942, #3940, #2063, .T. ) ;
#2679 = FACE_OUTER_BOUND ( 'NONE', #1504, .T. ) ;
#2680 = LINE ( 'NONE', #3058, #2705 ) ;
#2681 = STYLED_ITEM ( 'NONE', ( #610 ), #708 ) ;
#2682 = ORIENTED_EDGE ( 'NONE', *, *, #4801, .T. ) ;
#2683 = UNCERTAINTY_MEASURE_WITH_UNIT (LENGTH_MEASURE( 1.000000000000000082E-05 ), #4446, 'distance_accuracy_value', 'NONE');
#2684 = CARTESIAN_POINT ( 'NONE',  ( -1.500000000000000000, -1.500000000000000000, 0.9499999999999999556 ) ) ;
#2685 = SURFACE_SIDE_STYLE ('',( #3768 ) ) ;
#2686 = PRESENTATION_LAYER_ASSIGNMENT (  '', '', ( #3168 ) ) ;
#2687 = MECHANICAL_DESIGN_GEOMETRIC_PRESENTATION_REPRESENTATION (  '', ( #1632 ), #971 ) ;
#2688 = FILL_AREA_STYLE ('',( #762 ) ) ;
#2689 = SURFACE_SIDE_STYLE ('',( #285 ) ) ;
#2690 = EDGE_LOOP ( 'NONE', ( #2347, #3193, #3065, #5090 ) ) ;
#2691 = AXIS2_PLACEMENT_3D ( 'NONE', #2427, #3606, #2402 ) ;
#2692 = ORIENTED_EDGE ( 'NONE', *, *, #4662, .F. ) ;
#2693 = CARTESIAN_POINT ( 'NONE',  ( 1.500000000000000000, 1.500000000000000000, 0.9499999999999999556 ) ) ;
#2694 = STYLED_ITEM ( 'NONE', ( #958 ), #1341 ) ;
#2695 =( NAMED_UNIT ( * ) PLANE_ANGLE_UNIT ( ) SI_UNIT ( $, .RADIAN. ) );
#2696 = CARTESIAN_POINT ( 'NONE',  ( -0.2500000000000000000, -1.219999999999999973, 0.0000000000000000000 ) ) ;
#2697 = MECHANICAL_DESIGN_GEOMETRIC_PRESENTATION_REPRESENTATION (  '', ( #3515 ), #729 ) ;
#2698 = PRESENTATION_LAYER_ASSIGNMENT (  '', '', ( #4813 ) ) ;
#2699 = UNCERTAINTY_MEASURE_WITH_UNIT (LENGTH_MEASURE( 1.000000000000000082E-05 ), #159, 'distance_accuracy_value', 'NONE');
#2700 = FILL_AREA_STYLE ('',( #1135 ) ) ;
#2701 = COLOUR_RGB ( '',1.000000000000000000, 0.8156862745098039102, 0.02745098039215686236 ) ;
#2702 = FACE_OUTER_BOUND ( 'NONE', #1001, .T. ) ;
#2703 = EDGE_LOOP ( 'NONE', ( #544, #3299, #3152, #2994 ) ) ;
#2704 = EDGE_CURVE ( 'NONE', #2185, #1677, #4599, .T. ) ;
#2705 = VECTOR ( 'NONE', #2656, 1000.000000000000000 ) ;
#2706 = PRESENTATION_STYLE_ASSIGNMENT (( #3597 ) ) ;
#2707 = CARTESIAN_POINT ( 'NONE',  ( -0.3699999999999999956, 0.0000000000000000000, 0.0000000000000000000 ) ) ;
#2708 = DIRECTION ( 'NONE',  ( 1.000000000000000000, -0.0000000000000000000, 0.0000000000000000000 ) ) ;
#2709 = PRESENTATION_LAYER_ASSIGNMENT (  '', '', ( #2465 ) ) ;
#2710 = DIRECTION ( 'NONE',  ( -1.000000000000000000, 0.0000000000000000000, 0.0000000000000000000 ) ) ;
#2711 = SURFACE_STYLE_FILL_AREA ( #1147 ) ;
#2712 = EDGE_LOOP ( 'NONE', ( #2841, #1103, #4758, #2071 ) ) ;
#2713 = EDGE_CURVE ( 'NONE', #4288, #3512, #4198, .T. ) ;
#2714 = FILL_AREA_STYLE_COLOUR ( '', #2991 ) ;
#2715 = CARTESIAN_POINT ( 'NONE',  ( 0.5900000000000000799, -0.8400000000000000799, 0.2500000000000000000 ) ) ;
#2716 = CARTESIAN_POINT ( 'NONE',  ( 1.510000000000000009, 0.6300000000000000044, 0.0000000000000000000 ) ) ;
#2717 = SURFACE_SIDE_STYLE ('',( #1154 ) ) ;
#2718 = DIRECTION ( 'NONE',  ( 0.0000000000000000000, 1.000000000000000000, 0.0000000000000000000 ) ) ;
#2719 = CARTESIAN_POINT ( 'NONE',  ( 1.219999999999999973, -0.6300000000000000044, 0.2500000000000000000 ) ) ;
#2720 = AXIS2_PLACEMENT_3D ( 'NONE', #4016, #4110, #899 ) ;
#2721 = VERTEX_POINT ( 'NONE', #3395 ) ;
#2722 = ORIENTED_EDGE ( 'NONE', *, *, #4687, .T. ) ;
#2723 = CARTESIAN_POINT ( 'NONE',  ( -1.510000000000000009, -0.6300000000000000044, 0.2500000000000000000 ) ) ;
#2724 =( LENGTH_UNIT ( ) NAMED_UNIT ( * ) SI_UNIT ( .MILLI., .METRE. ) );
#2725 = CARTESIAN_POINT ( 'NONE',  ( -1.500000000000000000, -1.500000000000000000, 0.05000000000000002359 ) ) ;
#2726 = FILL_AREA_STYLE_COLOUR ( '', #3519 ) ;
#2727 = FILL_AREA_STYLE_COLOUR ( '', #3326 ) ;
#2728 = DIRECTION ( 'NONE',  ( 0.0000000000000000000, 0.0000000000000000000, -1.000000000000000000 ) ) ;
#2729 = VERTEX_POINT ( 'NONE', #1116 ) ;
#2730 = FILL_AREA_STYLE_COLOUR ( '', #4564 ) ;
#2731 = DIRECTION ( 'NONE',  ( -1.000000000000000000, 0.0000000000000000000, 0.0000000000000000000 ) ) ;
#2732 = EDGE_LOOP ( 'NONE', ( #2949, #3381, #3009, #4914 ) ) ;
#2733 = UNCERTAINTY_MEASURE_WITH_UNIT (LENGTH_MEASURE( 1.000000000000000082E-05 ), #2750, 'distance_accuracy_value', 'NONE');
#2734 = DIRECTION ( 'NONE',  ( 1.000000000000000000, 0.0000000000000000000, 0.0000000000000000000 ) ) ;
#2735 = CARTESIAN_POINT ( 'NONE',  ( -0.8699999999999999956, 1.219999999999999973, 0.2500000000000000000 ) ) ;
#2736 = PRESENTATION_STYLE_ASSIGNMENT (( #1183 ) ) ;
#2737 = EDGE_CURVE ( 'NONE', #2796, #1306, #331, .T. ) ;
#2738 = VECTOR ( 'NONE', #1905, 1000.000000000000000 ) ;
#2739 = ORIENTED_EDGE ( 'NONE', *, *, #470, .F. ) ;
#2740 = VERTEX_POINT ( 'NONE', #227 ) ;
#2741 = DIRECTION ( 'NONE',  ( 0.0000000000000000000, -0.0000000000000000000, -1.000000000000000000 ) ) ;
#2742 = SURFACE_STYLE_FILL_AREA ( #1190 ) ;
#2743 = ADVANCED_FACE ( 'NONE', ( #1820 ), #4928, .F. ) ;
#2744 = CARTESIAN_POINT ( 'NONE',  ( 0.0000000000000000000, 0.0000000000000000000, 0.9699999999999999734 ) ) ;
#2745 = SURFACE_STYLE_USAGE ( .BOTH. , #1247 ) ;
#2746 = SURFACE_SIDE_STYLE ('',( #2296 ) ) ;
#2747 = SURFACE_STYLE_USAGE ( .BOTH. , #1195 ) ;
#2748 = CLOSED_SHELL ( 'NONE', ( #445, #3466, #6, #4531, #3949, #1192 ) ) ;
#2749 =( GEOMETRIC_REPRESENTATION_CONTEXT ( 3 ) GLOBAL_UNCERTAINTY_ASSIGNED_CONTEXT ( ( #3506 ) ) GLOBAL_UNIT_ASSIGNED_CONTEXT ( ( #2784, #4291, #2325 ) ) REPRESENTATION_CONTEXT ( 'NONE', 'WORKASPACE' ) );
#2750 =( LENGTH_UNIT ( ) NAMED_UNIT ( * ) SI_UNIT ( .MILLI., .METRE. ) );
#2751 = EDGE_CURVE ( 'NONE', #886, #5039, #149, .T. ) ;
#2752 = CLOSED_SHELL ( 'NONE', ( #2456, #2254, #1341, #3693, #2611, #692 ) ) ;
#2753 =( LENGTH_UNIT ( ) NAMED_UNIT ( * ) SI_UNIT ( .MILLI., .METRE. ) );
#2754 = EDGE_LOOP ( 'NONE', ( #4355, #813, #2590, #1093 ) ) ;
#2755 = SURFACE_SIDE_STYLE ('',( #1584 ) ) ;
#2756 = PRESENTATION_STYLE_ASSIGNMENT (( #1612 ) ) ;
#2757 = PLANE ( 'NONE',  #1385 ) ;
#2758 = ORIENTED_EDGE ( 'NONE', *, *, #4695, .T. ) ;
#2759 = PRESENTATION_LAYER_ASSIGNMENT (  '', '', ( #1044 ) ) ;
#2760 = DIRECTION ( 'NONE',  ( 1.000000000000000000, 0.0000000000000000000, 0.0000000000000000000 ) ) ;
#2761 = SURFACE_STYLE_FILL_AREA ( #3113 ) ;
#2762 = DIRECTION ( 'NONE',  ( -0.0000000000000000000, -0.0000000000000000000, -1.000000000000000000 ) ) ;
#2763 = STYLED_ITEM ( 'NONE', ( #1756 ), #4727 ) ;
#2764 = AXIS2_PLACEMENT_3D ( 'NONE', #106, #984, #2471 ) ;
#2765 = ORIENTED_EDGE ( 'NONE', *, *, #3896, .T. ) ;
#2766 = ORIENTED_EDGE ( 'NONE', *, *, #503, .T. ) ;
#2767 = AXIS2_PLACEMENT_3D ( 'NONE', #2744, #2013, #19 ) ;
#2768 = FACE_OUTER_BOUND ( 'NONE', #3755, .T. ) ;
#2769 = SURFACE_STYLE_USAGE ( .BOTH. , #4333 ) ;
#2770 = FILL_AREA_STYLE_COLOUR ( '', #2044 ) ;
#2771 = FILL_AREA_STYLE_COLOUR ( '', #1235 ) ;
#2772 = MECHANICAL_DESIGN_GEOMETRIC_PRESENTATION_REPRESENTATION (  '', ( #3596 ), #468 ) ;
#2773 = CARTESIAN_POINT ( 'NONE',  ( -1.510000000000000009, 0.6300000000000000044, 0.0000000000000000000 ) ) ;
#2774 = CYLINDRICAL_SURFACE ( 'NONE', #3015, 0.1199999999999999956 ) ;
#2775 = ADVANCED_FACE ( 'NONE', ( #1666 ), #4, .F. ) ;
#2776 = CIRCLE ( 'NONE', #978, 0.1200000000000000927 ) ;
#2777 = CARTESIAN_POINT ( 'NONE',  ( 0.0000000000000000000, 0.0000000000000000000, 0.0000000000000000000 ) ) ;
#2778 = STYLED_ITEM ( 'NONE', ( #2414 ), #2183 ) ;
#2779 = STYLED_ITEM ( 'NONE', ( #3700 ), #1520 ) ;
#2780 = LINE ( 'NONE', #3601, #4075 ) ;
#2781 = VERTEX_POINT ( 'NONE', #4678 ) ;
#2782 = EDGE_CURVE ( 'NONE', #3582, #319, #3106, .T. ) ;
#2783 = STYLED_ITEM ( 'NONE', ( #2458 ), #2375 ) ;
#2784 =( LENGTH_UNIT ( ) NAMED_UNIT ( * ) SI_UNIT ( .MILLI., .METRE. ) );
#2785 = VECTOR ( 'NONE', #1730, 1000.000000000000000 ) ;
#2786 = LINE ( 'NONE', #4292, #4905 ) ;
#2787 = ORIENTED_EDGE ( 'NONE', *, *, #565, .T. ) ;
#2788 = CIRCLE ( 'NONE', #2542, 0.1199999999999999956 ) ;
#2789 = UNCERTAINTY_MEASURE_WITH_UNIT (LENGTH_MEASURE( 1.000000000000000082E-05 ), #4250, 'distance_accuracy_value', 'NONE');
#2790 = LINE ( 'NONE', #118, #499 ) ;
#2791 = PRODUCT_CONTEXT ( 'NONE', #4691, 'mechanical' ) ;
#2792 = PRESENTATION_STYLE_ASSIGNMENT (( #3115 ) ) ;
#2793 = CARTESIAN_POINT ( 'NONE',  ( 0.0000000000000000000, 0.0000000000000000000, 0.2500000000000000000 ) ) ;
#2794 = COLOUR_RGB ( '',0.2862745098039215508, 0.2862745098039215508, 0.2862745098039215508 ) ;
#2795 = SURFACE_SIDE_STYLE ('',( #4991 ) ) ;
#2796 = VERTEX_POINT ( 'NONE', #1639 ) ;
#2797 = ORIENTED_EDGE ( 'NONE', *, *, #5022, .F. ) ;
#2798 = AXIS2_PLACEMENT_3D ( 'NONE', #5049, #3491, #5024 ) ;
#2799 = DIRECTION ( 'NONE',  ( 0.0000000000000000000, -0.0000000000000000000, -1.000000000000000000 ) ) ;
#2800 = DIRECTION ( 'NONE',  ( 1.000000000000000000, 0.0000000000000000000, 0.0000000000000000000 ) ) ;
#2801 = SURFACE_STYLE_FILL_AREA ( #1246 ) ;
#2802 = STYLED_ITEM ( 'NONE', ( #1749 ), #3225 ) ;
#2803 =( NAMED_UNIT ( * ) SI_UNIT ( $, .STERADIAN. ) SOLID_ANGLE_UNIT ( ) );
#2804 = CARTESIAN_POINT ( 'NONE',  ( 1.219999999999999973, 0.7500000000000000000, 0.0000000000000000000 ) ) ;
#2805 = MECHANICAL_DESIGN_GEOMETRIC_PRESENTATION_REPRESENTATION (  '', ( #2157 ), #3938 ) ;
#2806 = CARTESIAN_POINT ( 'NONE',  ( 0.0000000000000000000, 0.0000000000000000000, 0.2500000000000000000 ) ) ;
#2807 = EDGE_CURVE ( 'NONE', #2876, #4210, #4319, .T. ) ;
#2808 = ORIENTED_EDGE ( 'NONE', *, *, #3870, .T. ) ;
#2809 =( NAMED_UNIT ( * ) SI_UNIT ( $, .STERADIAN. ) SOLID_ANGLE_UNIT ( ) );
#2810 =( NAMED_UNIT ( * ) PLANE_ANGLE_UNIT ( ) SI_UNIT ( $, .RADIAN. ) );
#2811 = FACE_OUTER_BOUND ( 'NONE', #4976, .T. ) ;
#2812 = ADVANCED_FACE ( 'NONE', ( #2349 ), #3579, .F. ) ;
#2813 = FACE_OUTER_BOUND ( 'NONE', #4267, .T. ) ;
#2814 = VERTEX_POINT ( 'NONE', #2931 ) ;
#2815 = FILL_AREA_STYLE_COLOUR ( '', #3543 ) ;
#2816 = ITEM_DEFINED_TRANSFORMATION ( 'NONE', 'NONE', #3909,  #3830 ) ;
#2817 = SURFACE_SIDE_STYLE ('',( #4258 ) ) ;
#2818 = PLANE ( 'NONE',  #1792 ) ;
#2819 = SURFACE_STYLE_FILL_AREA ( #53 ) ;
#2820 = DIRECTION ( 'NONE',  ( 1.000000000000000000, -0.0000000000000000000, 0.0000000000000000000 ) ) ;
#2821 = PRESENTATION_LAYER_ASSIGNMENT (  '', '', ( #4185 ) ) ;
#2822 = ORIENTED_EDGE ( 'NONE', *, *, #2578, .T. ) ;
#2823 = VERTEX_POINT ( 'NONE', #1737 ) ;
#2824 = CARTESIAN_POINT ( 'NONE',  ( 0.3699999999999999956, -1.219999999999999973, 0.0000000000000000000 ) ) ;
#2825 = CARTESIAN_POINT ( 'NONE',  ( 0.8699999999999999956, -1.219999999999999973, 0.0000000000000000000 ) ) ;
#2826 =( NAMED_UNIT ( * ) PLANE_ANGLE_UNIT ( ) SI_UNIT ( $, .RADIAN. ) );
#2827 = DIRECTION ( 'NONE',  ( 0.0000000000000000000, 0.0000000000000000000, 1.000000000000000000 ) ) ;
#2828 = SURFACE_STYLE_USAGE ( .BOTH. , #4337 ) ;
#2829 = EDGE_CURVE ( 'NONE', #2210, #4410, #1301, .T. ) ;
#2830 = PRESENTATION_STYLE_ASSIGNMENT (( #2048 ) ) ;
#2831 = FILL_AREA_STYLE_COLOUR ( '', #4822 ) ;
#2832 = DIRECTION ( 'NONE',  ( 1.000000000000000000, 0.0000000000000000000, 0.0000000000000000000 ) ) ;
#2833 = FACE_OUTER_BOUND ( 'NONE', #4537, .T. ) ;
#2834 = ORIENTED_EDGE ( 'NONE', *, *, #3290, .F. ) ;
#2835 = PRESENTATION_LAYER_ASSIGNMENT (  '', '', ( #449 ) ) ;
#2836 = FILL_AREA_STYLE ('',( #1715 ) ) ;
#2837 = EDGE_CURVE ( 'NONE', #2200, #3374, #3308, .T. ) ;
#2838 =( NAMED_UNIT ( * ) SI_UNIT ( $, .STERADIAN. ) SOLID_ANGLE_UNIT ( ) );
#2839 = MECHANICAL_DESIGN_GEOMETRIC_PRESENTATION_REPRESENTATION (  '', ( #4132 ), #4873 ) ;
#2840 = PLANE ( 'NONE',  #3602 ) ;
#2841 = ORIENTED_EDGE ( 'NONE', *, *, #3528, .T. ) ;
#2842 = UNCERTAINTY_MEASURE_WITH_UNIT (LENGTH_MEASURE( 1.000000000000000082E-05 ), #16, 'distance_accuracy_value', 'NONE');
#2843 = UNCERTAINTY_MEASURE_WITH_UNIT (LENGTH_MEASURE( 1.000000000000000082E-05 ), #695, 'distance_accuracy_value', 'NONE');
#2844 =( NAMED_UNIT ( * ) SI_UNIT ( $, .STERADIAN. ) SOLID_ANGLE_UNIT ( ) );
#2845 = AXIS2_PLACEMENT_3D ( 'NONE', #722, #4617, #1935 ) ;
#2846 =( LENGTH_UNIT ( ) NAMED_UNIT ( * ) SI_UNIT ( .MILLI., .METRE. ) );
#2847 =( LENGTH_UNIT ( ) NAMED_UNIT ( * ) SI_UNIT ( .MILLI., .METRE. ) );
#2849 = EDGE_LOOP ( 'NONE', ( #2962, #3793, #1614, #3802 ) ) ;
#2848 = STYLED_ITEM ( 'NONE', ( #4305 ), #5041 ) ;
#2850 = FILL_AREA_STYLE_COLOUR ( '', #1133 ) ;
#2851 = VECTOR ( 'NONE', #3304, 1000.000000000000000 ) ;
#2852 = VECTOR ( 'NONE', #4307, 1000.000000000000000 ) ;
#2853 = MANIFOLD_SOLID_BREP ( 'Imported1', #3489 ) ;
#2854 = STYLED_ITEM ( 'NONE', ( #1704 ), #5056 ) ;
#2855 = COLOUR_RGB ( '',1.000000000000000000, 0.8156862745098039102, 0.02745098039215686236 ) ;
#2856 = UNCERTAINTY_MEASURE_WITH_UNIT (LENGTH_MEASURE( 1.000000000000000082E-05 ), #4583, 'distance_accuracy_value', 'NONE');
#2857 = SURFACE_STYLE_FILL_AREA ( #1758 ) ;
#2858 = STYLED_ITEM ( 'NONE', ( #130 ), #2189 ) ;
#2859 = FILL_AREA_STYLE ('',( #2831 ) ) ;
#2860 = FILL_AREA_STYLE ('',( #1762 ) ) ;
#2861 = ORIENTED_EDGE ( 'NONE', *, *, #3930, .F. ) ;
#2862 = VECTOR ( 'NONE', #533, 1000.000000000000000 ) ;
#2863 = DIRECTION ( 'NONE',  ( -1.000000000000000000, -0.0000000000000000000, -0.0000000000000000000 ) ) ;
#2864 = CARTESIAN_POINT ( 'NONE',  ( 1.500000000000000000, 1.500000000000000000, 0.9499999999999999556 ) ) ;
#2865 =( GEOMETRIC_REPRESENTATION_CONTEXT ( 3 ) GLOBAL_UNCERTAINTY_ASSIGNED_CONTEXT ( ( #3707 ) ) GLOBAL_UNIT_ASSIGNED_CONTEXT ( ( #1493, #4610, #4534 ) ) REPRESENTATION_CONTEXT ( 'NONE', 'WORKASPACE' ) );
#2866 =( NAMED_UNIT ( * ) SI_UNIT ( $, .STERADIAN. ) SOLID_ANGLE_UNIT ( ) );
#2867 = CIRCLE ( 'NONE', #3022, 0.1199999999999999956 ) ;
#2868 = EDGE_CURVE ( 'NONE', #1029, #3408, #990, .T. ) ;
#2869 = EDGE_LOOP ( 'NONE', ( #4825, #1824, #4402, #2450, #1375 ) ) ;
#2870 = FILL_AREA_STYLE ('',( #4108 ) ) ;
#2871 = DIRECTION ( 'NONE',  ( 1.000000000000000000, -0.0000000000000000000, 0.0000000000000000000 ) ) ;
#2872 = AXIS2_PLACEMENT_3D ( 'NONE', #92, #1409, #3688 ) ;
#2873 = CARTESIAN_POINT ( 'NONE',  ( 1.219999999999999973, 0.1300000000000000044, 0.2500000000000000000 ) ) ;
#2874 = CARTESIAN_POINT ( 'NONE',  ( 1.510000000000000009, 0.1300000000000000044, 0.2500000000000000000 ) ) ;
#2875 = DIRECTION ( 'NONE',  ( -1.000000000000000000, 0.0000000000000000000, 0.0000000000000000000 ) ) ;
#2876 = VERTEX_POINT ( 'NONE', #2475 ) ;
#2877 = LINE ( 'NONE', #2415, #2206 ) ;
#2878 = CYLINDRICAL_SURFACE ( 'NONE', #2621, 0.1200000000000000927 ) ;
#2879 = COLOUR_RGB ( '',1.000000000000000000, 0.8156862745098039102, 0.02745098039215686236 ) ;
#2880 = SURFACE_STYLE_USAGE ( .BOTH. , #4837 ) ;
#2881 = CARTESIAN_POINT ( 'NONE',  ( -1.219999999999999973, 0.3699999999999999956, 0.0000000000000000000 ) ) ;
#2882 =( LENGTH_UNIT ( ) NAMED_UNIT ( * ) SI_UNIT ( .MILLI., .METRE. ) );
#2883 = SURFACE_SIDE_STYLE ('',( #4076 ) ) ;
#2884 =( NAMED_UNIT ( * ) SI_UNIT ( $, .STERADIAN. ) SOLID_ANGLE_UNIT ( ) );
#2885 = DIRECTION ( 'NONE',  ( 0.0000000000000000000, 0.0000000000000000000, 1.000000000000000000 ) ) ;
#2886 = VERTEX_POINT ( 'NONE', #4002 ) ;
#2887 = DIRECTION ( 'NONE',  ( 1.000000000000000000, 0.0000000000000000000, 0.0000000000000000000 ) ) ;
#2888 = CARTESIAN_POINT ( 'NONE',  ( -1.510000000000000009, -0.3699999999999999956, 0.0000000000000000000 ) ) ;
#2889 = CARTESIAN_POINT ( 'NONE',  ( 0.7500000000000000000, -1.219999999999999973, 0.0000000000000000000 ) ) ;
#2890 = ORIENTED_EDGE ( 'NONE', *, *, #3145, .F. ) ;
#2891 = UNCERTAINTY_MEASURE_WITH_UNIT (LENGTH_MEASURE( 1.000000000000000082E-05 ), #2120, 'distance_accuracy_value', 'NONE');
#2892 = LINE ( 'NONE', #3215, #578 ) ;
#2893 = EDGE_CURVE ( 'NONE', #2659, #1254, #2149, .T. ) ;
#2894 = VECTOR ( 'NONE', #4871, 1000.000000000000000 ) ;
#2895 =( NAMED_UNIT ( * ) SI_UNIT ( $, .STERADIAN. ) SOLID_ANGLE_UNIT ( ) );
#2896 = VERTEX_POINT ( 'NONE', #3646 ) ;
#2897 = ORIENTED_EDGE ( 'NONE', *, *, #1523, .F. ) ;
#2898 = LINE ( 'NONE', #906, #2137 ) ;
#2899 = SURFACE_SIDE_STYLE ('',( #4836 ) ) ;
#2900 = ADVANCED_FACE ( 'NONE', ( #488 ), #4028, .T. ) ;
#2901 = PRESENTATION_STYLE_ASSIGNMENT (( #2880 ) ) ;
#2902 = LINE ( 'NONE', #1663, #4968 ) ;
#2903 = MECHANICAL_DESIGN_GEOMETRIC_PRESENTATION_REPRESENTATION (  '', ( #1691 ), #187 ) ;
#2904 =( NAMED_UNIT ( * ) SI_UNIT ( $, .STERADIAN. ) SOLID_ANGLE_UNIT ( ) );
#2905 = LINE ( 'NONE', #591, #3659 ) ;
#2906 = STYLED_ITEM ( 'NONE', ( #2233 ), #4313 ) ;
#2907 = FILL_AREA_STYLE_COLOUR ( '', #1059 ) ;
#2908 = ORIENTED_EDGE ( 'NONE', *, *, #1430, .F. ) ;
#2909 = SURFACE_SIDE_STYLE ('',( #944 ) ) ;
#2910 = SURFACE_SIDE_STYLE ('',( #1766 ) ) ;
#2911 = COLOUR_RGB ( '',1.000000000000000000, 0.8156862745098039102, 0.02745098039215686236 ) ;
#2912 = SURFACE_SIDE_STYLE ('',( #4761 ) ) ;
#2913 = VERTEX_POINT ( 'NONE', #3387 ) ;
#2914 = CARTESIAN_POINT ( 'NONE',  ( -0.1300000000000000044, -1.510000000000000009, 0.2500000000000000000 ) ) ;
#2915 = FACE_OUTER_BOUND ( 'NONE', #1986, .T. ) ;
#2916 = DIRECTION ( 'NONE',  ( -0.0000000000000000000, 1.000000000000000000, 0.0000000000000000000 ) ) ;
#2917 = MANIFOLD_SOLID_BREP ( 'Imported6', #4521 ) ;
#2918 = FILL_AREA_STYLE_COLOUR ( '', #5061 ) ;
#2919 = ORIENTED_EDGE ( 'NONE', *, *, #2097, .F. ) ;
#2920 = ORIENTED_EDGE ( 'NONE', *, *, #1716, .T. ) ;
#2921 = PRESENTATION_LAYER_ASSIGNMENT (  '', '', ( #4132 ) ) ;
#2922 = PRESENTATION_LAYER_ASSIGNMENT (  '', '', ( #2998 ) ) ;
#2923 = FACE_OUTER_BOUND ( 'NONE', #4932, .T. ) ;
#2924 = COLOUR_RGB ( '',1.000000000000000000, 0.8156862745098039102, 0.02745098039215686236 ) ;
#2925 = CARTESIAN_POINT ( 'NONE',  ( 0.3699999999999999956, 1.219999999999999973, 0.2500000000000000000 ) ) ;
#2926 = EDGE_CURVE ( 'NONE', #1306, #3312, #2569, .T. ) ;
#2927 = FILL_AREA_STYLE ('',( #3223 ) ) ;
#2928 = CIRCLE ( 'NONE', #2205, 0.1200000000000000927 ) ;
#2929 = PRESENTATION_LAYER_ASSIGNMENT (  '', '', ( #884 ) ) ;
#2930 = SURFACE_SIDE_STYLE ('',( #2857 ) ) ;
#2931 = CARTESIAN_POINT ( 'NONE',  ( 0.6300000000000000044, 1.219999999999999973, 0.2500000000000000000 ) ) ;
#2932 = PRESENTATION_LAYER_ASSIGNMENT (  '', '', ( #3596 ) ) ;
#2933 = ADVANCED_FACE ( 'NONE', ( #1502 ), #2959, .T. ) ;
#2934 = SURFACE_SIDE_STYLE ('',( #1789 ) ) ;
#2935 = ORIENTED_EDGE ( 'NONE', *, *, #79, .F. ) ;
#2936 = LINE ( 'NONE', #4032, #2894 ) ;
#2937 = PRESENTATION_LAYER_ASSIGNMENT (  '', '', ( #3598 ) ) ;
#2938 = CARTESIAN_POINT ( 'NONE',  ( 1.219999999999999973, 0.8699999999999999956, 0.0000000000000000000 ) ) ;
#2939 = FACE_OUTER_BOUND ( 'NONE', #2116, .T. ) ;
#2940 = STYLED_ITEM ( 'NONE', ( #2960 ), #2068 ) ;
#2941 = VERTEX_POINT ( 'NONE', #1425 ) ;
#2942 = UNCERTAINTY_MEASURE_WITH_UNIT (LENGTH_MEASURE( 1.000000000000000082E-05 ), #4205, 'distance_accuracy_value', 'NONE');
#2943 = SURFACE_STYLE_USAGE ( .BOTH. , #2132 ) ;
#2944 = UNCERTAINTY_MEASURE_WITH_UNIT (LENGTH_MEASURE( 1.000000000000000082E-05 ), #1169, 'distance_accuracy_value', 'NONE');
#2945 = SURFACE_SIDE_STYLE ('',( #158 ) ) ;
#2946 = DIRECTION ( 'NONE',  ( 1.000000000000000000, 0.0000000000000000000, -0.0000000000000000000 ) ) ;
#2947 = MECHANICAL_DESIGN_GEOMETRIC_PRESENTATION_REPRESENTATION (  '', ( #4477 ), #4309 ) ;
#2948 =( LENGTH_UNIT ( ) NAMED_UNIT ( * ) SI_UNIT ( .MILLI., .METRE. ) );
#2949 = ORIENTED_EDGE ( 'NONE', *, *, #184, .T. ) ;
#2950 = VERTEX_POINT ( 'NONE', #642 ) ;
#2951 = AXIS2_PLACEMENT_3D ( 'NONE', #1768, #3237, #1000 ) ;
#2952 = VECTOR ( 'NONE', #5088, 1000.000000000000000 ) ;
#2953 = DIRECTION ( 'NONE',  ( -1.000000000000000000, 0.0000000000000000000, -0.0000000000000000000 ) ) ;
#2954 = SURFACE_SIDE_STYLE ('',( #1397 ) ) ;
#2955 = CARTESIAN_POINT ( 'NONE',  ( -0.6300000000000000044, 0.0000000000000000000, 0.0000000000000000000 ) ) ;
#2956 = UNCERTAINTY_MEASURE_WITH_UNIT (LENGTH_MEASURE( 1.000000000000000082E-05 ), #3612, 'distance_accuracy_value', 'NONE');
#2957 = AXIS2_PLACEMENT_3D ( 'NONE', #3415, #1477, #4571 ) ;
#2958 = ADVANCED_FACE ( 'NONE', ( #1015 ), #3824, .F. ) ;
#2959 = PLANE ( 'NONE',  #2957 ) ;
#2960 = PRESENTATION_STYLE_ASSIGNMENT (( #2271 ) ) ;
#2961 =( GEOMETRIC_REPRESENTATION_CONTEXT ( 3 ) GLOBAL_UNCERTAINTY_ASSIGNED_CONTEXT ( ( #1464 ) ) GLOBAL_UNIT_ASSIGNED_CONTEXT ( ( #3992, #1189, #46 ) ) REPRESENTATION_CONTEXT ( 'NONE', 'WORKASPACE' ) );
#2962 = ORIENTED_EDGE ( 'NONE', *, *, #699, .F. ) ;
#2963 = SURFACE_STYLE_USAGE ( .BOTH. , #273 ) ;
#2964 = FACE_OUTER_BOUND ( 'NONE', #2216, .T. ) ;
#2965 = EDGE_CURVE ( 'NONE', #4579, #2200, #1994, .T. ) ;
#2966 =( NAMED_UNIT ( * ) SI_UNIT ( $, .STERADIAN. ) SOLID_ANGLE_UNIT ( ) );
#2967 = ORIENTED_EDGE ( 'NONE', *, *, #1218, .T. ) ;
#2968 = CARTESIAN_POINT ( 'NONE',  ( 0.6300000000000000044, 1.510000000000000009, 0.2500000000000000000 ) ) ;
#2969 = ORIENTED_EDGE ( 'NONE', *, *, #3436, .F. ) ;
#2970 = ORIENTED_EDGE ( 'NONE', *, *, #3595, .T. ) ;
#2971 = SURFACE_SIDE_STYLE ('',( #608 ) ) ;
#2972 = CIRCLE ( 'NONE', #4672, 0.1200000000000000927 ) ;
#2973 = DIRECTION ( 'NONE',  ( -1.000000000000000000, 0.0000000000000000000, -0.0000000000000000000 ) ) ;
#2974 = MANIFOLD_SOLID_BREP ( 'Imported19', #103 ) ;
#2975 = DIRECTION ( 'NONE',  ( -1.000000000000000000, 0.0000000000000000000, -0.0000000000000000000 ) ) ;
#2976 = VECTOR ( 'NONE', #3885, 1000.000000000000000 ) ;
#2977 = DIRECTION ( 'NONE',  ( 0.0000000000000000000, -0.0000000000000000000, 1.000000000000000000 ) ) ;
#2978 = DIRECTION ( 'NONE',  ( 0.0000000000000000000, -0.0000000000000000000, 1.000000000000000000 ) ) ;
#2979 = ORIENTED_EDGE ( 'NONE', *, *, #4343, .F. ) ;
#2980 = EDGE_CURVE ( 'NONE', #4013, #4410, #5083, .T. ) ;
#2981 = UNCERTAINTY_MEASURE_WITH_UNIT (LENGTH_MEASURE( 1.000000000000000082E-05 ), #3878, 'distance_accuracy_value', 'NONE');
#2982 = CARTESIAN_POINT ( 'NONE',  ( -1.219999999999999973, 0.7500000000000000000, 0.0000000000000000000 ) ) ;
#2983 = SURFACE_STYLE_FILL_AREA ( #4954 ) ;
#2984 = SURFACE_STYLE_FILL_AREA ( #4174 ) ;
#2985 = PRESENTATION_LAYER_ASSIGNMENT (  '', '', ( #98 ) ) ;
#2986 =( NAMED_UNIT ( * ) SI_UNIT ( $, .STERADIAN. ) SOLID_ANGLE_UNIT ( ) );
#2987 = EDGE_LOOP ( 'NONE', ( #4112, #2666, #3879, #905 ) ) ;
#2988 =( NAMED_UNIT ( * ) SI_UNIT ( $, .STERADIAN. ) SOLID_ANGLE_UNIT ( ) );
#2989 = VECTOR ( 'NONE', #3378, 1000.000000000000000 ) ;
#2990 = SURFACE_SIDE_STYLE ('',( #1439 ) ) ;
#2991 = COLOUR_RGB ( '',1.000000000000000000, 0.8156862745098039102, 0.02745098039215686236 ) ;
#2992 = ORIENTED_EDGE ( 'NONE', *, *, #3870, .F. ) ;
#2993 = EDGE_CURVE ( 'NONE', #2950, #4667, #3522, .T. ) ;
#2994 = ORIENTED_EDGE ( 'NONE', *, *, #2868, .F. ) ;
#2995 = FILL_AREA_STYLE ('',( #3485 ) ) ;
#2996 = LINE ( 'NONE', #2319, #1276 ) ;
#2997 = MECHANICAL_DESIGN_GEOMETRIC_PRESENTATION_REPRESENTATION (  '', ( #1860 ), #3578 ) ;
#2998 = STYLED_ITEM ( 'NONE', ( #568 ), #340 ) ;
#2999 = DIRECTION ( 'NONE',  ( -0.0000000000000000000, -1.000000000000000000, -0.0000000000000000000 ) ) ;
#3000 = UNCERTAINTY_MEASURE_WITH_UNIT (LENGTH_MEASURE( 1.000000000000000082E-05 ), #3967, 'distance_accuracy_value', 'NONE');
#3001 = VECTOR ( 'NONE', #1634, 1000.000000000000000 ) ;
#3002 = DIRECTION ( 'NONE',  ( 0.0000000000000000000, 0.0000000000000000000, 1.000000000000000000 ) ) ;
#3003 = ORIENTED_EDGE ( 'NONE', *, *, #3494, .F. ) ;
#3004 = PLANE ( 'NONE',  #4864 ) ;
#3005 = FILL_AREA_STYLE ('',( #1457 ) ) ;
#3006 =( GEOMETRIC_REPRESENTATION_CONTEXT ( 3 ) GLOBAL_UNCERTAINTY_ASSIGNED_CONTEXT ( ( #1684 ) ) GLOBAL_UNIT_ASSIGNED_CONTEXT ( ( #1210, #3935, #3585 ) ) REPRESENTATION_CONTEXT ( 'NONE', 'WORKASPACE' ) );
#3007 = PRESENTATION_STYLE_ASSIGNMENT (( #1074 ) ) ;
#3008 = CARTESIAN_POINT ( 'NONE',  ( -1.099999999999999867, 0.7500000000000000000, 0.0000000000000000000 ) ) ;
#3009 = ORIENTED_EDGE ( 'NONE', *, *, #5050, .T. ) ;
#3010 = SURFACE_STYLE_FILL_AREA ( #5010 ) ;
#3011 = PRESENTATION_LAYER_ASSIGNMENT (  '', '', ( #2694 ) ) ;
#3012 = PRESENTATION_STYLE_ASSIGNMENT (( #4158 ) ) ;
#3013 = EDGE_CURVE ( 'NONE', #1029, #464, #4587, .T. ) ;
#3014 = FACE_OUTER_BOUND ( 'NONE', #1976, .T. ) ;
#3015 = AXIS2_PLACEMENT_3D ( 'NONE', #3488, #1134, #370 ) ;
#3016 = ORIENTED_EDGE ( 'NONE', *, *, #939, .T. ) ;
#3017 = ORIENTED_EDGE ( 'NONE', *, *, #4077, .F. ) ;
#3018 = PRESENTATION_LAYER_ASSIGNMENT (  '', '', ( #140 ) ) ;
#3019 = VECTOR ( 'NONE', #2999, 1000.000000000000000 ) ;
#3020 = ADVANCED_FACE ( 'NONE', ( #746 ), #1831, .F. ) ;
#3021 =( NAMED_UNIT ( * ) SI_UNIT ( $, .STERADIAN. ) SOLID_ANGLE_UNIT ( ) );
#3022 = AXIS2_PLACEMENT_3D ( 'NONE', #2889, #999, #4059 ) ;
#3023 = SURFACE_SIDE_STYLE ('',( #1424 ) ) ;
#3024 =( NAMED_UNIT ( * ) PLANE_ANGLE_UNIT ( ) SI_UNIT ( $, .RADIAN. ) );
#3025 = DIRECTION ( 'NONE',  ( -1.000000000000000000, 0.0000000000000000000, 0.0000000000000000000 ) ) ;
#3026 = MECHANICAL_DESIGN_GEOMETRIC_PRESENTATION_REPRESENTATION (  '', ( #65 ), #4998 ) ;
#3027 = VERTEX_POINT ( 'NONE', #1104 ) ;
#3028 = UNCERTAINTY_MEASURE_WITH_UNIT (LENGTH_MEASURE( 1.000000000000000082E-05 ), #3080, 'distance_accuracy_value', 'NONE');
#3029 = CARTESIAN_POINT ( 'NONE',  ( 0.0000000000000000000, 0.0000000000000000000, 0.2500000000000000000 ) ) ;
#3030 =( NAMED_UNIT ( * ) SI_UNIT ( $, .STERADIAN. ) SOLID_ANGLE_UNIT ( ) );
#3031 = DIRECTION ( 'NONE',  ( -1.000000000000000000, 0.0000000000000000000, 0.0000000000000000000 ) ) ;
#3032 = PRESENTATION_LAYER_ASSIGNMENT (  '', '', ( #3365 ) ) ;
#3033 = FILL_AREA_STYLE_COLOUR ( '', #2463 ) ;
#3034 = SURFACE_STYLE_FILL_AREA ( #229 ) ;
#3035 = SURFACE_STYLE_USAGE ( .BOTH. , #1917 ) ;
#3036 = ORIENTED_EDGE ( 'NONE', *, *, #2161, .T. ) ;
#3037 = SURFACE_STYLE_FILL_AREA ( #336 ) ;
#3038 = COLOUR_RGB ( '',1.000000000000000000, 0.8156862745098039102, 0.02745098039215686236 ) ;
#3039 = UNCERTAINTY_MEASURE_WITH_UNIT (LENGTH_MEASURE( 1.000000000000000082E-05 ), #5020, 'distance_accuracy_value', 'NONE');
#3040 = DIRECTION ( 'NONE',  ( -0.0000000000000000000, -0.0000000000000000000, -1.000000000000000000 ) ) ;
#3041 =( NAMED_UNIT ( * ) SI_UNIT ( $, .STERADIAN. ) SOLID_ANGLE_UNIT ( ) );
#3042 = PRESENTATION_STYLE_ASSIGNMENT (( #3723 ) ) ;
#3043 = CARTESIAN_POINT ( 'NONE',  ( -0.8699999999999999956, -1.219999999999999973, 0.0000000000000000000 ) ) ;
#3044 = ORIENTED_EDGE ( 'NONE', *, *, #2523, .T. ) ;
#3045 = ORIENTED_EDGE ( 'NONE', *, *, #3371, .T. ) ;
#3046 = DIRECTION ( 'NONE',  ( 0.0000000000000000000, 1.000000000000000000, 0.0000000000000000000 ) ) ;
#3047 = ADVANCED_FACE ( 'NONE', ( #1904 ), #3816, .T. ) ;
#3048 = PRESENTATION_STYLE_ASSIGNMENT (( #2618 ) ) ;
#3049 = FILL_AREA_STYLE_COLOUR ( '', #4290 ) ;
#3050 = LINE ( 'NONE', #3798, #2452 ) ;
#3051 = EDGE_CURVE ( 'NONE', #4260, #3464, #4995, .T. ) ;
#3052 = MECHANICAL_DESIGN_GEOMETRIC_PRESENTATION_REPRESENTATION (  '', ( #4508 ), #595 ) ;
#3053 =( LENGTH_UNIT ( ) NAMED_UNIT ( * ) SI_UNIT ( .MILLI., .METRE. ) );
#3054 = ORIENTED_EDGE ( 'NONE', *, *, #1423, .T. ) ;
#3055 = FILL_AREA_STYLE_COLOUR ( '', #428 ) ;
#3056 =( NAMED_UNIT ( * ) SI_UNIT ( $, .STERADIAN. ) SOLID_ANGLE_UNIT ( ) );
#3057 = DIRECTION ( 'NONE',  ( -0.0000000000000000000, -0.0000000000000000000, -1.000000000000000000 ) ) ;
#3058 = CARTESIAN_POINT ( 'NONE',  ( 1.510000000000000009, 0.6300000000000000044, 0.2500000000000000000 ) ) ;
#3059 = SURFACE_STYLE_FILL_AREA ( #3372 ) ;
#3060 = FILL_AREA_STYLE_COLOUR ( '', #3991 ) ;
#3061 = ORIENTED_EDGE ( 'NONE', *, *, #2980, .T. ) ;
#3062 =( NAMED_UNIT ( * ) SI_UNIT ( $, .STERADIAN. ) SOLID_ANGLE_UNIT ( ) );
#3063 = VECTOR ( 'NONE', #2312, 1000.000000000000000 ) ;
#3064 = FILL_AREA_STYLE ('',( #711 ) ) ;
#3065 = ORIENTED_EDGE ( 'NONE', *, *, #12, .T. ) ;
#3066 = COLOUR_RGB ( '',1.000000000000000000, 0.8156862745098039102, 0.02745098039215686236 ) ;
#3067 = ORIENTED_EDGE ( 'NONE', *, *, #2993, .F. ) ;
#3068 = CARTESIAN_POINT ( 'NONE',  ( -0.8699999999999999956, 1.510000000000000009, 0.2500000000000000000 ) ) ;
#3069 = CLOSED_SHELL ( 'NONE', ( #3656, #4793, #3225, #4280, #573, #2812, #3644 ) ) ;
#3070 =( GEOMETRIC_REPRESENTATION_CONTEXT ( 3 ) GLOBAL_UNCERTAINTY_ASSIGNED_CONTEXT ( ( #4840 ) ) GLOBAL_UNIT_ASSIGNED_CONTEXT ( ( #3105, #2348, #2809 ) ) REPRESENTATION_CONTEXT ( 'NONE', 'WORKASPACE' ) );
#3071 =( GEOMETRIC_REPRESENTATION_CONTEXT ( 3 ) GLOBAL_UNCERTAINTY_ASSIGNED_CONTEXT ( ( #204 ) ) GLOBAL_UNIT_ASSIGNED_CONTEXT ( ( #1770, #1384, #3767 ) ) REPRESENTATION_CONTEXT ( 'NONE', 'WORKASPACE' ) );
#3072 = DIRECTION ( 'NONE',  ( -1.000000000000000000, 0.0000000000000000000, -0.0000000000000000000 ) ) ;
#3073 = EDGE_CURVE ( 'NONE', #1569, #4013, #5015, .T. ) ;
#3074 = SURFACE_SIDE_STYLE ('',( #852 ) ) ;
#3075 = EDGE_LOOP ( 'NONE', ( #4834, #3111, #1121, #1608 ) ) ;
#3076 = MECHANICAL_DESIGN_GEOMETRIC_PRESENTATION_REPRESENTATION (  '', ( #4365 ), #3159 ) ;
#3077 = UNCERTAINTY_MEASURE_WITH_UNIT (LENGTH_MEASURE( 1.000000000000000082E-05 ), #781, 'distance_accuracy_value', 'NONE');
#3078 = MECHANICAL_DESIGN_GEOMETRIC_PRESENTATION_REPRESENTATION (  '', ( #2276 ), #367 ) ;
#3079 = DIRECTION ( 'NONE',  ( 0.0000000000000000000, -0.0000000000000000000, -1.000000000000000000 ) ) ;
#3080 =( LENGTH_UNIT ( ) NAMED_UNIT ( * ) SI_UNIT ( .MILLI., .METRE. ) );
#3081 = EDGE_CURVE ( 'NONE', #1139, #2876, #634, .T. ) ;
#3082 = MECHANICAL_DESIGN_GEOMETRIC_PRESENTATION_REPRESENTATION (  '', ( #2763 ), #5042 ) ;
#3083 =( NAMED_UNIT ( * ) PLANE_ANGLE_UNIT ( ) SI_UNIT ( $, .RADIAN. ) );
#3084 = VECTOR ( 'NONE', #1629, 1000.000000000000000 ) ;
#3085 = CARTESIAN_POINT ( 'NONE',  ( 0.0000000000000000000, 0.8699999999999999956, 0.0000000000000000000 ) ) ;
#3086 = ORIENTED_EDGE ( 'NONE', *, *, #2893, .T. ) ;
#3087 = UNCERTAINTY_MEASURE_WITH_UNIT (LENGTH_MEASURE( 1.000000000000000082E-05 ), #4425, 'distance_accuracy_value', 'NONE');
#3088 = PLANE ( 'NONE',  #3881 ) ;
#3089 = VECTOR ( 'NONE', #5031, 1000.000000000000000 ) ;
#3090 = DIRECTION ( 'NONE',  ( -1.000000000000000000, 0.0000000000000000000, -0.0000000000000000000 ) ) ;
#3091 = PRESENTATION_STYLE_ASSIGNMENT (( #1127 ) ) ;
#3092 = VERTEX_POINT ( 'NONE', #661 ) ;
#3093 = STYLED_ITEM ( 'NONE', ( #4056 ), #1173 ) ;
#3094 = ORIENTED_EDGE ( 'NONE', *, *, #1018, .T. ) ;
#3095 = AXIS2_PLACEMENT_3D ( 'NONE', #1938, #1199, #2323 ) ;
#3096 = CARTESIAN_POINT ( 'NONE',  ( -0.3699999999999999956, 1.219999999999999973, 0.0000000000000000000 ) ) ;
#3097 = UNCERTAINTY_MEASURE_WITH_UNIT (LENGTH_MEASURE( 1.000000000000000082E-05 ), #1646, 'distance_accuracy_value', 'NONE');
#3098 = COLOUR_RGB ( '',1.000000000000000000, 0.8156862745098039102, 0.02745098039215686236 ) ;
#3099 = MECHANICAL_DESIGN_GEOMETRIC_PRESENTATION_REPRESENTATION (  '', ( #1398 ), #3684 ) ;
#3100 = LINE ( 'NONE', #4651, #3001 ) ;
#3101 = ORIENTED_EDGE ( 'NONE', *, *, #1699, .T. ) ;
#3102 = PRESENTATION_LAYER_ASSIGNMENT (  '', '', ( #5074 ) ) ;
#3103 = MECHANICAL_DESIGN_GEOMETRIC_PRESENTATION_REPRESENTATION (  '', ( #59 ), #4396 ) ;
#3104 = EDGE_CURVE ( 'NONE', #1010, #1902, #3795, .T. ) ;
#3105 =( LENGTH_UNIT ( ) NAMED_UNIT ( * ) SI_UNIT ( .MILLI., .METRE. ) );
#3106 = LINE ( 'NONE', #3553, #4488 ) ;
#3107 = PRESENTATION_STYLE_ASSIGNMENT (( #5058 ) ) ;
#3108 = MECHANICAL_DESIGN_GEOMETRIC_PRESENTATION_REPRESENTATION (  '', ( #1404 ), #992 ) ;
#3109 = LINE ( 'NONE', #4659, #3613 ) ;
#3110 = DIRECTION ( 'NONE',  ( -0.0000000000000000000, -0.0000000000000000000, 1.000000000000000000 ) ) ;
#3111 = ORIENTED_EDGE ( 'NONE', *, *, #3746, .F. ) ;
#3112 = DIRECTION ( 'NONE',  ( 0.0000000000000000000, -1.000000000000000000, 0.0000000000000000000 ) ) ;
#3113 = FILL_AREA_STYLE ('',( #37 ) ) ;
#3114 = ADVANCED_FACE ( 'NONE', ( #4670 ), #3883, .F. ) ;
#3115 = SURFACE_STYLE_USAGE ( .BOTH. , #1898 ) ;
#3116 = SURFACE_SIDE_STYLE ('',( #3510 ) ) ;
#3117 =( GEOMETRIC_REPRESENTATION_CONTEXT ( 3 ) GLOBAL_UNCERTAINTY_ASSIGNED_CONTEXT ( ( #2842 ) ) GLOBAL_UNIT_ASSIGNED_CONTEXT ( ( #16, #5102, #768 ) ) REPRESENTATION_CONTEXT ( 'NONE', 'WORKASPACE' ) );
#3118 = EDGE_LOOP ( 'NONE', ( #4113, #4661, #1509, #1389 ) ) ;
#3119 = ORIENTED_EDGE ( 'NONE', *, *, #2225, .F. ) ;
#3120 = CARTESIAN_POINT ( 'NONE',  ( 1.219999999999999973, 0.8699999999999999956, 0.0000000000000000000 ) ) ;
#3121 = PLANE ( 'NONE',  #4858 ) ;
#3122 =( GEOMETRIC_REPRESENTATION_CONTEXT ( 3 ) GLOBAL_UNCERTAINTY_ASSIGNED_CONTEXT ( ( #4507 ) ) GLOBAL_UNIT_ASSIGNED_CONTEXT ( ( #1180, #3187, #3861 ) ) REPRESENTATION_CONTEXT ( 'NONE', 'WORKASPACE' ) );
#3123 = CARTESIAN_POINT ( 'NONE',  ( 0.0000000000000000000, 0.0000000000000000000, 0.0000000000000000000 ) ) ;
#3124 = PRESENTATION_STYLE_ASSIGNMENT (( #4649 ) ) ;
#3125 = CARTESIAN_POINT ( 'NONE',  ( 1.510000000000000009, 0.0000000000000000000, 0.0000000000000000000 ) ) ;
#3126 = LINE ( 'NONE', #4674, #4879 ) ;
#3127 = VERTEX_POINT ( 'NONE', #1267 ) ;
#3128 =( LENGTH_UNIT ( ) NAMED_UNIT ( * ) SI_UNIT ( .MILLI., .METRE. ) );
#3129 = CYLINDRICAL_SURFACE ( 'NONE', #400, 0.1199999999999999956 ) ;
#3130 = SURFACE_STYLE_USAGE ( .BOTH. , #1259 ) ;
#3131 = VERTEX_POINT ( 'NONE', #2824 ) ;
#3132 = PRESENTATION_STYLE_ASSIGNMENT (( #1979 ) ) ;
#3133 = UNCERTAINTY_MEASURE_WITH_UNIT (LENGTH_MEASURE( 1.000000000000000082E-05 ), #3617, 'distance_accuracy_value', 'NONE');
#3134 = FILL_AREA_STYLE_COLOUR ( '', #2583 ) ;
#3135 = SURFACE_STYLE_FILL_AREA ( #1212 ) ;
#3136 = AXIS2_PLACEMENT_3D ( 'NONE', #424, #77, #1990 ) ;
#3137 = FILL_AREA_STYLE_COLOUR ( '', #2701 ) ;
#3138 = EDGE_CURVE ( 'NONE', #3127, #3207, #845, .T. ) ;
#3139 = ORIENTED_EDGE ( 'NONE', *, *, #4482, .F. ) ;
#3140 = SURFACE_STYLE_FILL_AREA ( #1188 ) ;
#3141 = SURFACE_SIDE_STYLE ('',( #395 ) ) ;
#3142 = PRESENTATION_LAYER_ASSIGNMENT (  '', '', ( #2341 ) ) ;
#3143 = CARTESIAN_POINT ( 'NONE',  ( -0.3699999999999999400, -1.510000000000000009, 0.2500000000000000000 ) ) ;
#3144 =( NAMED_UNIT ( * ) SI_UNIT ( $, .STERADIAN. ) SOLID_ANGLE_UNIT ( ) );
#3145 = EDGE_CURVE ( 'NONE', #4765, #2210, #3542, .T. ) ;
#3146 =( NAMED_UNIT ( * ) SI_UNIT ( $, .STERADIAN. ) SOLID_ANGLE_UNIT ( ) );
#3147 = MECHANICAL_DESIGN_GEOMETRIC_PRESENTATION_REPRESENTATION (  '', ( #1524 ), #4123 ) ;
#3148 =( NAMED_UNIT ( * ) SI_UNIT ( $, .STERADIAN. ) SOLID_ANGLE_UNIT ( ) );
#3149 = PRESENTATION_STYLE_ASSIGNMENT (( #1607 ) ) ;
#3150 = AXIS2_PLACEMENT_3D ( 'NONE', #1360, #4799, #553 ) ;
#3151 = DIRECTION ( 'NONE',  ( -1.000000000000000000, -0.0000000000000000000, -0.0000000000000000000 ) ) ;
#3152 = ORIENTED_EDGE ( 'NONE', *, *, #4502, .F. ) ;
#3153 = CARTESIAN_POINT ( 'NONE',  ( -1.099999999999999867, 0.2500000000000000000, 0.2500000000000000000 ) ) ;
#3154 = DIRECTION ( 'NONE',  ( 0.0000000000000000000, 0.0000000000000000000, 1.000000000000000000 ) ) ;
#3155 = CARTESIAN_POINT ( 'NONE',  ( -0.8400000000000000799, -0.8400000000000000799, 0.0000000000000000000 ) ) ;
#3156 = LINE ( 'NONE', #1205, #1069 ) ;
#3157 = CARTESIAN_POINT ( 'NONE',  ( -0.6300000000000000044, 1.510000000000000009, 0.2500000000000000000 ) ) ;
#3158 = EDGE_LOOP ( 'NONE', ( #1875, #4586, #684, #500 ) ) ;
#3159 =( GEOMETRIC_REPRESENTATION_CONTEXT ( 3 ) GLOBAL_UNCERTAINTY_ASSIGNED_CONTEXT ( ( #4891 ) ) GLOBAL_UNIT_ASSIGNED_CONTEXT ( ( #1884, #4499, #2194 ) ) REPRESENTATION_CONTEXT ( 'NONE', 'WORKASPACE' ) );
#3160 = STYLED_ITEM ( 'NONE', ( #1039 ), #376 ) ;
#3161 = DIRECTION ( 'NONE',  ( 0.0000000000000000000, 0.0000000000000000000, 1.000000000000000000 ) ) ;
#3162 = DIRECTION ( 'NONE',  ( 0.0000000000000000000, 0.0000000000000000000, 1.000000000000000000 ) ) ;
#3163 =( GEOMETRIC_REPRESENTATION_CONTEXT ( 3 ) GLOBAL_UNCERTAINTY_ASSIGNED_CONTEXT ( ( #3360 ) ) GLOBAL_UNIT_ASSIGNED_CONTEXT ( ( #1273, #2494, #3702 ) ) REPRESENTATION_CONTEXT ( 'NONE', 'WORKASPACE' ) );
#3164 = CIRCLE ( 'NONE', #2522, 0.1199999999999999956 ) ;
#3165 = FACE_OUTER_BOUND ( 'NONE', #3764, .T. ) ;
#3166 = VERTEX_POINT ( 'NONE', #1958 ) ;
#3167 = EDGE_LOOP ( 'NONE', ( #1291, #3119, #4621, #3809 ) ) ;
#3168 = STYLED_ITEM ( 'NONE', ( #841 ), #4896 ) ;
#3169 = AXIS2_PLACEMENT_3D ( 'NONE', #427, #4212, #3546 ) ;
#3170 = DIRECTION ( 'NONE',  ( -1.000000000000000000, -0.0000000000000000000, -0.0000000000000000000 ) ) ;
#3171 = ADVANCED_FACE ( 'NONE', ( #2768 ), #3195, .F. ) ;
#3172 = DIRECTION ( 'NONE',  ( -0.0000000000000000000, -0.0000000000000000000, -1.000000000000000000 ) ) ;
#3173 =( NAMED_UNIT ( * ) PLANE_ANGLE_UNIT ( ) SI_UNIT ( $, .RADIAN. ) );
#3174 = PRESENTATION_STYLE_ASSIGNMENT (( #1519 ) ) ;
#3175 = COLOUR_RGB ( '',0.9411764705882352811, 0.9411764705882352811, 0.9411764705882352811 ) ;
#3176 = LINE ( 'NONE', #3547, #4060 ) ;
#3177 = ORIENTED_EDGE ( 'NONE', *, *, #2400, .T. ) ;
#3178 =( GEOMETRIC_REPRESENTATION_CONTEXT ( 3 ) GLOBAL_UNCERTAINTY_ASSIGNED_CONTEXT ( ( #2481 ) ) GLOBAL_UNIT_ASSIGNED_CONTEXT ( ( #4763, #3192, #3564 ) ) REPRESENTATION_CONTEXT ( 'NONE', 'WORKASPACE' ) );
#3179 = PRESENTATION_LAYER_ASSIGNMENT (  '', '', ( #4392 ) ) ;
#3180 = CARTESIAN_POINT ( 'NONE',  ( 1.500000000000000000, -1.500000000000000000, 0.9499999999999999556 ) ) ;
#3181 = LINE ( 'NONE', #332, #4311 ) ;
#3182 = FILL_AREA_STYLE_COLOUR ( '', #2855 ) ;
#3183 = AXIS2_PLACEMENT_3D ( 'NONE', #2208, #4630, #4202 ) ;
#3184 = ORIENTED_EDGE ( 'NONE', *, *, #4414, .T. ) ;
#3185 = CIRCLE ( 'NONE', #3846, 0.1199999999999999956 ) ;
#3186 = FACE_OUTER_BOUND ( 'NONE', #4585, .T. ) ;
#3187 =( NAMED_UNIT ( * ) PLANE_ANGLE_UNIT ( ) SI_UNIT ( $, .RADIAN. ) );
#3188 = SURFACE_SIDE_STYLE ('',( #2385 ) ) ;
#3189 = CARTESIAN_POINT ( 'NONE',  ( -1.510000000000000009, -0.1300000000000000044, 0.2500000000000000000 ) ) ;
#3190 = VECTOR ( 'NONE', #755, 1000.000000000000000 ) ;
#3191 =( NAMED_UNIT ( * ) SI_UNIT ( $, .STERADIAN. ) SOLID_ANGLE_UNIT ( ) );
#3192 =( NAMED_UNIT ( * ) PLANE_ANGLE_UNIT ( ) SI_UNIT ( $, .RADIAN. ) );
#3193 = ORIENTED_EDGE ( 'NONE', *, *, #541, .F. ) ;
#3194 = AXIS2_PLACEMENT_3D ( 'NONE', #295, #4145, #1859 ) ;
#3195 = PLANE ( 'NONE',  #4171 ) ;
#3196 = DIRECTION ( 'NONE',  ( 0.0000000000000000000, 0.0000000000000000000, -1.000000000000000000 ) ) ;
#3197 = CARTESIAN_POINT ( 'NONE',  ( -1.219999999999999973, -0.2500000000000000000, 0.0000000000000000000 ) ) ;
#3198 = MECHANICAL_DESIGN_GEOMETRIC_PRESENTATION_REPRESENTATION (  '', ( #1333 ), #2961 ) ;
#3199 = FILL_AREA_STYLE_COLOUR ( '', #4970 ) ;
#3200 = EDGE_CURVE ( 'NONE', #2403, #1878, #2435, .T. ) ;
#3201 = MECHANICAL_DESIGN_GEOMETRIC_PRESENTATION_REPRESENTATION (  '', ( #2473 ), #2643 ) ;
#3202 = CARTESIAN_POINT ( 'NONE',  ( -0.1300000000000000044, -1.219999999999999973, 0.0000000000000000000 ) ) ;
#3203 = EDGE_CURVE ( 'NONE', #208, #4596, #4278, .T. ) ;
#3204 = UNCERTAINTY_MEASURE_WITH_UNIT (LENGTH_MEASURE( 1.000000000000000082E-05 ), #547, 'distance_accuracy_value', 'NONE');
#3205 = DIRECTION ( 'NONE',  ( 1.000000000000000000, 0.0000000000000000000, 0.0000000000000000000 ) ) ;
#3206 = LINE ( 'NONE', #436, #1073 ) ;
#3207 = VERTEX_POINT ( 'NONE', #3662 ) ;
#3208 = PRESENTATION_STYLE_ASSIGNMENT (( #2505 ) ) ;
#3209 = DIRECTION ( 'NONE',  ( 0.0000000000000000000, 0.0000000000000000000, 1.000000000000000000 ) ) ;
#3210 = PRESENTATION_LAYER_ASSIGNMENT (  '', '', ( #2564 ) ) ;
#3211 = SURFACE_SIDE_STYLE ('',( #2007 ) ) ;
#3212 = CYLINDRICAL_SURFACE ( 'NONE', #734, 0.1200000000000000927 ) ;
#3213 = ORIENTED_EDGE ( 'NONE', *, *, #809, .T. ) ;
#3214 = EDGE_LOOP ( 'NONE', ( #2123, #4176, #338, #2766 ) ) ;
#3215 = CARTESIAN_POINT ( 'NONE',  ( 0.0000000000000000000, -1.510000000000000009, 0.0000000000000000000 ) ) ;
#3216 = DIRECTION ( 'NONE',  ( 0.0000000000000000000, -0.0000000000000000000, -1.000000000000000000 ) ) ;
#3217 = PLANE ( 'NONE',  #2298 ) ;
#3218 = CARTESIAN_POINT ( 'NONE',  ( -1.500000000000000000, 1.500000000000000000, 0.9499999999999999556 ) ) ;
#3219 = COLOUR_RGB ( '',1.000000000000000000, 0.8156862745098039102, 0.02745098039215686236 ) ;
#3220 =( NAMED_UNIT ( * ) SI_UNIT ( $, .STERADIAN. ) SOLID_ANGLE_UNIT ( ) );
#3221 = SURFACE_STYLE_FILL_AREA ( #3971 ) ;
#3222 = VECTOR ( 'NONE', #96, 1000.000000000000000 ) ;
#3223 = FILL_AREA_STYLE_COLOUR ( '', #3175 ) ;
#3224 = VECTOR ( 'NONE', #2356, 1000.000000000000000 ) ;
#3225 = ADVANCED_FACE ( 'NONE', ( #2915 ), #1340, .F. ) ;
#3226 = PRESENTATION_STYLE_ASSIGNMENT (( #1689 ) ) ;
#3227 = STYLED_ITEM ( 'NONE', ( #3634 ), #120 ) ;
#3228 = SURFACE_STYLE_FILL_AREA ( #1329 ) ;
#3229 =( NAMED_UNIT ( * ) PLANE_ANGLE_UNIT ( ) SI_UNIT ( $, .RADIAN. ) );
#3230 = VERTEX_POINT ( 'NONE', #1771 ) ;
#3231 = DIRECTION ( 'NONE',  ( -0.0000000000000000000, -0.0000000000000000000, -1.000000000000000000 ) ) ;
#3232 = PLANE ( 'NONE',  #191 ) ;
#3233 = EDGE_CURVE ( 'NONE', #2740, #286, #2892, .T. ) ;
#3234 = CARTESIAN_POINT ( 'NONE',  ( 0.8699999999999999956, -1.510000000000000009, 0.0000000000000000000 ) ) ;
#3235 = SURFACE_STYLE_USAGE ( .BOTH. , #2912 ) ;
#3236 =( GEOMETRIC_REPRESENTATION_CONTEXT ( 3 ) GLOBAL_UNCERTAINTY_ASSIGNED_CONTEXT ( ( #3252 ) ) GLOBAL_UNIT_ASSIGNED_CONTEXT ( ( #1604, #371, #3148 ) ) REPRESENTATION_CONTEXT ( 'NONE', 'WORKASPACE' ) );
#3237 = DIRECTION ( 'NONE',  ( -0.0000000000000000000, -0.0000000000000000000, -1.000000000000000000 ) ) ;
#3238 = STYLED_ITEM ( 'NONE', ( #3149 ), #439 ) ;
#3239 = EDGE_LOOP ( 'NONE', ( #2765, #3067, #3003, #1926 ) ) ;
#3240 = UNCERTAINTY_MEASURE_WITH_UNIT (LENGTH_MEASURE( 1.000000000000000082E-05 ), #4186, 'distance_accuracy_value', 'NONE');
#3241 = LINE ( 'NONE', #4802, #1438 ) ;
#3242 = FILL_AREA_STYLE_COLOUR ( '', #3683 ) ;
#3244 = ORIENTED_EDGE ( 'NONE', *, *, #1966, .F. ) ;
#3243 = CIRCLE ( 'NONE', #31, 0.1200000000000000927 ) ;
#3245 = FACE_OUTER_BOUND ( 'NONE', #4506, .T. ) ;
#3246 = STYLED_ITEM ( 'NONE', ( #2145 ), #605 ) ;
#3247 = LINE ( 'NONE', #4835, #644 ) ;
#3248 = FACE_OUTER_BOUND ( 'NONE', #2703, .T. ) ;
#3249 = FILL_AREA_STYLE_COLOUR ( '', #1376 ) ;
#3250 = STYLED_ITEM ( 'NONE', ( #4384 ), #855 ) ;
#3251 = DIRECTION ( 'NONE',  ( 0.0000000000000000000, 0.0000000000000000000, 1.000000000000000000 ) ) ;
#3252 = UNCERTAINTY_MEASURE_WITH_UNIT (LENGTH_MEASURE( 1.000000000000000082E-05 ), #1604, 'distance_accuracy_value', 'NONE');
#3253 = CARTESIAN_POINT ( 'NONE',  ( -1.510000000000000009, -0.8699999999999999956, 0.2500000000000000000 ) ) ;
#3254 = VECTOR ( 'NONE', #270, 1000.000000000000000 ) ;
#3255 = STYLED_ITEM ( 'NONE', ( #2422 ), #1260 ) ;
#3256 =( NAMED_UNIT ( * ) PLANE_ANGLE_UNIT ( ) SI_UNIT ( $, .RADIAN. ) );
#3257 =( NAMED_UNIT ( * ) PLANE_ANGLE_UNIT ( ) SI_UNIT ( $, .RADIAN. ) );
#3258 = VERTEX_POINT ( 'NONE', #4407 ) ;
#3259 = PRESENTATION_LAYER_ASSIGNMENT (  '', '', ( #2858 ) ) ;
#3260 =( GEOMETRIC_REPRESENTATION_CONTEXT ( 3 ) GLOBAL_UNCERTAINTY_ASSIGNED_CONTEXT ( ( #1051 ) ) GLOBAL_UNIT_ASSIGNED_CONTEXT ( ( #1399, #3413, #3359 ) ) REPRESENTATION_CONTEXT ( 'NONE', 'WORKASPACE' ) );
#3261 = FILL_AREA_STYLE ('',( #968 ) ) ;
#3262 =( NAMED_UNIT ( * ) PLANE_ANGLE_UNIT ( ) SI_UNIT ( $, .RADIAN. ) );
#3263 = PRESENTATION_STYLE_ASSIGNMENT (( #4124 ) ) ;
#3264 =( LENGTH_UNIT ( ) NAMED_UNIT ( * ) SI_UNIT ( .MILLI., .METRE. ) );
#3265 = AXIS2_PLACEMENT_3D ( 'NONE', #4981, #3455, #1119 ) ;
#3266 = VECTOR ( 'NONE', #2520, 1000.000000000000000 ) ;
#3267 = ORIENTED_EDGE ( 'NONE', *, *, #4259, .T. ) ;
#3268 = EDGE_CURVE ( 'NONE', #1569, #4234, #3453, .T. ) ;
#3269 = FILL_AREA_STYLE_COLOUR ( '', #1034 ) ;
#3270 = VECTOR ( 'NONE', #2050, 1000.000000000000000 ) ;
#3271 = CIRCLE ( 'NONE', #3774, 0.1199999999999999956 ) ;
#3272 = DIRECTION ( 'NONE',  ( 0.0000000000000000000, 0.0000000000000000000, 1.000000000000000000 ) ) ;
#3273 = CARTESIAN_POINT ( 'NONE',  ( 0.3699999999999999956, 1.219999999999999973, 0.0000000000000000000 ) ) ;
#3274 = PRESENTATION_LAYER_ASSIGNMENT (  '', '', ( #3361 ) ) ;
#3275 = ORIENTED_EDGE ( 'NONE', *, *, #670, .F. ) ;
#3276 = EDGE_CURVE ( 'NONE', #4596, #1495, #928, .T. ) ;
#3277 = VERTEX_POINT ( 'NONE', #2134 ) ;
#3278 = SURFACE_STYLE_USAGE ( .BOTH. , #507 ) ;
#3279 = FILL_AREA_STYLE_COLOUR ( '', #4064 ) ;
#3280 = CARTESIAN_POINT ( 'NONE',  ( 0.8699999999999999956, 1.510000000000000009, 0.2500000000000000000 ) ) ;
#3281 =( NAMED_UNIT ( * ) SI_UNIT ( $, .STERADIAN. ) SOLID_ANGLE_UNIT ( ) );
#3282 = DIRECTION ( 'NONE',  ( -1.000000000000000000, -0.0000000000000000000, -0.0000000000000000000 ) ) ;
#3283 =( NAMED_UNIT ( * ) PLANE_ANGLE_UNIT ( ) SI_UNIT ( $, .RADIAN. ) );
#3284 = DIRECTION ( 'NONE',  ( 0.0000000000000000000, 1.000000000000000000, -0.0000000000000000000 ) ) ;
#3285 = DIRECTION ( 'NONE',  ( 0.0000000000000000000, -1.000000000000000000, 0.0000000000000000000 ) ) ;
#3286 = ORIENTED_EDGE ( 'NONE', *, *, #939, .F. ) ;
#3287 = CARTESIAN_POINT ( 'NONE',  ( 0.1300000000000000044, 1.510000000000000009, 0.0000000000000000000 ) ) ;
#3288 = SURFACE_STYLE_FILL_AREA ( #152 ) ;
#3289 = DIRECTION ( 'NONE',  ( 0.0000000000000000000, 0.0000000000000000000, 1.000000000000000000 ) ) ;
#3290 = EDGE_CURVE ( 'NONE', #1010, #2876, #3716, .T. ) ;
#3291 = DIRECTION ( 'NONE',  ( -0.0000000000000000000, -0.0000000000000000000, 1.000000000000000000 ) ) ;
#3292 = ORIENTED_EDGE ( 'NONE', *, *, #1118, .F. ) ;
#3293 = DIRECTION ( 'NONE',  ( 1.000000000000000000, 0.0000000000000000000, 0.0000000000000000000 ) ) ;
#3294 = CARTESIAN_POINT ( 'NONE',  ( -1.510000000000000009, 0.0000000000000000000, 0.0000000000000000000 ) ) ;
#3295 = ADVANCED_FACE ( 'NONE', ( #4767 ), #2461, .F. ) ;
#3296 =( GEOMETRIC_REPRESENTATION_CONTEXT ( 3 ) GLOBAL_UNCERTAINTY_ASSIGNED_CONTEXT ( ( #2580 ) ) GLOBAL_UNIT_ASSIGNED_CONTEXT ( ( #3829, #1070, #672 ) ) REPRESENTATION_CONTEXT ( 'NONE', 'WORKASPACE' ) );
#3297 = CARTESIAN_POINT ( 'NONE',  ( 1.510000000000000009, -0.1300000000000000044, 0.0000000000000000000 ) ) ;
#3298 = ORIENTED_EDGE ( 'NONE', *, *, #2218, .T. ) ;
#3299 = ORIENTED_EDGE ( 'NONE', *, *, #418, .F. ) ;
#3300 = COLOUR_RGB ( '',1.000000000000000000, 0.8156862745098039102, 0.02745098039215686236 ) ;
#3301 = CARTESIAN_POINT ( 'NONE',  ( 0.0000000000000000000, 0.0000000000000000000, 0.2500000000000000000 ) ) ;
#3302 = PLANE ( 'NONE',  #881 ) ;
#3303 = ADVANCED_FACE ( 'NONE', ( #4038 ), #2661, .F. ) ;
#3304 = DIRECTION ( 'NONE',  ( -0.0000000000000000000, -0.0000000000000000000, -1.000000000000000000 ) ) ;
#3305 = DIRECTION ( 'NONE',  ( 1.000000000000000000, 0.0000000000000000000, 0.0000000000000000000 ) ) ;
#3306 = VECTOR ( 'NONE', #2081, 1000.000000000000000 ) ;
#3307 = DIRECTION ( 'NONE',  ( 0.0000000000000000000, 1.000000000000000000, 0.0000000000000000000 ) ) ;
#3308 = LINE ( 'NONE', #1760, #4648 ) ;
#3309 = SURFACE_STYLE_USAGE ( .BOTH. , #170 ) ;
#3310 = STYLED_ITEM ( 'NONE', ( #945 ), #4280 ) ;
#3311 = DIRECTION ( 'NONE',  ( 0.0000000000000000000, -0.0000000000000000000, -1.000000000000000000 ) ) ;
#3312 = VERTEX_POINT ( 'NONE', #2968 ) ;
#3313 = DIRECTION ( 'NONE',  ( -0.0000000000000000000, -0.0000000000000000000, -1.000000000000000000 ) ) ;
#3314 = CARTESIAN_POINT ( 'NONE',  ( 0.9399999999999999467, -0.9899999999999999911, 0.9699999999999999734 ) ) ;
#3315 = CIRCLE ( 'NONE', #3972, 0.1199999999999999956 ) ;
#3316 =( NAMED_UNIT ( * ) PLANE_ANGLE_UNIT ( ) SI_UNIT ( $, .RADIAN. ) );
#3317 = PRESENTATION_STYLE_ASSIGNMENT (( #2510 ) ) ;
#3318 = VERTEX_POINT ( 'NONE', #259 ) ;
#3319 = STYLED_ITEM ( 'NONE', ( #1652 ), #6 ) ;
#3320 = DIRECTION ( 'NONE',  ( -0.0000000000000000000, -1.000000000000000000, -0.0000000000000000000 ) ) ;
#3321 = FILL_AREA_STYLE ('',( #182 ) ) ;
#3322 = FILL_AREA_STYLE ('',( #1726 ) ) ;
#3323 = SURFACE_SIDE_STYLE ('',( #931 ) ) ;
#3324 = EDGE_LOOP ( 'NONE', ( #3478, #3275, #1282, #491 ) ) ;
#3325 = ORIENTED_EDGE ( 'NONE', *, *, #253, .F. ) ;
#3326 = COLOUR_RGB ( '',1.000000000000000000, 0.8156862745098039102, 0.02745098039215686236 ) ;
#3327 = AXIS2_PLACEMENT_3D ( 'NONE', #1739, #918, #2832 ) ;
#3328 = EDGE_CURVE ( 'NONE', #733, #3277, #2582, .T. ) ;
#3329 = SURFACE_SIDE_STYLE ('',( #1755 ) ) ;
#3330 = CARTESIAN_POINT ( 'NONE',  ( -0.6300000000000000044, -1.219999999999999973, 0.0000000000000000000 ) ) ;
#3331 = CARTESIAN_POINT ( 'NONE',  ( -0.1300000000000000044, 1.510000000000000009, 0.0000000000000000000 ) ) ;
#3332 = EDGE_CURVE ( 'NONE', #4271, #3131, #2553, .T. ) ;
#3333 = PRESENTATION_LAYER_ASSIGNMENT (  '', '', ( #461 ) ) ;
#3334 = AXIS2_PLACEMENT_3D ( 'NONE', #3808, #703, #3856 ) ;
#3335 =( LENGTH_UNIT ( ) NAMED_UNIT ( * ) SI_UNIT ( .MILLI., .METRE. ) );
#3336 = CARTESIAN_POINT ( 'NONE',  ( 1.219999999999999973, 0.3699999999999999956, 0.2500000000000000000 ) ) ;
#3337 = MANIFOLD_SOLID_BREP ( 'Imported3', #2102 ) ;
#3338 = DIRECTION ( 'NONE',  ( 0.0000000000000000000, 0.0000000000000000000, -1.000000000000000000 ) ) ;
#3339 = DIRECTION ( 'NONE',  ( 0.0000000000000000000, -0.0000000000000000000, -1.000000000000000000 ) ) ;
#3340 = ORIENTED_EDGE ( 'NONE', *, *, #2965, .F. ) ;
#3341 = CARTESIAN_POINT ( 'NONE',  ( -0.6300000000000000044, -1.219999999999999973, 0.0000000000000000000 ) ) ;
#3342 = CARTESIAN_POINT ( 'NONE',  ( 1.219999999999999973, -0.3699999999999999956, 0.0000000000000000000 ) ) ;
#3343 = AXIS2_PLACEMENT_3D ( 'NONE', #991, #3728, #2977 ) ;
#3344 = EDGE_LOOP ( 'NONE', ( #4642, #2573, #4966, #4057 ) ) ;
#3345 = PRESENTATION_LAYER_ASSIGNMENT (  '', '', ( #1316 ) ) ;
#3346 = UNCERTAINTY_MEASURE_WITH_UNIT (LENGTH_MEASURE( 1.000000000000000082E-05 ), #975, 'distance_accuracy_value', 'NONE');
#3347 = LINE ( 'NONE', #2078, #2027 ) ;
#3348 =( LENGTH_UNIT ( ) NAMED_UNIT ( * ) SI_UNIT ( .MILLI., .METRE. ) );
#3349 = MECHANICAL_DESIGN_GEOMETRIC_PRESENTATION_REPRESENTATION (  '', ( #2783 ), #3178 ) ;
#3350 =( GEOMETRIC_REPRESENTATION_CONTEXT ( 3 ) GLOBAL_UNCERTAINTY_ASSIGNED_CONTEXT ( ( #4664 ) ) GLOBAL_UNIT_ASSIGNED_CONTEXT ( ( #3264, #4035, #4872 ) ) REPRESENTATION_CONTEXT ( 'NONE', 'WORKASPACE' ) );
#3351 = DIRECTION ( 'NONE',  ( 0.0000000000000000000, 0.0000000000000000000, 1.000000000000000000 ) ) ;
#3352 = ORIENTED_EDGE ( 'NONE', *, *, #4781, .F. ) ;
#3353 = ORIENTED_EDGE ( 'NONE', *, *, #3719, .F. ) ;
#3354 =( GEOMETRIC_REPRESENTATION_CONTEXT ( 3 ) GLOBAL_UNCERTAINTY_ASSIGNED_CONTEXT ( ( #1406 ) ) GLOBAL_UNIT_ASSIGNED_CONTEXT ( ( #1916, #278, #2986 ) ) REPRESENTATION_CONTEXT ( 'NONE', 'WORKASPACE' ) );
#3355 = VECTOR ( 'NONE', #1915, 1000.000000000000000 ) ;
#3356 =( LENGTH_UNIT ( ) NAMED_UNIT ( * ) SI_UNIT ( .MILLI., .METRE. ) );
#3357 = MANIFOLD_SOLID_BREP ( 'Imported13', #4276 ) ;
#3358 = EDGE_CURVE ( 'NONE', #3872, #631, #1563, .T. ) ;
#3359 =( NAMED_UNIT ( * ) SI_UNIT ( $, .STERADIAN. ) SOLID_ANGLE_UNIT ( ) );
#3360 = UNCERTAINTY_MEASURE_WITH_UNIT (LENGTH_MEASURE( 1.000000000000000082E-05 ), #1273, 'distance_accuracy_value', 'NONE');
#3361 = STYLED_ITEM ( 'NONE', ( #3891 ), #2974 ) ;
#3362 = MANIFOLD_SOLID_BREP ( 'Imported5', #3406 ) ;
#3363 = FILL_AREA_STYLE_COLOUR ( '', #3919 ) ;
#3364 = EDGE_CURVE ( 'NONE', #1114, #4743, #2028, .T. ) ;
#3365 = STYLED_ITEM ( 'NONE', ( #1496 ), #3047 ) ;
#3366 = VERTEX_POINT ( 'NONE', #205 ) ;
#3367 = CARTESIAN_POINT ( 'NONE',  ( 0.3699999999999999956, 0.0000000000000000000, 0.0000000000000000000 ) ) ;
#3368 = COLOUR_RGB ( '',1.000000000000000000, 0.8156862745098039102, 0.02745098039215686236 ) ;
#3369 = PRESENTATION_STYLE_ASSIGNMENT (( #3786 ) ) ;
#3370 = FACE_OUTER_BOUND ( 'NONE', #5069, .T. ) ;
#3371 = EDGE_CURVE ( 'NONE', #1288, #3092, #361, .T. ) ;
#3372 = FILL_AREA_STYLE ('',( #3832 ) ) ;
#3373 = LINE ( 'NONE', #2439, #3751 ) ;
#3374 = VERTEX_POINT ( 'NONE', #1209 ) ;
#3375 = MANIFOLD_SOLID_BREP ( 'Imported9', #4434 ) ;
#3376 = LINE ( 'NONE', #4177, #956 ) ;
#3377 = PRESENTATION_STYLE_ASSIGNMENT (( #1870 ) ) ;
#3378 = DIRECTION ( 'NONE',  ( -1.000000000000000000, 0.0000000000000000000, -0.0000000000000000000 ) ) ;
#3379 = PLANE ( 'NONE',  #818 ) ;
#3380 = ORIENTED_EDGE ( 'NONE', *, *, #4626, .T. ) ;
#3381 = ORIENTED_EDGE ( 'NONE', *, *, #3233, .F. ) ;
#3382 = CARTESIAN_POINT ( 'NONE',  ( -1.510000000000000009, 0.1300000000000000044, 0.0000000000000000000 ) ) ;
#3383 = CARTESIAN_POINT ( 'NONE',  ( -1.219999999999999973, 0.8699999999999999956, 0.0000000000000000000 ) ) ;
#3384 = CIRCLE ( 'NONE', #4753, 0.1300000000000000044 ) ;
#3385 = MECHANICAL_DESIGN_GEOMETRIC_PRESENTATION_REPRESENTATION (  '', ( #178 ), #3797 ) ;
#3386 = FILL_AREA_STYLE_COLOUR ( '', #4233 ) ;
#3387 = CARTESIAN_POINT ( 'NONE',  ( -1.510000000000000009, 0.1300000000000000044, 0.2500000000000000000 ) ) ;
#3388 = DIRECTION ( 'NONE',  ( 1.000000000000000000, 0.0000000000000000000, 0.0000000000000000000 ) ) ;
#3389 = CARTESIAN_POINT ( 'NONE',  ( -1.099999999999999867, -0.7500000000000000000, 0.0000000000000000000 ) ) ;
#3390 = LINE ( 'NONE', #3418, #2528 ) ;
#3391 = ORIENTED_EDGE ( 'NONE', *, *, #3799, .T. ) ;
#3392 = UNCERTAINTY_MEASURE_WITH_UNIT (LENGTH_MEASURE( 1.000000000000000082E-05 ), #355, 'distance_accuracy_value', 'NONE');
#3393 = DIRECTION ( 'NONE',  ( -0.0000000000000000000, -0.0000000000000000000, 1.000000000000000000 ) ) ;
#3394 = EDGE_CURVE ( 'NONE', #2823, #1560, #1151, .T. ) ;
#3395 = CARTESIAN_POINT ( 'NONE',  ( -0.6300000000000000044, 1.219999999999999973, 0.2500000000000000000 ) ) ;
#3396 = DIRECTION ( 'NONE',  ( 0.0000000000000000000, -0.0000000000000000000, -1.000000000000000000 ) ) ;
#3397 =( GEOMETRIC_REPRESENTATION_CONTEXT ( 3 ) GLOBAL_UNCERTAINTY_ASSIGNED_CONTEXT ( ( #2956 ) ) GLOBAL_UNIT_ASSIGNED_CONTEXT ( ( #3612, #2029, #4739 ) ) REPRESENTATION_CONTEXT ( 'NONE', 'WORKASPACE' ) );
#3398 = VERTEX_POINT ( 'NONE', #3584 ) ;
#3399 = DIRECTION ( 'NONE',  ( -1.000000000000000000, 0.0000000000000000000, 0.0000000000000000000 ) ) ;
#3400 = PRESENTATION_STYLE_ASSIGNMENT (( #4581 ) ) ;
#3401 = EDGE_CURVE ( 'NONE', #4736, #2231, #788, .T. ) ;
#3402 = VECTOR ( 'NONE', #1115, 1000.000000000000000 ) ;
#3403 = DIRECTION ( 'NONE',  ( -1.000000000000000000, 0.0000000000000000000, -0.0000000000000000000 ) ) ;
#3404 = CARTESIAN_POINT ( 'NONE',  ( 0.3699999999999999400, 1.510000000000000009, 0.2500000000000000000 ) ) ;
#3405 = VECTOR ( 'NONE', #1002, 1000.000000000000000 ) ;
#3406 = CLOSED_SHELL ( 'NONE', ( #2127, #2183, #1492, #4049, #4832, #4727 ) ) ;
#3407 = ORIENTED_EDGE ( 'NONE', *, *, #3494, .T. ) ;
#3408 = VERTEX_POINT ( 'NONE', #760 ) ;
#3409 = FILL_AREA_STYLE ('',( #769 ) ) ;
#3410 = MECHANICAL_DESIGN_GEOMETRIC_PRESENTATION_REPRESENTATION (  '', ( #23 ), #5040 ) ;
#3411 = CARTESIAN_POINT ( 'NONE',  ( -1.510000000000000009, -0.1300000000000000044, 0.0000000000000000000 ) ) ;
#3412 = STYLED_ITEM ( 'NONE', ( #1373 ), #369 ) ;
#3413 =( NAMED_UNIT ( * ) PLANE_ANGLE_UNIT ( ) SI_UNIT ( $, .RADIAN. ) );
#3414 = COLOUR_RGB ( '',1.000000000000000000, 0.8156862745098039102, 0.02745098039215686236 ) ;
#3415 = CARTESIAN_POINT ( 'NONE',  ( 0.0000000000000000000, 0.0000000000000000000, 0.0000000000000000000 ) ) ;
#3416 = CARTESIAN_POINT ( 'NONE',  ( -0.3699999999999999956, 1.219999999999999973, 0.2500000000000000000 ) ) ;
#3417 = DIRECTION ( 'NONE',  ( 0.0000000000000000000, 0.0000000000000000000, 1.000000000000000000 ) ) ;
#3418 = CARTESIAN_POINT ( 'NONE',  ( 1.510000000000000009, 0.0000000000000000000, 0.0000000000000000000 ) ) ;
#3419 = ORIENTED_EDGE ( 'NONE', *, *, #5103, .T. ) ;
#3420 = COLOUR_RGB ( '',1.000000000000000000, 0.8156862745098039102, 0.02745098039215686236 ) ;
#3421 = DIRECTION ( 'NONE',  ( -0.0000000000000000000, -0.0000000000000000000, -1.000000000000000000 ) ) ;
#3422 =( GEOMETRIC_REPRESENTATION_CONTEXT ( 3 ) GLOBAL_UNCERTAINTY_ASSIGNED_CONTEXT ( ( #3097 ) ) GLOBAL_UNIT_ASSIGNED_CONTEXT ( ( #1646, #4683, #4351 ) ) REPRESENTATION_CONTEXT ( 'NONE', 'WORKASPACE' ) );
#3423 = STYLED_ITEM ( 'NONE', ( #1092 ), #1192 ) ;
#3424 =( NAMED_UNIT ( * ) SI_UNIT ( $, .STERADIAN. ) SOLID_ANGLE_UNIT ( ) );
#3425 = EDGE_CURVE ( 'NONE', #2659, #3092, #1950, .T. ) ;
#3426 = LINE ( 'NONE', #4253, #1225 ) ;
#3427 = EDGE_LOOP ( 'NONE', ( #1728, #2919, #4302, #1265 ) ) ;
#3428 = SURFACE_SIDE_STYLE ('',( #3037 ) ) ;
#3429 = STYLED_ITEM ( 'NONE', ( #2045 ), #1302 ) ;
#3430 =( LENGTH_UNIT ( ) NAMED_UNIT ( * ) SI_UNIT ( .MILLI., .METRE. ) );
#3431 = CARTESIAN_POINT ( 'NONE',  ( -0.6300000000000000044, 1.510000000000000009, 0.0000000000000000000 ) ) ;
#3432 = CARTESIAN_POINT ( 'NONE',  ( -1.099999999999999867, 0.2500000000000000000, 0.0000000000000000000 ) ) ;
#3433 = COLOUR_RGB ( '',1.000000000000000000, 0.8156862745098039102, 0.02745098039215686236 ) ;
#3434 = FILL_AREA_STYLE ('',( #3812 ) ) ;
#3435 = VECTOR ( 'NONE', #4516, 1000.000000000000000 ) ;
#3436 = EDGE_CURVE ( 'NONE', #3614, #393, #2405, .T. ) ;
#3437 = ORIENTED_EDGE ( 'NONE', *, *, #809, .F. ) ;
#3438 = ORIENTED_EDGE ( 'NONE', *, *, #3778, .T. ) ;
#3439 = SURFACE_SIDE_STYLE ('',( #4236 ) ) ;
#3440 = AXIS2_PLACEMENT_3D ( 'NONE', #316, #2613, #1900 ) ;
#3441 = PLANE ( 'NONE',  #2416 ) ;
#3442 = COLOUR_RGB ( '',1.000000000000000000, 0.8156862745098039102, 0.02745098039215686236 ) ;
#3443 = EDGE_CURVE ( 'NONE', #4667, #179, #2790, .T. ) ;
#3444 = MECHANICAL_DESIGN_GEOMETRIC_PRESENTATION_REPRESENTATION (  '', ( #1148 ), #653 ) ;
#3445 = CARTESIAN_POINT ( 'NONE',  ( 0.1300000000000000044, -1.219999999999999973, 0.0000000000000000000 ) ) ;
#3446 =( NAMED_UNIT ( * ) PLANE_ANGLE_UNIT ( ) SI_UNIT ( $, .RADIAN. ) );
#3447 = MECHANICAL_DESIGN_GEOMETRIC_PRESENTATION_REPRESENTATION (  '', ( #1816 ), #2387 ) ;
#3448 = FILL_AREA_STYLE_COLOUR ( '', #3892 ) ;
#3449 = SURFACE_STYLE_FILL_AREA ( #1040 ) ;
#3450 = VECTOR ( 'NONE', #4673, 1000.000000000000000 ) ;
#3451 = EDGE_LOOP ( 'NONE', ( #3744, #318, #2787, #1801 ) ) ;
#3452 =( LENGTH_UNIT ( ) NAMED_UNIT ( * ) SI_UNIT ( .MILLI., .METRE. ) );
#3453 = CIRCLE ( 'NONE', #1253, 0.1200000000000000927 ) ;
#3454 = SURFACE_STYLE_USAGE ( .BOTH. , #1892 ) ;
#3455 = DIRECTION ( 'NONE',  ( 1.000000000000000000, 0.0000000000000000000, 0.0000000000000000000 ) ) ;
#3456 = DIRECTION ( 'NONE',  ( 1.000000000000000000, -0.0000000000000000000, 0.0000000000000000000 ) ) ;
#3457 = ORIENTED_EDGE ( 'NONE', *, *, #3528, .F. ) ;
#3458 = STYLED_ITEM ( 'NONE', ( #3559 ), #3375 ) ;
#3459 = UNCERTAINTY_MEASURE_WITH_UNIT (LENGTH_MEASURE( 1.000000000000000082E-05 ), #1794, 'distance_accuracy_value', 'NONE');
#3460 =( NAMED_UNIT ( * ) PLANE_ANGLE_UNIT ( ) SI_UNIT ( $, .RADIAN. ) );
#3461 = PRODUCT_RELATED_PRODUCT_CATEGORY ( 'part', '', ( #4768 ) ) ;
#3462 =( NAMED_UNIT ( * ) PLANE_ANGLE_UNIT ( ) SI_UNIT ( $, .RADIAN. ) );
#3463 = ORIENTED_EDGE ( 'NONE', *, *, #2837, .F. ) ;
#3464 = VERTEX_POINT ( 'NONE', #3287 ) ;
#3465 = DIRECTION ( 'NONE',  ( -0.0000000000000000000, 0.0000000000000000000, -1.000000000000000000 ) ) ;
#3466 = ADVANCED_FACE ( 'NONE', ( #3708 ), #1354, .T. ) ;
#3467 = LINE ( 'NONE', #4283, #1961 ) ;
#3468 = CYLINDRICAL_SURFACE ( 'NONE', #392, 0.1199999999999999956 ) ;
#3469 =( NAMED_UNIT ( * ) SI_UNIT ( $, .STERADIAN. ) SOLID_ANGLE_UNIT ( ) );
#3470 = FILL_AREA_STYLE ('',( #1449 ) ) ;
#3471 =( REPRESENTATION_RELATIONSHIP ('NONE','NONE', #626, #1335 ) REPRESENTATION_RELATIONSHIP_WITH_TRANSFORMATION ( #2816 )SHAPE_REPRESENTATION_RELATIONSHIP( ) );
#3472 = SURFACE_STYLE_FILL_AREA ( #1910 ) ;
#3473 = ORIENTED_EDGE ( 'NONE', *, *, #2400, .F. ) ;
#3474 = DIRECTION ( 'NONE',  ( 1.000000000000000000, 0.0000000000000000000, 0.0000000000000000000 ) ) ;
#3475 = CARTESIAN_POINT ( 'NONE',  ( 1.070000000000000062, -0.9899999999999999911, 0.9699999999999999734 ) ) ;
#3476 = DIRECTION ( 'NONE',  ( 0.0000000000000000000, 0.0000000000000000000, -1.000000000000000000 ) ) ;
#3477 = CARTESIAN_POINT ( 'NONE',  ( -0.8400000000000000799, 0.0000000000000000000, 0.0000000000000000000 ) ) ;
#3478 = ORIENTED_EDGE ( 'NONE', *, *, #1877, .T. ) ;
#3479 =( LENGTH_UNIT ( ) NAMED_UNIT ( * ) SI_UNIT ( .MILLI., .METRE. ) );
#3480 =( LENGTH_UNIT ( ) NAMED_UNIT ( * ) SI_UNIT ( .MILLI., .METRE. ) );
#3481 = FACE_OUTER_BOUND ( 'NONE', #713, .T. ) ;
#3482 = ORIENTED_EDGE ( 'NONE', *, *, #2122, .F. ) ;
#3483 = VECTOR ( 'NONE', #417, 1000.000000000000000 ) ;
#3484 = ORIENTED_EDGE ( 'NONE', *, *, #112, .T. ) ;
#3485 = FILL_AREA_STYLE_COLOUR ( '', #2879 ) ;
#3486 = VECTOR ( 'NONE', #897, 1000.000000000000000 ) ;
#3487 = ADVANCED_FACE ( 'NONE', ( #173 ), #1765, .T. ) ;
#3488 = CARTESIAN_POINT ( 'NONE',  ( 0.2500000000000000000, -1.219999999999999973, 0.0000000000000000000 ) ) ;
#3489 = CLOSED_SHELL ( 'NONE', ( #1260, #3295, #2339, #4338, #3804, #1520 ) ) ;
#3490 = CARTESIAN_POINT ( 'NONE',  ( 1.070000000000000062, -0.9899999999999999911, 0.9499999999999999556 ) ) ;
#3491 = DIRECTION ( 'NONE',  ( 0.0000000000000000000, 0.0000000000000000000, -1.000000000000000000 ) ) ;
#3492 = CIRCLE ( 'NONE', #1948, 0.1200000000000000927 ) ;
#3493 = CARTESIAN_POINT ( 'NONE',  ( 1.510000000000000009, -0.1300000000000000044, 0.2500000000000000000 ) ) ;
#3494 = EDGE_CURVE ( 'NONE', #558, #2950, #2156, .T. ) ;
#3495 = CARTESIAN_POINT ( 'NONE',  ( -0.8699999999999999956, -1.219999999999999973, 0.2500000000000000000 ) ) ;
#3496 = ORIENTED_EDGE ( 'NONE', *, *, #989, .F. ) ;
#3497 = STYLED_ITEM ( 'NONE', ( #2901 ), #4749 ) ;
#3498 = AXIS2_PLACEMENT_3D ( 'NONE', #2527, #4030, #2096 ) ;
#3499 = CARTESIAN_POINT ( 'NONE',  ( -1.219999999999999973, -0.3699999999999999956, 0.0000000000000000000 ) ) ;
#3500 = SURFACE_STYLE_FILL_AREA ( #2326 ) ;
#3501 = SURFACE_SIDE_STYLE ('',( #3873 ) ) ;
#3502 = VECTOR ( 'NONE', #121, 1000.000000000000000 ) ;
#3503 = FILL_AREA_STYLE_COLOUR ( '', #1809 ) ;
#3504 = AXIS2_PLACEMENT_3D ( 'NONE', #4025, #4589, #2973 ) ;
#3505 = ORIENTED_EDGE ( 'NONE', *, *, #3332, .F. ) ;
#3506 = UNCERTAINTY_MEASURE_WITH_UNIT (LENGTH_MEASURE( 1.000000000000000082E-05 ), #2784, 'distance_accuracy_value', 'NONE');
#3507 = CARTESIAN_POINT ( 'NONE',  ( 0.8400000000000000799, -0.5900000000000000799, 0.2500000000000000000 ) ) ;
#3508 =( GEOMETRIC_REPRESENTATION_CONTEXT ( 3 ) GLOBAL_UNCERTAINTY_ASSIGNED_CONTEXT ( ( #2699 ) ) GLOBAL_UNIT_ASSIGNED_CONTEXT ( ( #159, #1006, #902 ) ) REPRESENTATION_CONTEXT ( 'NONE', 'WORKASPACE' ) );
#3509 = MECHANICAL_DESIGN_GEOMETRIC_PRESENTATION_REPRESENTATION (  '', ( #3250 ), #1056 ) ;
#3510 = SURFACE_STYLE_FILL_AREA ( #1953 ) ;
#3511 = DIRECTION ( 'NONE',  ( 0.0000000000000000000, 0.0000000000000000000, 1.000000000000000000 ) ) ;
#3512 = VERTEX_POINT ( 'NONE', #88 ) ;
#3513 = EDGE_LOOP ( 'NONE', ( #1344, #1740, #3961, #3437 ) ) ;
#3514 = SURFACE_SIDE_STYLE ('',( #821 ) ) ;
#3515 = STYLED_ITEM ( 'NONE', ( #4098 ), #2085 ) ;
#3516 =( GEOMETRIC_REPRESENTATION_CONTEXT ( 3 ) GLOBAL_UNCERTAINTY_ASSIGNED_CONTEXT ( ( #2891 ) ) GLOBAL_UNIT_ASSIGNED_CONTEXT ( ( #2120, #3622, #510 ) ) REPRESENTATION_CONTEXT ( 'NONE', 'WORKASPACE' ) );
#3517 = PLANE ( 'NONE',  #3679 ) ;
#3518 = FACE_OUTER_BOUND ( 'NONE', #1620, .T. ) ;
#3519 = COLOUR_RGB ( '',1.000000000000000000, 0.8156862745098039102, 0.02745098039215686236 ) ;
#3520 =( NAMED_UNIT ( * ) PLANE_ANGLE_UNIT ( ) SI_UNIT ( $, .RADIAN. ) );
#3521 = EDGE_CURVE ( 'NONE', #4937, #2941, #2936, .T. ) ;
#3522 = LINE ( 'NONE', #3125, #3450 ) ;
#3523 = CARTESIAN_POINT ( 'NONE',  ( -1.219999999999999973, -0.1300000000000000044, 0.0000000000000000000 ) ) ;
#3524 = EDGE_LOOP ( 'NONE', ( #2535, #4884, #685, #4245 ) ) ;
#3525 = PRESENTATION_LAYER_ASSIGNMENT (  '', '', ( #2541 ) ) ;
#3526 =( GEOMETRIC_REPRESENTATION_CONTEXT ( 3 ) GLOBAL_UNCERTAINTY_ASSIGNED_CONTEXT ( ( #36 ) ) GLOBAL_UNIT_ASSIGNED_CONTEXT ( ( #4658, #3929, #1303 ) ) REPRESENTATION_CONTEXT ( 'NONE', 'WORKASPACE' ) );
#3527 = CARTESIAN_POINT ( 'NONE',  ( -0.8699999999999999956, 1.219999999999999973, 0.0000000000000000000 ) ) ;
#3528 = EDGE_CURVE ( 'NONE', #2823, #3614, #337, .T. ) ;
#3529 = DIRECTION ( 'NONE',  ( 1.000000000000000000, 0.0000000000000000000, 0.0000000000000000000 ) ) ;
#3530 = VECTOR ( 'NONE', #4577, 1000.000000000000000 ) ;
#3531 = LINE ( 'NONE', #32, #143 ) ;
#3532 = PRESENTATION_STYLE_ASSIGNMENT (( #885 ) ) ;
#3533 = VERTEX_POINT ( 'NONE', #1694 ) ;
#3534 = SURFACE_STYLE_USAGE ( .BOTH. , #383 ) ;
#3535 = SURFACE_STYLE_USAGE ( .BOTH. , #3877 ) ;
#3536 = DIRECTION ( 'NONE',  ( 0.0000000000000000000, 0.0000000000000000000, 1.000000000000000000 ) ) ;
#3537 = CARTESIAN_POINT ( 'NONE',  ( -1.219999999999999973, 0.3699999999999999956, 0.0000000000000000000 ) ) ;
#3538 = FILL_AREA_STYLE_COLOUR ( '', #3420 ) ;
#3539 = COLOUR_RGB ( '',1.000000000000000000, 0.8156862745098039102, 0.02745098039215686236 ) ;
#3540 = ORIENTED_EDGE ( 'NONE', *, *, #3425, .T. ) ;
#3541 = VERTEX_POINT ( 'NONE', #517 ) ;
#3542 = LINE ( 'NONE', #871, #409 ) ;
#3543 = COLOUR_RGB ( '',1.000000000000000000, 0.8156862745098039102, 0.02745098039215686236 ) ;
#3544 =( NAMED_UNIT ( * ) PLANE_ANGLE_UNIT ( ) SI_UNIT ( $, .RADIAN. ) );
#3545 =( NAMED_UNIT ( * ) SI_UNIT ( $, .STERADIAN. ) SOLID_ANGLE_UNIT ( ) );
#3546 = DIRECTION ( 'NONE',  ( -1.000000000000000000, 0.0000000000000000000, 0.0000000000000000000 ) ) ;
#3547 = CARTESIAN_POINT ( 'NONE',  ( -0.6300000000000000044, 1.219999999999999973, 0.0000000000000000000 ) ) ;
#3548 = DIRECTION ( 'NONE',  ( -0.0000000000000000000, -1.000000000000000000, -0.0000000000000000000 ) ) ;
#3549 = SURFACE_STYLE_FILL_AREA ( #348 ) ;
#3550 = VERTEX_POINT ( 'NONE', #4791 ) ;
#3551 = LINE ( 'NONE', #2707, #2103 ) ;
#3552 = AXIS2_PLACEMENT_3D ( 'NONE', #3029, #1889, #1505 ) ;
#3553 = CARTESIAN_POINT ( 'NONE',  ( 1.219999999999999973, -0.1300000000000000044, 0.0000000000000000000 ) ) ;
#3554 = PRESENTATION_STYLE_ASSIGNMENT (( #3130 ) ) ;
#3555 =( NAMED_UNIT ( * ) PLANE_ANGLE_UNIT ( ) SI_UNIT ( $, .RADIAN. ) );
#3556 = ORIENTED_EDGE ( 'NONE', *, *, #1746, .F. ) ;
#3557 = ADVANCED_FACE ( 'NONE', ( #2100 ), #1332, .F. ) ;
#3558 = CARTESIAN_POINT ( 'NONE',  ( -1.219999999999999973, 0.2500000000000000000, 0.0000000000000000000 ) ) ;
#3559 = PRESENTATION_STYLE_ASSIGNMENT (( #1645 ) ) ;
#3560 = CARTESIAN_POINT ( 'NONE',  ( 1.500000000000000000, -1.500000000000000000, 0.9499999999999999556 ) ) ;
#3561 =( NAMED_UNIT ( * ) SI_UNIT ( $, .STERADIAN. ) SOLID_ANGLE_UNIT ( ) );
#3562 = SURFACE_STYLE_USAGE ( .BOTH. , #3987 ) ;
#3563 = AXIS2_PLACEMENT_3D ( 'NONE', #2693, #4644, #1855 ) ;
#3564 =( NAMED_UNIT ( * ) SI_UNIT ( $, .STERADIAN. ) SOLID_ANGLE_UNIT ( ) );
#3565 = ORIENTED_EDGE ( 'NONE', *, *, #4699, .T. ) ;
#3566 = EDGE_CURVE ( 'NONE', #4036, #942, #2972, .T. ) ;
#3567 = ORIENTED_EDGE ( 'NONE', *, *, #2829, .F. ) ;
#3568 = SURFACE_STYLE_USAGE ( .BOTH. , #3514 ) ;
#3569 = CARTESIAN_POINT ( 'NONE',  ( -0.8699999999999999956, -1.510000000000000009, 0.0000000000000000000 ) ) ;
#3570 = FILL_AREA_STYLE ('',( #368 ) ) ;
#3571 = FILL_AREA_STYLE_COLOUR ( '', #5066 ) ;
#3572 = PRESENTATION_STYLE_ASSIGNMENT (( #3845 ) ) ;
#3573 = CARTESIAN_POINT ( 'NONE',  ( -0.1300000000000000044, 1.219999999999999973, 0.0000000000000000000 ) ) ;
#3574 = AXIS2_PLACEMENT_3D ( 'NONE', #2311, #2239, #3983 ) ;
#3575 =( NAMED_UNIT ( * ) SI_UNIT ( $, .STERADIAN. ) SOLID_ANGLE_UNIT ( ) );
#3576 = VERTEX_POINT ( 'NONE', #994 ) ;
#3577 = CARTESIAN_POINT ( 'NONE',  ( -0.6300000000000000044, 0.0000000000000000000, 0.0000000000000000000 ) ) ;
#3578 =( GEOMETRIC_REPRESENTATION_CONTEXT ( 3 ) GLOBAL_UNCERTAINTY_ASSIGNED_CONTEXT ( ( #1571 ) ) GLOBAL_UNIT_ASSIGNED_CONTEXT ( ( #2404, #2026, #1644 ) ) REPRESENTATION_CONTEXT ( 'NONE', 'WORKASPACE' ) );
#3579 = PLANE ( 'NONE',  #1160 ) ;
#3580 = DIRECTION ( 'NONE',  ( 0.0000000000000000000, 1.000000000000000000, 0.0000000000000000000 ) ) ;
#3581 = DIRECTION ( 'NONE',  ( 0.0000000000000000000, 1.000000000000000000, 0.0000000000000000000 ) ) ;
#3582 = VERTEX_POINT ( 'NONE', #2653 ) ;
#3583 = PRESENTATION_LAYER_ASSIGNMENT (  '', '', ( #3160 ) ) ;
#3584 = CARTESIAN_POINT ( 'NONE',  ( -1.500000000000000000, 1.500000000000000000, 0.9499999999999999556 ) ) ;
#3585 =( NAMED_UNIT ( * ) SI_UNIT ( $, .STERADIAN. ) SOLID_ANGLE_UNIT ( ) );
#3586 = FILL_AREA_STYLE_COLOUR ( '', #1467 ) ;
#3587 = MECHANICAL_DESIGN_GEOMETRIC_PRESENTATION_REPRESENTATION (  '', ( #4289 ), #3163 ) ;
#3588 = COLOUR_RGB ( '',1.000000000000000000, 0.8156862745098039102, 0.02745098039215686236 ) ;
#3589 = EDGE_CURVE ( 'NONE', #2257, #1241, #697, .T. ) ;
#3590 =( NAMED_UNIT ( * ) SI_UNIT ( $, .STERADIAN. ) SOLID_ANGLE_UNIT ( ) );
#3591 = ORIENTED_EDGE ( 'NONE', *, *, #4662, .T. ) ;
#3592 = VERTEX_POINT ( 'NONE', #4150 ) ;
#3593 = AXIS2_PLACEMENT_3D ( 'NONE', #3218, #2209, #4360 ) ;
#3594 = LINE ( 'NONE', #900, #2663 ) ;
#3595 = EDGE_CURVE ( 'NONE', #4288, #870, #3384, .T. ) ;
#3596 = STYLED_ITEM ( 'NONE', ( #3532 ), #1094 ) ;
#3597 = SURFACE_STYLE_USAGE ( .BOTH. , #1141 ) ;
#3598 = STYLED_ITEM ( 'NONE', ( #985 ), #1328 ) ;
#3599 =( GEOMETRIC_REPRESENTATION_CONTEXT ( 3 ) GLOBAL_UNCERTAINTY_ASSIGNED_CONTEXT ( ( #1207 ) ) GLOBAL_UNIT_ASSIGNED_CONTEXT ( ( #4146, #3024, #1576 ) ) REPRESENTATION_CONTEXT ( 'NONE', 'WORKASPACE' ) );
#3600 = SURFACE_STYLE_USAGE ( .BOTH. , #564 ) ;
#3601 = CARTESIAN_POINT ( 'NONE',  ( 1.219999999999999973, -0.1300000000000000044, 0.2500000000000000000 ) ) ;
#3602 = AXIS2_PLACEMENT_3D ( 'NONE', #4374, #2820, #5067 ) ;
#3603 =( GEOMETRIC_REPRESENTATION_CONTEXT ( 3 ) GLOBAL_UNCERTAINTY_ASSIGNED_CONTEXT ( ( #3906 ) ) GLOBAL_UNIT_ASSIGNED_CONTEXT ( ( #123, #4849, #972 ) ) REPRESENTATION_CONTEXT ( 'NONE', 'WORKASPACE' ) );
#3604 = CARTESIAN_POINT ( 'NONE',  ( 0.2500000000000000000, 1.219999999999999973, 0.0000000000000000000 ) ) ;
#3605 = PLANE ( 'NONE',  #1893 ) ;
#3606 = DIRECTION ( 'NONE',  ( 0.0000000000000000000, 0.0000000000000000000, 1.000000000000000000 ) ) ;
#3607 = COLOUR_RGB ( '',1.000000000000000000, 0.8156862745098039102, 0.02745098039215686236 ) ;
#3608 = ORIENTED_EDGE ( 'NONE', *, *, #2620, .F. ) ;
#3609 = COLOUR_RGB ( '',1.000000000000000000, 0.8156862745098039102, 0.02745098039215686236 ) ;
#3610 = FILL_AREA_STYLE_COLOUR ( '', #4284 ) ;
#3611 =( NAMED_UNIT ( * ) SI_UNIT ( $, .STERADIAN. ) SOLID_ANGLE_UNIT ( ) );
#3612 =( LENGTH_UNIT ( ) NAMED_UNIT ( * ) SI_UNIT ( .MILLI., .METRE. ) );
#3613 = VECTOR ( 'NONE', #2401, 1000.000000000000000 ) ;
#3614 = VERTEX_POINT ( 'NONE', #3784 ) ;
#3615 = ORIENTED_EDGE ( 'NONE', *, *, #1868, .F. ) ;
#3616 = UNCERTAINTY_MEASURE_WITH_UNIT (LENGTH_MEASURE( 1.000000000000000082E-05 ), #1692, 'distance_accuracy_value', 'NONE');
#3617 =( LENGTH_UNIT ( ) NAMED_UNIT ( * ) SI_UNIT ( .MILLI., .METRE. ) );
#3618 = UNCERTAINTY_MEASURE_WITH_UNIT (LENGTH_MEASURE( 1.000000000000000082E-05 ), #4065, 'distance_accuracy_value', 'NONE');
#3619 = ADVANCED_FACE ( 'NONE', ( #2277 ), #1483, .T. ) ;
#3620 =( NAMED_UNIT ( * ) SI_UNIT ( $, .STERADIAN. ) SOLID_ANGLE_UNIT ( ) );
#3621 =( LENGTH_UNIT ( ) NAMED_UNIT ( * ) SI_UNIT ( .MILLI., .METRE. ) );
#3622 =( NAMED_UNIT ( * ) PLANE_ANGLE_UNIT ( ) SI_UNIT ( $, .RADIAN. ) );
#3623 = UNCERTAINTY_MEASURE_WITH_UNIT (LENGTH_MEASURE( 1.000000000000000082E-05 ), #4552, 'distance_accuracy_value', 'NONE');
#3624 = EDGE_CURVE ( 'NONE', #3131, #3230, #4122, .T. ) ;
#3625 = PLANE ( 'NONE',  #3343 ) ;
#3626 = FILL_AREA_STYLE_COLOUR ( '', #1713 ) ;
#3627 = ORIENTED_EDGE ( 'NONE', *, *, #1185, .T. ) ;
#3628 = CARTESIAN_POINT ( 'NONE',  ( -0.2500000000000000000, -1.219999999999999973, 0.0000000000000000000 ) ) ;
#3629 = CONTEXT_DEPENDENT_SHAPE_REPRESENTATION ( #3471, #4005 ) ;
#3630 = VECTOR ( 'NONE', #2202, 1000.000000000000000 ) ;
#3631 = FILL_AREA_STYLE_COLOUR ( '', #3730 ) ;
#3632 = FACE_OUTER_BOUND ( 'NONE', #3075, .T. ) ;
#3633 = VERTEX_POINT ( 'NONE', #1429 ) ;
#3634 = PRESENTATION_STYLE_ASSIGNMENT (( #2943 ) ) ;
#3635 =( LENGTH_UNIT ( ) NAMED_UNIT ( * ) SI_UNIT ( .MILLI., .METRE. ) );
#3636 =( LENGTH_UNIT ( ) NAMED_UNIT ( * ) SI_UNIT ( .MILLI., .METRE. ) );
#3637 =( GEOMETRIC_REPRESENTATION_CONTEXT ( 3 ) GLOBAL_UNCERTAINTY_ASSIGNED_CONTEXT ( ( #358 ) ) GLOBAL_UNIT_ASSIGNED_CONTEXT ( ( #4139, #1011, #635 ) ) REPRESENTATION_CONTEXT ( 'NONE', 'WORKASPACE' ) );
#3638 =( NAMED_UNIT ( * ) PLANE_ANGLE_UNIT ( ) SI_UNIT ( $, .RADIAN. ) );
#3639 = ORIENTED_EDGE ( 'NONE', *, *, #5016, .F. ) ;
#3640 = LINE ( 'NONE', #934, #122 ) ;
#3641 = LINE ( 'NONE', #955, #3266 ) ;
#3642 = DIRECTION ( 'NONE',  ( 1.000000000000000000, 0.0000000000000000000, 0.0000000000000000000 ) ) ;
#3643 = CIRCLE ( 'NONE', #4945, 0.1200000000000000927 ) ;
#3644 = ADVANCED_FACE ( 'NONE', ( #909 ), #4655, .F. ) ;
#3645 = PRESENTATION_LAYER_ASSIGNMENT (  '', '', ( #783 ) ) ;
#3646 = CARTESIAN_POINT ( 'NONE',  ( 1.200000000000000178, -0.9899999999999999911, 0.9499999999999999556 ) ) ;
#3647 = PRESENTATION_LAYER_ASSIGNMENT (  '', '', ( #787 ) ) ;
#3648 = PRESENTATION_STYLE_ASSIGNMENT (( #2150 ) ) ;
#3649 = EDGE_CURVE ( 'NONE', #2231, #584, #1940, .T. ) ;
#3650 = DIRECTION ( 'NONE',  ( -0.0000000000000000000, -1.000000000000000000, 0.0000000000000000000 ) ) ;
#3651 = ORIENTED_EDGE ( 'NONE', *, *, #1906, .F. ) ;
#3652 = PRESENTATION_LAYER_ASSIGNMENT (  '', '', ( #794 ) ) ;
#3653 =( LENGTH_UNIT ( ) NAMED_UNIT ( * ) SI_UNIT ( .MILLI., .METRE. ) );
#3654 = CARTESIAN_POINT ( 'NONE',  ( 1.219999999999999973, 0.3699999999999999956, 0.0000000000000000000 ) ) ;
#3655 = SURFACE_SIDE_STYLE ('',( #3710 ) ) ;
#3656 = ADVANCED_FACE ( 'NONE', ( #1249 ), #3997, .T. ) ;
#3657 = STYLED_ITEM ( 'NONE', ( #1167 ), #4650 ) ;
#3658 = SURFACE_SIDE_STYLE ('',( #2106 ) ) ;
#3659 = VECTOR ( 'NONE', #3729, 1000.000000000000000 ) ;
#3660 = ORIENTED_EDGE ( 'NONE', *, *, #3980, .T. ) ;
#3661 = CARTESIAN_POINT ( 'NONE',  ( 0.8699999999999999956, -1.510000000000000009, 0.0000000000000000000 ) ) ;
#3662 = CARTESIAN_POINT ( 'NONE',  ( -1.510000000000000009, -0.6300000000000000044, 0.2500000000000000000 ) ) ;
#3663 = SURFACE_STYLE_USAGE ( .BOTH. , #2110 ) ;
#3664 = AXIS2_PLACEMENT_3D ( 'NONE', #2793, #1238, #442 ) ;
#3665 = VECTOR ( 'NONE', #3548, 1000.000000000000000 ) ;
#3666 = DIRECTION ( 'NONE',  ( 1.000000000000000000, 0.0000000000000000000, -0.0000000000000000000 ) ) ;
#3668 = ORIENTED_EDGE ( 'NONE', *, *, #3778, .F. ) ;
#3667 =( GEOMETRIC_REPRESENTATION_CONTEXT ( 3 ) GLOBAL_UNCERTAINTY_ASSIGNED_CONTEXT ( ( #1978 ) ) GLOBAL_UNIT_ASSIGNED_CONTEXT ( ( #2532, #3316, #4454 ) ) REPRESENTATION_CONTEXT ( 'NONE', 'WORKASPACE' ) );
#3669 =( LENGTH_UNIT ( ) NAMED_UNIT ( * ) SI_UNIT ( .MILLI., .METRE. ) );
#3670 = PRESENTATION_LAYER_ASSIGNMENT (  '', '', ( #4463 ) ) ;
#3671 = ORIENTED_EDGE ( 'NONE', *, *, #3835, .T. ) ;
#3672 = CARTESIAN_POINT ( 'NONE',  ( -0.3699999999999999956, -1.219999999999999973, 0.2500000000000000000 ) ) ;
#3673 =( LENGTH_UNIT ( ) NAMED_UNIT ( * ) SI_UNIT ( .MILLI., .METRE. ) );
#3674 = SURFACE_SIDE_STYLE ('',( #2496 ) ) ;
#3675 =( GEOMETRIC_REPRESENTATION_CONTEXT ( 3 ) GLOBAL_UNCERTAINTY_ASSIGNED_CONTEXT ( ( #4015 ) ) GLOBAL_UNIT_ASSIGNED_CONTEXT ( ( #1503, #1113, #4975 ) ) REPRESENTATION_CONTEXT ( 'NONE', 'WORKASPACE' ) );
#3676 = ADVANCED_FACE ( 'NONE', ( #102 ), #1708, .F. ) ;
#3677 = PLANE ( 'NONE',  #5034 ) ;
#3678 = SURFACE_STYLE_FILL_AREA ( #113 ) ;
#3679 = AXIS2_PLACEMENT_3D ( 'NONE', #3123, #3338, #2598 ) ;
#3680 = MECHANICAL_DESIGN_GEOMETRIC_PRESENTATION_REPRESENTATION (  '', ( #2779 ), #4389 ) ;
#3681 = CYLINDRICAL_SURFACE ( 'NONE', #3327, 0.1199999999999999956 ) ;
#3682 = EDGE_LOOP ( 'NONE', ( #4041, #1313, #2550, #2861 ) ) ;
#3683 = COLOUR_RGB ( '',1.000000000000000000, 0.8156862745098039102, 0.02745098039215686236 ) ;
#3684 =( GEOMETRIC_REPRESENTATION_CONTEXT ( 3 ) GLOBAL_UNCERTAINTY_ASSIGNED_CONTEXT ( ( #258 ) ) GLOBAL_UNIT_ASSIGNED_CONTEXT ( ( #792, #4716, #3937 ) ) REPRESENTATION_CONTEXT ( 'NONE', 'WORKASPACE' ) );
#3685 = EDGE_CURVE ( 'NONE', #4395, #2265, #4187, .T. ) ;
#3686 = FILL_AREA_STYLE_COLOUR ( '', #3066 ) ;
#3687 = AXIS2_PLACEMENT_3D ( 'NONE', #4797, #3291, #1745 ) ;
#3688 = DIRECTION ( 'NONE',  ( 0.0000000000000000000, -0.0000000000000000000, -1.000000000000000000 ) ) ;
#3689 = PRESENTATION_LAYER_ASSIGNMENT (  '', '', ( #1650 ) ) ;
#3690 = ORIENTED_EDGE ( 'NONE', *, *, #4756, .F. ) ;
#3691 = FILL_AREA_STYLE ('',( #3269 ) ) ;
#3692 = SURFACE_STYLE_USAGE ( .BOTH. , #1361 ) ;
#3693 = ADVANCED_FACE ( 'NONE', ( #1367 ), #4494, .F. ) ;
#3694 = PRESENTATION_LAYER_ASSIGNMENT (  '', '', ( #824 ) ) ;
#3695 =( NAMED_UNIT ( * ) PLANE_ANGLE_UNIT ( ) SI_UNIT ( $, .RADIAN. ) );
#3696 = PRESENTATION_LAYER_ASSIGNMENT (  '', '', ( #3927 ) ) ;
#3697 =( NAMED_UNIT ( * ) SI_UNIT ( $, .STERADIAN. ) SOLID_ANGLE_UNIT ( ) );
#3698 = ORIENTED_EDGE ( 'NONE', *, *, #283, .T. ) ;
#3699 = ORIENTED_EDGE ( 'NONE', *, *, #4756, .T. ) ;
#3700 = PRESENTATION_STYLE_ASSIGNMENT (( #3278 ) ) ;
#3701 = STYLED_ITEM ( 'NONE', ( #447 ), #3114 ) ;
#3702 =( NAMED_UNIT ( * ) SI_UNIT ( $, .STERADIAN. ) SOLID_ANGLE_UNIT ( ) );
#3703 = PRESENTATION_LAYER_ASSIGNMENT (  '', '', ( #2320 ) ) ;
#3704 = PLANE ( 'NONE',  #4989 ) ;
#3705 = PLANE ( 'NONE',  #1718 ) ;
#3706 = ORIENTED_EDGE ( 'NONE', *, *, #283, .F. ) ;
#3707 = UNCERTAINTY_MEASURE_WITH_UNIT (LENGTH_MEASURE( 1.000000000000000082E-05 ), #1493, 'distance_accuracy_value', 'NONE');
#3708 = FACE_OUTER_BOUND ( 'NONE', #1009, .T. ) ;
#3709 = CARTESIAN_POINT ( 'NONE',  ( 1.219999999999999973, 0.8699999999999999956, 0.2500000000000000000 ) ) ;
#3710 = SURFACE_STYLE_FILL_AREA ( #5097 ) ;
#3711 = DIRECTION ( 'NONE',  ( -0.0000000000000000000, -0.0000000000000000000, -1.000000000000000000 ) ) ;
#3712 = ADVANCED_FACE ( 'NONE', ( #3248 ), #2591, .F. ) ;
#3713 = ORIENTED_EDGE ( 'NONE', *, *, #2396, .T. ) ;
#3714 = UNCERTAINTY_MEASURE_WITH_UNIT (LENGTH_MEASURE( 1.000000000000000082E-05 ), #1980, 'distance_accuracy_value', 'NONE');
#3715 = PLANE ( 'NONE',  #1937 ) ;
#3716 = LINE ( 'NONE', #1386, #494 ) ;
#3717 = FACE_OUTER_BOUND ( 'NONE', #3427, .T. ) ;
#3718 = MECHANICAL_DESIGN_GEOMETRIC_PRESENTATION_REPRESENTATION (  '', ( #2082 ), #341 ) ;
#3719 = EDGE_CURVE ( 'NONE', #1846, #1588, #1162, .T. ) ;
#3720 = ORIENTED_EDGE ( 'NONE', *, *, #4443, .F. ) ;
#3721 = EDGE_LOOP ( 'NONE', ( #2010, #4654, #4161, #2920 ) ) ;
#3722 = DIRECTION ( 'NONE',  ( 0.0000000000000000000, -0.0000000000000000000, 1.000000000000000000 ) ) ;
#3723 = SURFACE_STYLE_USAGE ( .BOTH. , #2717 ) ;
#3724 = DIRECTION ( 'NONE',  ( -0.0000000000000000000, -1.000000000000000000, -0.0000000000000000000 ) ) ;
#3725 =( NAMED_UNIT ( * ) PLANE_ANGLE_UNIT ( ) SI_UNIT ( $, .RADIAN. ) );
#3726 = UNCERTAINTY_MEASURE_WITH_UNIT (LENGTH_MEASURE( 1.000000000000000082E-05 ), #3636, 'distance_accuracy_value', 'NONE');
#3727 = DIRECTION ( 'NONE',  ( 0.0000000000000000000, 1.000000000000000000, -0.0000000000000000000 ) ) ;
#3728 = DIRECTION ( 'NONE',  ( 0.0000000000000000000, 1.000000000000000000, 0.0000000000000000000 ) ) ;
#3729 = DIRECTION ( 'NONE',  ( 1.000000000000000000, 0.0000000000000000000, 0.0000000000000000000 ) ) ;
#3730 = COLOUR_RGB ( '',1.000000000000000000, 0.8156862745098039102, 0.02745098039215686236 ) ;
#3731 = DIRECTION ( 'NONE',  ( -0.0000000000000000000, -0.0000000000000000000, 1.000000000000000000 ) ) ;
#3732 = EDGE_LOOP ( 'NONE', ( #4798, #5009, #1583, #3540 ) ) ;
#3733 = SURFACE_STYLE_FILL_AREA ( #1095 ) ;
#3734 = FACE_OUTER_BOUND ( 'NONE', #1419, .T. ) ;
#3735 = AXIS2_PLACEMENT_3D ( 'NONE', #1019, #301, #3854 ) ;
#3736 = FACE_OUTER_BOUND ( 'NONE', #3721, .T. ) ;
#3737 = SURFACE_SIDE_STYLE ('',( #2159 ) ) ;
#3738 = ORIENTED_EDGE ( 'NONE', *, *, #4699, .F. ) ;
#3739 =( GEOMETRIC_REPRESENTATION_CONTEXT ( 3 ) GLOBAL_UNCERTAINTY_ASSIGNED_CONTEXT ( ( #1414 ) ) GLOBAL_UNIT_ASSIGNED_CONTEXT ( ( #1436, #4559, #1512 ) ) REPRESENTATION_CONTEXT ( 'NONE', 'WORKASPACE' ) );
#3740 = CARTESIAN_POINT ( 'NONE',  ( 0.6300000000000000044, 1.219999999999999973, 0.0000000000000000000 ) ) ;
#3741 = ADVANCED_FACE ( 'NONE', ( #1880 ), #4184, .F. ) ;
#3742 = PRESENTATION_LAYER_ASSIGNMENT (  '', '', ( #876 ) ) ;
#3743 = EDGE_LOOP ( 'NONE', ( #3925, #1705, #1796, #4204 ) ) ;
#3744 = ORIENTED_EDGE ( 'NONE', *, *, #2674, .T. ) ;
#3745 = FILL_AREA_STYLE ('',( #4598 ) ) ;
#3746 = EDGE_CURVE ( 'NONE', #696, #1453, #4262, .T. ) ;
#3747 = COLOUR_RGB ( '',1.000000000000000000, 0.8156862745098039102, 0.02745098039215686236 ) ;
#3748 =( NAMED_UNIT ( * ) SI_UNIT ( $, .STERADIAN. ) SOLID_ANGLE_UNIT ( ) );
#3749 = CARTESIAN_POINT ( 'NONE',  ( -1.219999999999999973, -0.1300000000000000044, 0.0000000000000000000 ) ) ;
#3750 = COLOUR_RGB ( '',1.000000000000000000, 0.8156862745098039102, 0.02745098039215686236 ) ;
#3751 = VECTOR ( 'NONE', #1023, 1000.000000000000000 ) ;
#3752 = CARTESIAN_POINT ( 'NONE',  ( 0.8699999999999999956, 1.219999999999999973, 0.0000000000000000000 ) ) ;
#3753 = PLANE ( 'NONE',  #5044 ) ;
#3754 = PRESENTATION_LAYER_ASSIGNMENT (  '', '', ( #4147 ) ) ;
#3755 = EDGE_LOOP ( 'NONE', ( #115, #2539, #4500, #767 ) ) ;
#3756 = CARTESIAN_POINT ( 'NONE',  ( -0.8699999999999999956, -1.219999999999999973, 0.0000000000000000000 ) ) ;
#3757 =( NAMED_UNIT ( * ) PLANE_ANGLE_UNIT ( ) SI_UNIT ( $, .RADIAN. ) );
#3758 = MECHANICAL_DESIGN_GEOMETRIC_PRESENTATION_REPRESENTATION (  '', ( #3255 ), #4470 ) ;
#3759 = CARTESIAN_POINT ( 'NONE',  ( 0.8699999999999999956, 1.510000000000000009, 0.2500000000000000000 ) ) ;
#3760 = DIRECTION ( 'NONE',  ( 0.0000000000000000000, 0.0000000000000000000, 1.000000000000000000 ) ) ;
#3761 = FACE_OUTER_BOUND ( 'NONE', #1911, .T. ) ;
#3762 = CARTESIAN_POINT ( 'NONE',  ( 0.1300000000000000044, 1.219999999999999973, 0.2500000000000000000 ) ) ;
#3763 = AXIS2_PLACEMENT_3D ( 'NONE', #1191, #97, #3943 ) ;
#3764 = EDGE_LOOP ( 'NONE', ( #4575, #2423, #2186, #570 ) ) ;
#3765 = CIRCLE ( 'NONE', #1066, 0.1200000000000000927 ) ;
#3766 = UNCERTAINTY_MEASURE_WITH_UNIT (LENGTH_MEASURE( 1.000000000000000082E-05 ), #2087, 'distance_accuracy_value', 'NONE');
#3767 =( NAMED_UNIT ( * ) SI_UNIT ( $, .STERADIAN. ) SOLID_ANGLE_UNIT ( ) );
#3768 = SURFACE_STYLE_FILL_AREA ( #4231 ) ;
#3769 = DIRECTION ( 'NONE',  ( -0.0000000000000000000, -0.0000000000000000000, -1.000000000000000000 ) ) ;
#3770 = PRESENTATION_STYLE_ASSIGNMENT (( #2489 ) ) ;
#3771 = EDGE_LOOP ( 'NONE', ( #927, #1777, #4476, #3843 ) ) ;
#3772 = EDGE_LOOP ( 'NONE', ( #1331, #432, #3895, #2722 ) ) ;
#3773 = PRESENTATION_LAYER_ASSIGNMENT (  '', '', ( #911 ) ) ;
#3774 = AXIS2_PLACEMENT_3D ( 'NONE', #252, #1047, #2253 ) ;
#3775 = CARTESIAN_POINT ( 'NONE',  ( 0.7500000000000000000, -1.219999999999999973, 0.2500000000000000000 ) ) ;
#3776 = PRESENTATION_LAYER_ASSIGNMENT (  '', '', ( #1404 ) ) ;
#3777 = FACE_OUTER_BOUND ( 'NONE', #3239, .T. ) ;
#3778 = EDGE_CURVE ( 'NONE', #221, #3550, #2996, .T. ) ;
#3779 = PLANE ( 'NONE',  #878 ) ;
#3780 = SURFACE_SIDE_STYLE ('',( #4547 ) ) ;
#3781 = DIRECTION ( 'NONE',  ( -0.0000000000000000000, -0.0000000000000000000, -1.000000000000000000 ) ) ;
#3782 = VECTOR ( 'NONE', #3170, 1000.000000000000000 ) ;
#3783 = VERTEX_POINT ( 'NONE', #687 ) ;
#3784 = CARTESIAN_POINT ( 'NONE',  ( -0.1300000000000000044, -1.219999999999999973, 0.0000000000000000000 ) ) ;
#3785 = MECHANICAL_DESIGN_GEOMETRIC_PRESENTATION_REPRESENTATION (  '', ( #1168 ), #2008 ) ;
#3786 = SURFACE_STYLE_USAGE ( .BOTH. , #2677 ) ;
#3787 = SURFACE_STYLE_USAGE ( .BOTH. , #1046 ) ;
#3788 = FILL_AREA_STYLE_COLOUR ( '', #567 ) ;
#3789 = CARTESIAN_POINT ( 'NONE',  ( 0.0000000000000000000, 0.0000000000000000000, 0.2500000000000000000 ) ) ;
#3790 = ORIENTED_EDGE ( 'NONE', *, *, #4958, .T. ) ;
#3791 = CARTESIAN_POINT ( 'NONE',  ( 0.0000000000000000000, -1.510000000000000009, 0.0000000000000000000 ) ) ;
#3792 = DIRECTION ( 'NONE',  ( -1.000000000000000000, 0.0000000000000000000, 0.0000000000000000000 ) ) ;
#3793 = ORIENTED_EDGE ( 'NONE', *, *, #1423, .F. ) ;
#3794 = ORIENTED_EDGE ( 'NONE', *, *, #407, .F. ) ;
#3795 = LINE ( 'NONE', #263, #4916 ) ;
#3796 = LINE ( 'NONE', #3445, #4795 ) ;
#3797 =( GEOMETRIC_REPRESENTATION_CONTEXT ( 3 ) GLOBAL_UNCERTAINTY_ASSIGNED_CONTEXT ( ( #1919 ) ) GLOBAL_UNIT_ASSIGNED_CONTEXT ( ( #1392, #4515, #4092 ) ) REPRESENTATION_CONTEXT ( 'NONE', 'WORKASPACE' ) );
#3798 = CARTESIAN_POINT ( 'NONE',  ( -0.3699999999999999956, 1.219999999999999973, 0.0000000000000000000 ) ) ;
#3799 = EDGE_CURVE ( 'NONE', #4036, #886, #5017, .T. ) ;
#3800 = CARTESIAN_POINT ( 'NONE',  ( 0.0000000000000000000, 0.0000000000000000000, 0.0000000000000000000 ) ) ;
#3801 = SURFACE_SIDE_STYLE ('',( #3449 ) ) ;
#3802 = ORIENTED_EDGE ( 'NONE', *, *, #3203, .F. ) ;
#3803 = SURFACE_STYLE_USAGE ( .BOTH. , #1840 ) ;
#3804 = ADVANCED_FACE ( 'NONE', ( #1443 ), #3441, .F. ) ;
#3805 = DIRECTION ( 'NONE',  ( 0.0000000000000000000, 0.0000000000000000000, -1.000000000000000000 ) ) ;
#3806 = CARTESIAN_POINT ( 'NONE',  ( 1.219999999999999973, -0.7500000000000000000, 0.0000000000000000000 ) ) ;
#3807 = AXIS2_PLACEMENT_3D ( 'NONE', #2175, #4009, #574 ) ;
#3808 = CARTESIAN_POINT ( 'NONE',  ( 0.7500000000000000000, 1.219999999999999973, 0.0000000000000000000 ) ) ;
#3809 = ORIENTED_EDGE ( 'NONE', *, *, #4082, .F. ) ;
#3810 = SURFACE_SIDE_STYLE ('',( #625 ) ) ;
#3811 = EDGE_CURVE ( 'NONE', #125, #2114, #183, .T. ) ;
#3812 = FILL_AREA_STYLE_COLOUR ( '', #2221 ) ;
#3813 =( GEOMETRIC_REPRESENTATION_CONTEXT ( 3 ) GLOBAL_UNCERTAINTY_ASSIGNED_CONTEXT ( ( #2581 ) ) GLOBAL_UNIT_ASSIGNED_CONTEXT ( ( #3479, #4934, #2988 ) ) REPRESENTATION_CONTEXT ( 'NONE', 'WORKASPACE' ) );
#3814 = ORIENTED_EDGE ( 'NONE', *, *, #727, .T. ) ;
#3815 = ORIENTED_EDGE ( 'NONE', *, *, #1589, .F. ) ;
#3816 = PLANE ( 'NONE',  #2316 ) ;
#3817 = DIRECTION ( 'NONE',  ( 0.0000000000000000000, -0.0000000000000000000, 1.000000000000000000 ) ) ;
#3818 = COLOUR_RGB ( '',1.000000000000000000, 0.8156862745098039102, 0.02745098039215686236 ) ;
#3819 = SURFACE_STYLE_USAGE ( .BOTH. , #4917 ) ;
#3820 =( GEOMETRIC_REPRESENTATION_CONTEXT ( 3 ) GLOBAL_UNCERTAINTY_ASSIGNED_CONTEXT ( ( #1678 ) ) GLOBAL_UNIT_ASSIGNED_CONTEXT ( ( #430, #1, #4701 ) ) REPRESENTATION_CONTEXT ( 'NONE', 'WORKASPACE' ) );
#3821 = FACE_OUTER_BOUND ( 'NONE', #2512, .T. ) ;
#3822 =( NAMED_UNIT ( * ) SI_UNIT ( $, .STERADIAN. ) SOLID_ANGLE_UNIT ( ) );
#3823 = MECHANICAL_DESIGN_GEOMETRIC_PRESENTATION_REPRESENTATION (  '', ( #3246 ), #1221 ) ;
#3824 = PLANE ( 'NONE',  #2798 ) ;
#3825 = FACE_OUTER_BOUND ( 'NONE', #422, .T. ) ;
#3826 = FILL_AREA_STYLE_COLOUR ( '', #294 ) ;
#3827 = EDGE_LOOP ( 'NONE', ( #382, #4992, #4324, #993 ) ) ;
#3828 = AXIS2_PLACEMENT_3D ( 'NONE', #997, #596, #4480 ) ;
#3829 =( LENGTH_UNIT ( ) NAMED_UNIT ( * ) SI_UNIT ( .MILLI., .METRE. ) );
#3830 = AXIS2_PLACEMENT_3D ( 'NONE', #185, #1308, #920 ) ;
#3831 = CARTESIAN_POINT ( 'NONE',  ( -1.510000000000000009, 0.3699999999999999400, 0.2500000000000000000 ) ) ;
#3832 = FILL_AREA_STYLE_COLOUR ( '', #1323 ) ;
#3833 = CARTESIAN_POINT ( 'NONE',  ( 0.0000000000000000000, -1.510000000000000009, 0.0000000000000000000 ) ) ;
#3834 = ORIENTED_EDGE ( 'NONE', *, *, #5103, .F. ) ;
#3835 = EDGE_CURVE ( 'NONE', #1985, #4260, #2462, .T. ) ;
#3836 = DIRECTION ( 'NONE',  ( 0.0000000000000000000, 0.0000000000000000000, -1.000000000000000000 ) ) ;
#3837 = FILL_AREA_STYLE_COLOUR ( '', #5030 ) ;
#3838 = DIRECTION ( 'NONE',  ( 0.0000000000000000000, 0.0000000000000000000, -1.000000000000000000 ) ) ;
#3839 = AXIS2_PLACEMENT_3D ( 'NONE', #4490, #2875, #3351 ) ;
#3840 = PRESENTATION_STYLE_ASSIGNMENT (( #2314 ) ) ;
#3841 = MECHANICAL_DESIGN_GEOMETRIC_PRESENTATION_REPRESENTATION (  '', ( #4813 ), #3260 ) ;
#3842 = ORIENTED_EDGE ( 'NONE', *, *, #1699, .F. ) ;
#3843 = ORIENTED_EDGE ( 'NONE', *, *, #3371, .F. ) ;
#3844 = VECTOR ( 'NONE', #2177, 1000.000000000000000 ) ;
#3845 = SURFACE_STYLE_USAGE ( .BOTH. , #2746 ) ;
#3846 = AXIS2_PLACEMENT_3D ( 'NONE', #4393, #916, #3205 ) ;
#3847 = LINE ( 'NONE', #2955, #3019 ) ;
#3848 = COLOUR_RGB ( '',1.000000000000000000, 0.8156862745098039102, 0.02745098039215686236 ) ;
#3849 = CARTESIAN_POINT ( 'NONE',  ( 0.8699999999999999956, 1.510000000000000009, 0.0000000000000000000 ) ) ;
#3850 = CARTESIAN_POINT ( 'NONE',  ( -0.1300000000000000044, -1.510000000000000009, 0.0000000000000000000 ) ) ;
#3851 = DIRECTION ( 'NONE',  ( 0.0000000000000000000, 0.0000000000000000000, -1.000000000000000000 ) ) ;
#3852 = VECTOR ( 'NONE', #3727, 1000.000000000000000 ) ;
#3853 = ORIENTED_EDGE ( 'NONE', *, *, #3863, .T. ) ;
#3854 = DIRECTION ( 'NONE',  ( -1.000000000000000000, 0.0000000000000000000, -0.0000000000000000000 ) ) ;
#3855 = CARTESIAN_POINT ( 'NONE',  ( -1.219999999999999973, 0.7500000000000000000, 0.0000000000000000000 ) ) ;
#3856 = DIRECTION ( 'NONE',  ( 1.000000000000000000, 0.0000000000000000000, 0.0000000000000000000 ) ) ;
#3857 = ORIENTED_EDGE ( 'NONE', *, *, #1565, .F. ) ;
#3858 = UNCERTAINTY_MEASURE_WITH_UNIT (LENGTH_MEASURE( 1.000000000000000082E-05 ), #715, 'distance_accuracy_value', 'NONE');
#3859 = FILL_AREA_STYLE_COLOUR ( '', #1447 ) ;
#3860 = UNCERTAINTY_MEASURE_WITH_UNIT (LENGTH_MEASURE( 1.000000000000000082E-05 ), #1787, 'distance_accuracy_value', 'NONE');
#3861 =( NAMED_UNIT ( * ) SI_UNIT ( $, .STERADIAN. ) SOLID_ANGLE_UNIT ( ) );
#3862 = DIRECTION ( 'NONE',  ( 0.0000000000000000000, 0.0000000000000000000, -1.000000000000000000 ) ) ;
#3863 = EDGE_CURVE ( 'NONE', #188, #3408, #4762, .T. ) ;
#3864 = CARTESIAN_POINT ( 'NONE',  ( 0.8699999999999999956, -1.219999999999999973, 0.2500000000000000000 ) ) ;
#3865 = ORIENTED_EDGE ( 'NONE', *, *, #3890, .F. ) ;
#3866 = VERTEX_POINT ( 'NONE', #4769 ) ;
#3867 = FILL_AREA_STYLE ('',( #1879 ) ) ;
#3868 = ADVANCED_FACE ( 'NONE', ( #3918 ), #1600, .F. ) ;
#3869 = MECHANICAL_DESIGN_GEOMETRIC_PRESENTATION_REPRESENTATION (  '', ( #2564 ), #599 ) ;
#3870 = EDGE_CURVE ( 'NONE', #1470, #659, #3594, .T. ) ;
#3871 = AXIS2_PLACEMENT_3D ( 'NONE', #3775, #165, #935 ) ;
#3872 = VERTEX_POINT ( 'NONE', #3143 ) ;
#3873 = SURFACE_STYLE_FILL_AREA ( #4629 ) ;
#3874 = LINE ( 'NONE', #3833, #3089 ) ;
#3875 = ORIENTED_EDGE ( 'NONE', *, *, #2024, .F. ) ;
#3876 = FILL_AREA_STYLE ('',( #2714 ) ) ;
#3877 = SURFACE_SIDE_STYLE ('',( #4350 ) ) ;
#3878 =( LENGTH_UNIT ( ) NAMED_UNIT ( * ) SI_UNIT ( .MILLI., .METRE. ) );
#3879 = ORIENTED_EDGE ( 'NONE', *, *, #2993, .T. ) ;
#3880 = CLOSED_SHELL ( 'NONE', ( #211, #1899, #403, #1625, #1176, #3020, #2958 ) ) ;
#3881 = AXIS2_PLACEMENT_3D ( 'NONE', #2716, #1674, #387 ) ;
#3882 = ORIENTED_EDGE ( 'NONE', *, *, #4055, .T. ) ;
#3883 = PLANE ( 'NONE',  #750 ) ;
#3884 = EDGE_CURVE ( 'NONE', #2265, #3633, #397, .T. ) ;
#3885 = DIRECTION ( 'NONE',  ( 1.000000000000000000, -0.0000000000000000000, 0.0000000000000000000 ) ) ;
#3886 = VECTOR ( 'NONE', #4959, 1000.000000000000000 ) ;
#3887 = COLOUR_RGB ( '',1.000000000000000000, 0.8156862745098039102, 0.02745098039215686236 ) ;
#3888 = APPLICATION_CONTEXT ( 'automotive_design' ) ;
#3889 =( NAMED_UNIT ( * ) SI_UNIT ( $, .STERADIAN. ) SOLID_ANGLE_UNIT ( ) );
#3890 = EDGE_CURVE ( 'NONE', #4513, #1418, #3942, .T. ) ;
#3891 = PRESENTATION_STYLE_ASSIGNMENT (( #5080 ) ) ;
#3892 = COLOUR_RGB ( '',1.000000000000000000, 0.8156862745098039102, 0.02745098039215686236 ) ;
#3893 = CARTESIAN_POINT ( 'NONE',  ( 0.0000000000000000000, 0.0000000000000000000, 0.0000000000000000000 ) ) ;
#3894 = LINE ( 'NONE', #4675, #138 ) ;
#3895 = ORIENTED_EDGE ( 'NONE', *, *, #2651, .T. ) ;
#3896 = EDGE_CURVE ( 'NONE', #1878, #4667, #1573, .T. ) ;
#3897 = MECHANICAL_DESIGN_GEOMETRIC_PRESENTATION_REPRESENTATION (  '', ( #4215 ), #800 ) ;
#3898 = VECTOR ( 'NONE', #535, 1000.000000000000000 ) ;
#3899 = SURFACE_STYLE_USAGE ( .BOTH. , #1256 ) ;
#3900 = PLANE ( 'NONE',  #1487 ) ;
#3901 = PRESENTATION_LAYER_ASSIGNMENT (  '', '', ( #1542 ) ) ;
#3902 = VECTOR ( 'NONE', #1508, 1000.000000000000000 ) ;
#3903 = CARTESIAN_POINT ( 'NONE',  ( -0.7500000000000000000, 1.219999999999999973, 0.0000000000000000000 ) ) ;
#3904 = ORIENTED_EDGE ( 'NONE', *, *, #1779, .T. ) ;
#3905 = SURFACE_STYLE_FILL_AREA ( #3876 ) ;
#3906 = UNCERTAINTY_MEASURE_WITH_UNIT (LENGTH_MEASURE( 1.000000000000000082E-05 ), #123, 'distance_accuracy_value', 'NONE');
#3907 = CARTESIAN_POINT ( 'NONE',  ( -0.3699999999999999956, -1.510000000000000009, 0.0000000000000000000 ) ) ;
#3908 = LINE ( 'NONE', #3537, #1031 ) ;
#3909 = AXIS2_PLACEMENT_3D ( 'NONE', #1262, #89, #2073 ) ;
#3910 = VECTOR ( 'NONE', #133, 1000.000000000000000 ) ;
#3911 = PLANE ( 'NONE',  #4622 ) ;
#3912 = SURFACE_STYLE_FILL_AREA ( #389 ) ;
#3913 = CARTESIAN_POINT ( 'NONE',  ( -0.7500000000000000000, 1.219999999999999973, 0.0000000000000000000 ) ) ;
#3914 = EDGE_LOOP ( 'NONE', ( #671, #262, #1178, #1365 ) ) ;
#3915 = ORIENTED_EDGE ( 'NONE', *, *, #2893, .F. ) ;
#3916 = UNCERTAINTY_MEASURE_WITH_UNIT (LENGTH_MEASURE( 1.000000000000000082E-05 ), #3621, 'distance_accuracy_value', 'NONE');
#3917 = FILL_AREA_STYLE ('',( #1572 ) ) ;
#3918 = FACE_OUTER_BOUND ( 'NONE', #1469, .T. ) ;
#3919 = COLOUR_RGB ( '',1.000000000000000000, 0.8156862745098039102, 0.02745098039215686236 ) ;
#3920 = DIRECTION ( 'NONE',  ( 0.0000000000000000000, 0.0000000000000000000, -1.000000000000000000 ) ) ;
#3921 = DIRECTION ( 'NONE',  ( 0.0000000000000000000, 0.0000000000000000000, 1.000000000000000000 ) ) ;
#3922 = MECHANICAL_DESIGN_GEOMETRIC_PRESENTATION_REPRESENTATION (  '', ( #2299 ), #2619 ) ;
#3923 = COLOUR_RGB ( '',1.000000000000000000, 0.8156862745098039102, 0.02745098039215686236 ) ;
#3924 = ADVANCED_FACE ( 'NONE', ( #474 ), #3121, .F. ) ;
#3925 = ORIENTED_EDGE ( 'NONE', *, *, #1725, .T. ) ;
#3926 = VECTOR ( 'NONE', #2634, 1000.000000000000000 ) ;
#3927 = STYLED_ITEM ( 'NONE', ( #3648 ), #2011 ) ;
#3928 = CARTESIAN_POINT ( 'NONE',  ( -1.219999999999999973, 0.7500000000000000000, 0.2500000000000000000 ) ) ;
#3929 =( NAMED_UNIT ( * ) PLANE_ANGLE_UNIT ( ) SI_UNIT ( $, .RADIAN. ) );
#3930 = EDGE_CURVE ( 'NONE', #3258, #2540, #603, .T. ) ;
#3931 = SURFACE_SIDE_STYLE ('',( #1641 ) ) ;
#3932 =( NAMED_UNIT ( * ) PLANE_ANGLE_UNIT ( ) SI_UNIT ( $, .RADIAN. ) );
#3933 = ORIENTED_EDGE ( 'NONE', *, *, #1307, .F. ) ;
#3934 = DIRECTION ( 'NONE',  ( 0.0000000000000000000, -0.0000000000000000000, -1.000000000000000000 ) ) ;
#3935 =( NAMED_UNIT ( * ) PLANE_ANGLE_UNIT ( ) SI_UNIT ( $, .RADIAN. ) );
#3936 = CARTESIAN_POINT ( 'NONE',  ( 0.5900000000000000799, -0.8400000000000000799, 0.0000000000000000000 ) ) ;
#3937 =( NAMED_UNIT ( * ) SI_UNIT ( $, .STERADIAN. ) SOLID_ANGLE_UNIT ( ) );
#3938 =( GEOMETRIC_REPRESENTATION_CONTEXT ( 3 ) GLOBAL_UNCERTAINTY_ASSIGNED_CONTEXT ( ( #3714 ) ) GLOBAL_UNIT_ASSIGNED_CONTEXT ( ( #1980, #3956, #4682 ) ) REPRESENTATION_CONTEXT ( 'NONE', 'WORKASPACE' ) );
#3939 = ORIENTED_EDGE ( 'NONE', *, *, #3890, .T. ) ;
#3940 = VERTEX_POINT ( 'NONE', #4459 ) ;
#3941 = FILL_AREA_STYLE_COLOUR ( '', #1003 ) ;
#3942 = LINE ( 'NONE', #1959, #4941 ) ;
#3943 = DIRECTION ( 'NONE',  ( -1.000000000000000000, 0.0000000000000000000, -0.0000000000000000000 ) ) ;
#3944 = FILL_AREA_STYLE_COLOUR ( '', #717 ) ;
#3945 = DIRECTION ( 'NONE',  ( -0.0000000000000000000, -0.0000000000000000000, 1.000000000000000000 ) ) ;
#3946 =( NAMED_UNIT ( * ) PLANE_ANGLE_UNIT ( ) SI_UNIT ( $, .RADIAN. ) );
#3947 = SURFACE_STYLE_FILL_AREA ( #2397 ) ;
#3948 = VERTEX_POINT ( 'NONE', #1416 ) ;
#3949 = ADVANCED_FACE ( 'NONE', ( #3717 ), #4877, .F. ) ;
#3950 = FACE_OUTER_BOUND ( 'NONE', #3827, .T. ) ;
#3951 = LINE ( 'NONE', #2021, #2952 ) ;
#3952 = DIRECTION ( 'NONE',  ( 0.0000000000000000000, 1.000000000000000000, 0.0000000000000000000 ) ) ;
#3953 = CARTESIAN_POINT ( 'NONE',  ( 0.5900000000000000799, -0.8400000000000000799, 0.0000000000000000000 ) ) ;
#3954 = MECHANICAL_DESIGN_GEOMETRIC_PRESENTATION_REPRESENTATION (  '', ( #2012 ), #3637 ) ;
#3955 = PRESENTATION_STYLE_ASSIGNMENT (( #3534 ) ) ;
#3956 =( NAMED_UNIT ( * ) PLANE_ANGLE_UNIT ( ) SI_UNIT ( $, .RADIAN. ) );
#3957 = EDGE_CURVE ( 'NONE', #464, #696, #504, .T. ) ;
#3958 = FILL_AREA_STYLE_COLOUR ( '', #2924 ) ;
#3959 = LINE ( 'NONE', #4329, #2537 ) ;
#3960 = FILL_AREA_STYLE ('',( #420 ) ) ;
#3961 = ORIENTED_EDGE ( 'NONE', *, *, #1107, .T. ) ;
#3962 = ORIENTED_EDGE ( 'NONE', *, *, #2704, .F. ) ;
#3963 = UNCERTAINTY_MEASURE_WITH_UNIT (LENGTH_MEASURE( 1.000000000000000082E-05 ), #3669, 'distance_accuracy_value', 'NONE');
#3964 = SURFACE_STYLE_USAGE ( .BOTH. , #3141 ) ;
#3965 = PRODUCT_DEFINITION_SHAPE ( 'NONE', 'NONE',  #953 ) ;
#3966 = COLOUR_RGB ( '',1.000000000000000000, 0.8156862745098039102, 0.02745098039215686236 ) ;
#3967 =( LENGTH_UNIT ( ) NAMED_UNIT ( * ) SI_UNIT ( .MILLI., .METRE. ) );
#3968 = FILL_AREA_STYLE_COLOUR ( '', #548 ) ;
#3969 = FILL_AREA_STYLE ('',( #3199 ) ) ;
#3970 = SURFACE_STYLE_FILL_AREA ( #4647 ) ;
#3971 = FILL_AREA_STYLE ('',( #1685 ) ) ;
#3972 = AXIS2_PLACEMENT_3D ( 'NONE', #4900, #3421, #4978 ) ;
#3973 = SURFACE_STYLE_USAGE ( .BOTH. , #4413 ) ;
#3974 = FACE_OUTER_BOUND ( 'NONE', #471, .T. ) ;
#3975 = COLOUR_RGB ( '',1.000000000000000000, 0.8156862745098039102, 0.02745098039215686236 ) ;
#3976 = CARTESIAN_POINT ( 'NONE',  ( -0.3699999999999999400, 1.510000000000000009, 0.2500000000000000000 ) ) ;
#3977 = DIRECTION ( 'NONE',  ( -0.0000000000000000000, -0.0000000000000000000, -1.000000000000000000 ) ) ;
#3978 = FACE_OUTER_BOUND ( 'NONE', #979, .T. ) ;
#3979 = CARTESIAN_POINT ( 'NONE',  ( -1.099999999999999867, -0.2500000000000000000, 0.0000000000000000000 ) ) ;
#3980 = EDGE_CURVE ( 'NONE', #1306, #3533, #4088, .T. ) ;
#3981 = CARTESIAN_POINT ( 'NONE',  ( -1.219999999999999973, 0.6300000000000000044, 0.2500000000000000000 ) ) ;
#3982 = EDGE_LOOP ( 'NONE', ( #93, #4100, #394, #1353 ) ) ;
#3983 = DIRECTION ( 'NONE',  ( 1.000000000000000000, 0.0000000000000000000, 0.0000000000000000000 ) ) ;
#3984 = APPLICATION_PROTOCOL_DEFINITION ( 'draft international standard', 'automotive_design', 1998, #2588 ) ;
#3985 = FILL_AREA_STYLE ('',( #3958 ) ) ;
#3986 = VECTOR ( 'NONE', #4609, 1000.000000000000000 ) ;
#3987 = SURFACE_SIDE_STYLE ('',( #3912 ) ) ;
#3988 = EDGE_CURVE ( 'NONE', #785, #1418, #3241, .T. ) ;
#3989 = EDGE_LOOP ( 'NONE', ( #4456, #842, #3391, #1714 ) ) ;
#3990 = ORIENTED_EDGE ( 'NONE', *, *, #1285, .T. ) ;
#3991 = COLOUR_RGB ( '',1.000000000000000000, 0.8156862745098039102, 0.02745098039215686236 ) ;
#3992 =( LENGTH_UNIT ( ) NAMED_UNIT ( * ) SI_UNIT ( .MILLI., .METRE. ) );
#3993 = DIRECTION ( 'NONE',  ( -0.0000000000000000000, 0.0000000000000000000, -1.000000000000000000 ) ) ;
#3994 = AXIS2_PLACEMENT_3D ( 'NONE', #1981, #3209, #4713 ) ;
#3995 = VECTOR ( 'NONE', #1613, 1000.000000000000000 ) ;
#3996 = DIRECTION ( 'NONE',  ( 0.0000000000000000000, -0.0000000000000000000, 1.000000000000000000 ) ) ;
#3997 = CYLINDRICAL_SURFACE ( 'NONE', #1431, 0.1200000000000000927 ) ;
#3998 = MECHANICAL_DESIGN_GEOMETRIC_PRESENTATION_REPRESENTATION (  '', ( #1968 ), #2295 ) ;
#3999 = AXIS2_PLACEMENT_3D ( 'NONE', #3800, #1426, #2549 ) ;
#4000 = PLANE ( 'NONE',  #2670 ) ;
#4001 =( GEOMETRIC_REPRESENTATION_CONTEXT ( 3 ) GLOBAL_UNCERTAINTY_ASSIGNED_CONTEXT ( ( #2330 ) ) GLOBAL_UNIT_ASSIGNED_CONTEXT ( ( #2334, #41, #3191 ) ) REPRESENTATION_CONTEXT ( 'NONE', 'WORKASPACE' ) );
#4002 = CARTESIAN_POINT ( 'NONE',  ( 1.219999999999999973, -0.6300000000000000044, 0.2500000000000000000 ) ) ;
#4003 = DIRECTION ( 'NONE',  ( -1.000000000000000000, 0.0000000000000000000, -0.0000000000000000000 ) ) ;
#4004 = LINE ( 'NONE', #147, #621 ) ;
#4005 = PRODUCT_DEFINITION_SHAPE ( 'NONE', 'NONE',  #5107 ) ;
#4006 = DIRECTION ( 'NONE',  ( 1.000000000000000000, 0.0000000000000000000, 0.0000000000000000000 ) ) ;
#4007 = ORIENTED_EDGE ( 'NONE', *, *, #4824, .F. ) ;
#4008 =( NAMED_UNIT ( * ) SI_UNIT ( $, .STERADIAN. ) SOLID_ANGLE_UNIT ( ) );
#4009 = DIRECTION ( 'NONE',  ( 0.0000000000000000000, 0.0000000000000000000, 1.000000000000000000 ) ) ;
#4010 = CARTESIAN_POINT ( 'NONE',  ( -1.510000000000000009, 0.6300000000000000044, 0.2500000000000000000 ) ) ;
#4011 = VECTOR ( 'NONE', #3282, 1000.000000000000000 ) ;
#4012 = DIRECTION ( 'NONE',  ( 1.000000000000000000, 0.0000000000000000000, 0.0000000000000000000 ) ) ;
#4013 = VERTEX_POINT ( 'NONE', #2873 ) ;
#4014 = CARTESIAN_POINT ( 'NONE',  ( 1.219999999999999973, 0.3699999999999999956, 0.0000000000000000000 ) ) ;
#4015 = UNCERTAINTY_MEASURE_WITH_UNIT (LENGTH_MEASURE( 1.000000000000000082E-05 ), #1503, 'distance_accuracy_value', 'NONE');
#4016 = CARTESIAN_POINT ( 'NONE',  ( -1.219999999999999973, 0.6300000000000000044, 0.0000000000000000000 ) ) ;
#4017 = DIRECTION ( 'NONE',  ( 0.0000000000000000000, -1.000000000000000000, 0.0000000000000000000 ) ) ;
#4018 = ADVANCED_FACE ( 'NONE', ( #4408 ), #929, .F. ) ;
#4019 = LINE ( 'NONE', #2874, #4714 ) ;
#4020 = FILL_AREA_STYLE ('',( #693 ) ) ;
#4021 = ORIENTED_EDGE ( 'NONE', *, *, #2623, .T. ) ;
#4022 = CARTESIAN_POINT ( 'NONE',  ( 1.510000000000000009, 0.3699999999999999956, 0.0000000000000000000 ) ) ;
#4023 = EDGE_CURVE ( 'NONE', #4596, #3541, #1437, .T. ) ;
#4024 = PRESENTATION_STYLE_ASSIGNMENT (( #3973 ) ) ;
#4025 = CARTESIAN_POINT ( 'NONE',  ( 0.0000000000000000000, 0.0000000000000000000, 0.2500000000000000000 ) ) ;
#4026 = CARTESIAN_POINT ( 'NONE',  ( 1.219999999999999973, 0.2500000000000000000, 0.0000000000000000000 ) ) ;
#4027 = FILL_AREA_STYLE_COLOUR ( '', #4444 ) ;
#4028 = PLANE ( 'NONE',  #3194 ) ;
#4029 = LINE ( 'NONE', #1372, #741 ) ;
#4030 = DIRECTION ( 'NONE',  ( -0.0000000000000000000, -0.0000000000000000000, 1.000000000000000000 ) ) ;
#4031 = EDGE_LOOP ( 'NONE', ( #1526, #2283, #1997, #3567 ) ) ;
#4032 = CARTESIAN_POINT ( 'NONE',  ( 0.0000000000000000000, 0.8699999999999999956, 0.0000000000000000000 ) ) ;
#4033 = CARTESIAN_POINT ( 'NONE',  ( -0.3699999999999999956, 1.510000000000000009, 0.2500000000000000000 ) ) ;
#4034 = FILL_AREA_STYLE ('',( #923 ) ) ;
#4035 =( NAMED_UNIT ( * ) PLANE_ANGLE_UNIT ( ) SI_UNIT ( $, .RADIAN. ) );
#4036 = VERTEX_POINT ( 'NONE', #2642 ) ;
#4037 = SURFACE_STYLE_FILL_AREA ( #2870 ) ;
#4038 = FACE_OUTER_BOUND ( 'NONE', #3743, .T. ) ;
#4039 = FILL_AREA_STYLE ('',( #2487 ) ) ;
#4040 = COLOUR_RGB ( '',0.2862745098039215508, 0.2862745098039215508, 0.2862745098039215508 ) ;
#4041 = ORIENTED_EDGE ( 'NONE', *, *, #4400, .F. ) ;
#4042 = LINE ( 'NONE', #3762, #3910 ) ;
#4043 = EDGE_CURVE ( 'NONE', #1139, #1902, #681, .T. ) ;
#4044 =( GEOMETRIC_REPRESENTATION_CONTEXT ( 3 ) GLOBAL_UNCERTAINTY_ASSIGNED_CONTEXT ( ( #4255 ) ) GLOBAL_UNIT_ASSIGNED_CONTEXT ( ( #3348, #4853, #2135 ) ) REPRESENTATION_CONTEXT ( 'NONE', 'WORKASPACE' ) );
#4045 = ORIENTED_EDGE ( 'NONE', *, *, #872, .F. ) ;
#4046 = CARTESIAN_POINT ( 'NONE',  ( 1.510000000000000009, 0.1300000000000000044, 0.0000000000000000000 ) ) ;
#4047 = CARTESIAN_POINT ( 'NONE',  ( 0.6300000000000000044, -1.510000000000000009, 0.0000000000000000000 ) ) ;
#4048 = FACE_OUTER_BOUND ( 'NONE', #4613, .T. ) ;
#4049 = ADVANCED_FACE ( 'NONE', ( #2610 ), #4560, .F. ) ;
#4050 = CARTESIAN_POINT ( 'NONE',  ( -0.6300000000000000044, -1.219999999999999973, 0.2500000000000000000 ) ) ;
#4051 = CARTESIAN_POINT ( 'NONE',  ( 0.8400000000000000799, 0.8400000000000000799, 0.2500000000000000000 ) ) ;
#4052 = STYLED_ITEM ( 'NONE', ( #180 ), #151 ) ;
#4053 =( LENGTH_UNIT ( ) NAMED_UNIT ( * ) SI_UNIT ( .MILLI., .METRE. ) );
#4054 = CARTESIAN_POINT ( 'NONE',  ( -0.8699999999999999956, -1.510000000000000009, 0.0000000000000000000 ) ) ;
#4055 = EDGE_CURVE ( 'NONE', #5014, #1569, #1078, .T. ) ;
#4056 = PRESENTATION_STYLE_ASSIGNMENT (( #2171 ) ) ;
#4057 = ORIENTED_EDGE ( 'NONE', *, *, #2737, .F. ) ;
#4058 = SURFACE_SIDE_STYLE ('',( #2509 ) ) ;
#4059 = DIRECTION ( 'NONE',  ( 1.000000000000000000, 0.0000000000000000000, 0.0000000000000000000 ) ) ;
#4060 = VECTOR ( 'NONE', #5023, 1000.000000000000000 ) ;
#4061 = ORIENTED_EDGE ( 'NONE', *, *, #930, .F. ) ;
#4062 = CARTESIAN_POINT ( 'NONE',  ( -0.1300000000000000044, 1.219999999999999973, 0.2500000000000000000 ) ) ;
#4063 = UNCERTAINTY_MEASURE_WITH_UNIT (LENGTH_MEASURE( 1.000000000000000082E-05 ), #2882, 'distance_accuracy_value', 'NONE');
#4064 = COLOUR_RGB ( '',1.000000000000000000, 0.8156862745098039102, 0.02745098039215686236 ) ;
#4065 =( LENGTH_UNIT ( ) NAMED_UNIT ( * ) SI_UNIT ( .MILLI., .METRE. ) );
#4067 = ORIENTED_EDGE ( 'NONE', *, *, #2161, .F. ) ;
#4066 =( GEOMETRIC_REPRESENTATION_CONTEXT ( 3 ) GLOBAL_UNCERTAINTY_ASSIGNED_CONTEXT ( ( #3087 ) ) GLOBAL_UNIT_ASSIGNED_CONTEXT ( ( #4425, #1021, #2075 ) ) REPRESENTATION_CONTEXT ( 'NONE', 'WORKASPACE' ) );
#4068 = VECTOR ( 'NONE', #3456, 1000.000000000000000 ) ;
#4069 = ORIENTED_EDGE ( 'NONE', *, *, #1314, .T. ) ;
#4070 = FACE_OUTER_BOUND ( 'NONE', #4121, .T. ) ;
#4071 =( LENGTH_UNIT ( ) NAMED_UNIT ( * ) SI_UNIT ( .MILLI., .METRE. ) );
#4072 = PRESENTATION_LAYER_ASSIGNMENT (  '', '', ( #2854 ) ) ;
#4073 = PRESENTATION_LAYER_ASSIGNMENT (  '', '', ( #3093 ) ) ;
#4074 = FILL_AREA_STYLE ('',( #1275 ) ) ;
#4075 = VECTOR ( 'NONE', #377, 1000.000000000000000 ) ;
#4076 = SURFACE_STYLE_FILL_AREA ( #4865 ) ;
#4077 = EDGE_CURVE ( 'NONE', #1516, #3277, #5011, .T. ) ;
#4078 = PLANE ( 'NONE',  #4137 ) ;
#4079 = ORIENTED_EDGE ( 'NONE', *, *, #4566, .T. ) ;
#4080 = PRESENTATION_LAYER_ASSIGNMENT (  '', '', ( #222 ) ) ;
#4081 = AXIS2_PLACEMENT_3D ( 'NONE', #4796, #3711, #892 ) ;
#4082 = EDGE_CURVE ( 'NONE', #3166, #1888, #4179, .T. ) ;
#4083 = SURFACE_SIDE_STYLE ('',( #2128 ) ) ;
#4084 = LINE ( 'NONE', #1698, #3844 ) ;
#4085 = CARTESIAN_POINT ( 'NONE',  ( 0.0000000000000000000, 0.0000000000000000000, 0.0000000000000000000 ) ) ;
#4086 = VECTOR ( 'NONE', #3396, 1000.000000000000000 ) ;
#4087 = ORIENTED_EDGE ( 'NONE', *, *, #1402, .T. ) ;
#4088 = LINE ( 'NONE', #1387, #3222 ) ;
#4089 = STYLED_ITEM ( 'NONE', ( #1083 ), #3020 ) ;
#4090 = ORIENTED_EDGE ( 'NONE', *, *, #835, .F. ) ;
#4091 = ORIENTED_EDGE ( 'NONE', *, *, #3358, .T. ) ;
#4092 =( NAMED_UNIT ( * ) SI_UNIT ( $, .STERADIAN. ) SOLID_ANGLE_UNIT ( ) );
#4093 = VECTOR ( 'NONE', #76, 1000.000000000000000 ) ;
#4094 = LINE ( 'NONE', #2247, #1377 ) ;
#4095 = CARTESIAN_POINT ( 'NONE',  ( 0.8400000000000000799, 0.0000000000000000000, 0.0000000000000000000 ) ) ;
#4096 = VECTOR ( 'NONE', #2355, 1000.000000000000000 ) ;
#4097 =( NAMED_UNIT ( * ) PLANE_ANGLE_UNIT ( ) SI_UNIT ( $, .RADIAN. ) );
#4098 = PRESENTATION_STYLE_ASSIGNMENT (( #1038 ) ) ;
#4099 =( NAMED_UNIT ( * ) SI_UNIT ( $, .STERADIAN. ) SOLID_ANGLE_UNIT ( ) );
#4100 = ORIENTED_EDGE ( 'NONE', *, *, #3051, .T. ) ;
#4101 = EDGE_CURVE ( 'NONE', #2433, #1082, #4207, .T. ) ;
#4102 = DIRECTION ( 'NONE',  ( 1.000000000000000000, 0.0000000000000000000, 0.0000000000000000000 ) ) ;
#4103 = LINE ( 'NONE', #1743, #1872 ) ;
#4104 = CARTESIAN_POINT ( 'NONE',  ( -0.8400000000000000799, -0.8400000000000000799, 0.0000000000000000000 ) ) ;
#4105 = EDGE_LOOP ( 'NONE', ( #3407, #4422, #837, #444 ) ) ;
#4106 = ADVANCED_FACE ( 'NONE', ( #1534 ), #3088, .F. ) ;
#4107 = UNCERTAINTY_MEASURE_WITH_UNIT (LENGTH_MEASURE( 1.000000000000000082E-05 ), #3653, 'distance_accuracy_value', 'NONE');
#4108 = FILL_AREA_STYLE_COLOUR ( '', #3975 ) ;
#4109 = UNCERTAINTY_MEASURE_WITH_UNIT (LENGTH_MEASURE( 1.000000000000000082E-05 ), #4192, 'distance_accuracy_value', 'NONE');
#4110 = DIRECTION ( 'NONE',  ( 0.0000000000000000000, 1.000000000000000000, 0.0000000000000000000 ) ) ;
#4111 = CARTESIAN_POINT ( 'NONE',  ( 0.0000000000000000000, 0.3699999999999999956, 0.0000000000000000000 ) ) ;
#4112 = ORIENTED_EDGE ( 'NONE', *, *, #4732, .T. ) ;
#4113 = ORIENTED_EDGE ( 'NONE', *, *, #1107, .F. ) ;
#4114 = STYLED_ITEM ( 'NONE', ( #4115 ), #3676 ) ;
#4115 = PRESENTATION_STYLE_ASSIGNMENT (( #137 ) ) ;
#4116 = FILL_AREA_STYLE ('',( #292 ) ) ;
#4117 = FILL_AREA_STYLE ('',( #2297 ) ) ;
#4118 = AXIS2_PLACEMENT_3D ( 'NONE', #3569, #17, #3196 ) ;
#4119 = PRESENTATION_STYLE_ASSIGNMENT (( #4517 ) ) ;
#4120 = CARTESIAN_POINT ( 'NONE',  ( -0.6300000000000000044, -1.219999999999999973, 0.0000000000000000000 ) ) ;
#4121 = EDGE_LOOP ( 'NONE', ( #4007, #335, #2243, #4315 ) ) ;
#4122 = LINE ( 'NONE', #3367, #3630 ) ;
#4123 =( GEOMETRIC_REPRESENTATION_CONTEXT ( 3 ) GLOBAL_UNCERTAINTY_ASSIGNED_CONTEXT ( ( #2193 ) ) GLOBAL_UNIT_ASSIGNED_CONTEXT ( ( #1736, #2547, #3281 ) ) REPRESENTATION_CONTEXT ( 'NONE', 'WORKASPACE' ) );
#4124 = SURFACE_STYLE_USAGE ( .BOTH. , #3655 ) ;
#4125 = EDGE_CURVE ( 'NONE', #1495, #3230, #4327, .T. ) ;
#4126 = CARTESIAN_POINT ( 'NONE',  ( 1.200000000000000178, -0.9899999999999999911, 0.9699999999999999734 ) ) ;
#4127 = ORIENTED_EDGE ( 'NONE', *, *, #322, .T. ) ;
#4128 = PRESENTATION_LAYER_ASSIGNMENT (  '', '', ( #1860 ) ) ;
#4129 = LINE ( 'NONE', #4580, #3886 ) ;
#4130 = CARTESIAN_POINT ( 'NONE',  ( 0.2500000000000000000, -1.219999999999999973, 0.0000000000000000000 ) ) ;
#4131 = SURFACE_STYLE_FILL_AREA ( #1871 ) ;
#4132 = STYLED_ITEM ( 'NONE', ( #3124 ), #4637 ) ;
#4133 = EDGE_CURVE ( 'NONE', #4464, #2557, #3643, .T. ) ;
#4134 = VERTEX_POINT ( 'NONE', #3560 ) ;
#4135 = ORIENTED_EDGE ( 'NONE', *, *, #1462, .T. ) ;
#4136 = AXIS2_PLACEMENT_3D ( 'NONE', #4047, #534, #1662 ) ;
#4137 = AXIS2_PLACEMENT_3D ( 'NONE', #4120, #3025, #3417 ) ;
#4138 = DIRECTION ( 'NONE',  ( 0.0000000000000000000, 0.0000000000000000000, 1.000000000000000000 ) ) ;
#4139 =( LENGTH_UNIT ( ) NAMED_UNIT ( * ) SI_UNIT ( .MILLI., .METRE. ) );
#4140 = MECHANICAL_DESIGN_GEOMETRIC_PRESENTATION_REPRESENTATION (  '', ( #1542 ), #1956 ) ;
#4141 = VECTOR ( 'NONE', #1807, 1000.000000000000000 ) ;
#4142 =( NAMED_UNIT ( * ) PLANE_ANGLE_UNIT ( ) SI_UNIT ( $, .RADIAN. ) );
#4143 = CARTESIAN_POINT ( 'NONE',  ( 0.1300000000000000044, -1.510000000000000009, 0.0000000000000000000 ) ) ;
#4144 = PRESENTATION_LAYER_ASSIGNMENT (  '', '', ( #3250 ) ) ;
#4145 = DIRECTION ( 'NONE',  ( 0.0000000000000000000, 0.0000000000000000000, -1.000000000000000000 ) ) ;
#4146 =( LENGTH_UNIT ( ) NAMED_UNIT ( * ) SI_UNIT ( .MILLI., .METRE. ) );
#4147 = STYLED_ITEM ( 'NONE', ( #85 ), #1176 ) ;
#4148 = FILL_AREA_STYLE ('',( #3626 ) ) ;
#4149 = ORIENTED_EDGE ( 'NONE', *, *, #1716, .F. ) ;
#4150 = CARTESIAN_POINT ( 'NONE',  ( 1.510000000000000009, 0.6300000000000000044, 0.2500000000000000000 ) ) ;
#4151 = AXIS2_PLACEMENT_3D ( 'NONE', #1090, #3781, #3388 ) ;
#4152 = COLOUR_RGB ( '',0.2862745098039215508, 0.2862745098039215508, 0.2862745098039215508 ) ;
#4153 = DIRECTION ( 'NONE',  ( 0.0000000000000000000, 1.000000000000000000, -0.0000000000000000000 ) ) ;
#4154 = FILL_AREA_STYLE_COLOUR ( '', #1873 ) ;
#4155 =( GEOMETRIC_REPRESENTATION_CONTEXT ( 3 ) GLOBAL_UNCERTAINTY_ASSIGNED_CONTEXT ( ( #87 ) ) GLOBAL_UNIT_ASSIGNED_CONTEXT ( ( #604, #1800, #3697 ) ) REPRESENTATION_CONTEXT ( 'NONE', 'WORKASPACE' ) );
#4156 = ORIENTED_EDGE ( 'NONE', *, *, #1223, .T. ) ;
#4157 = COLOUR_RGB ( '',1.000000000000000000, 0.8156862745098039102, 0.02745098039215686236 ) ;
#4158 = SURFACE_STYLE_USAGE ( .BOTH. , #2286 ) ;
#4159 =( GEOMETRIC_REPRESENTATION_CONTEXT ( 3 ) GLOBAL_UNCERTAINTY_ASSIGNED_CONTEXT ( ( #3392 ) ) GLOBAL_UNIT_ASSIGNED_CONTEXT ( ( #355, #2379, #1669 ) ) REPRESENTATION_CONTEXT ( 'NONE', 'WORKASPACE' ) );
#4160 = PRESENTATION_LAYER_ASSIGNMENT (  '', '', ( #1398 ) ) ;
#4161 = ORIENTED_EDGE ( 'NONE', *, *, #2061, .T. ) ;
#4162 = VERTEX_POINT ( 'NONE', #3189 ) ;
#4163 =( GEOMETRIC_REPRESENTATION_CONTEXT ( 3 ) GLOBAL_UNCERTAINTY_ASSIGNED_CONTEXT ( ( #1043 ) ) GLOBAL_UNIT_ASSIGNED_CONTEXT ( ( #2255, #2606, #3424 ) ) REPRESENTATION_CONTEXT ( 'NONE', 'WORKASPACE' ) );
#4164 = AXIS2_PLACEMENT_3D ( 'NONE', #1485, #3760, #730 ) ;
#4165 = DIRECTION ( 'NONE',  ( -1.000000000000000000, -0.0000000000000000000, -0.0000000000000000000 ) ) ;
#4166 = EDGE_CURVE ( 'NONE', #1082, #3092, #2386, .T. ) ;
#4167 =( NAMED_UNIT ( * ) SI_UNIT ( $, .STERADIAN. ) SOLID_ANGLE_UNIT ( ) );
#4168 = CARTESIAN_POINT ( 'NONE',  ( -1.219999999999999973, 0.7500000000000000000, 0.2500000000000000000 ) ) ;
#4169 = EDGE_CURVE ( 'NONE', #393, #150, #39, .T. ) ;
#4170 = FILL_AREA_STYLE_COLOUR ( '', #1623 ) ;
#4171 = AXIS2_PLACEMENT_3D ( 'NONE', #3120, #1989, #2741 ) ;
#4172 = EDGE_LOOP ( 'NONE', ( #3484, #4641, #155, #3061 ) ) ;
#4173 = VECTOR ( 'NONE', #2004, 1000.000000000000000 ) ;
#4174 = FILL_AREA_STYLE ('',( #3033 ) ) ;
#4175 = CARTESIAN_POINT ( 'NONE',  ( 0.0000000000000000000, 0.0000000000000000000, 0.2500000000000000000 ) ) ;
#4176 = ORIENTED_EDGE ( 'NONE', *, *, #670, .T. ) ;
#4177 = CARTESIAN_POINT ( 'NONE',  ( -0.8699999999999999956, -1.510000000000000009, 0.0000000000000000000 ) ) ;
#4178 =( NAMED_UNIT ( * ) SI_UNIT ( $, .STERADIAN. ) SOLID_ANGLE_UNIT ( ) );
#4179 = LINE ( 'NONE', #2662, #4274 ) ;
#4180 =( NAMED_UNIT ( * ) PLANE_ANGLE_UNIT ( ) SI_UNIT ( $, .RADIAN. ) );
#4181 = ORIENTED_EDGE ( 'NONE', *, *, #3276, .F. ) ;
#4182 = ORIENTED_EDGE ( 'NONE', *, *, #1285, .F. ) ;
#4183 = SURFACE_STYLE_USAGE ( .BOTH. , #4540 ) ;
#4184 = PLANE ( 'NONE',  #3563 ) ;
#4185 = STYLED_ITEM ( 'NONE', ( #2174 ), #3557 ) ;
#4186 =( LENGTH_UNIT ( ) NAMED_UNIT ( * ) SI_UNIT ( .MILLI., .METRE. ) );
#4187 = CIRCLE ( 'NONE', #3871, 0.1199999999999999956 ) ;
#4188 = LINE ( 'NONE', #2224, #2130 ) ;
#4189 =( LENGTH_UNIT ( ) NAMED_UNIT ( * ) SI_UNIT ( .MILLI., .METRE. ) );
#4190 = PLANE ( 'NONE',  #3763 ) ;
#4191 = ADVANCED_FACE ( 'NONE', ( #2053 ), #1153, .T. ) ;
#4192 =( LENGTH_UNIT ( ) NAMED_UNIT ( * ) SI_UNIT ( .MILLI., .METRE. ) );
#4193 = DIRECTION ( 'NONE',  ( -1.000000000000000000, 0.0000000000000000000, -0.0000000000000000000 ) ) ;
#4194 = ORIENTED_EDGE ( 'NONE', *, *, #470, .T. ) ;
#4195 = COLOUR_RGB ( '',1.000000000000000000, 0.8156862745098039102, 0.02745098039215686236 ) ;
#4196 = DIRECTION ( 'NONE',  ( 0.0000000000000000000, 0.0000000000000000000, 1.000000000000000000 ) ) ;
#4197 = LINE ( 'NONE', #226, #3402 ) ;
#4198 = LINE ( 'NONE', #2204, #2143 ) ;
#4199 = LINE ( 'NONE', #701, #4086 ) ;
#4200 = EDGE_CURVE ( 'NONE', #584, #1985, #441, .T. ) ;
#4201 = MECHANICAL_DESIGN_GEOMETRIC_PRESENTATION_REPRESENTATION (  '', ( #2906 ), #612 ) ;
#4202 = DIRECTION ( 'NONE',  ( -1.000000000000000000, 0.0000000000000000000, -0.0000000000000000000 ) ) ;
#4203 = DIRECTION ( 'NONE',  ( -0.0000000000000000000, 0.0000000000000000000, -1.000000000000000000 ) ) ;
#4204 = ORIENTED_EDGE ( 'NONE', *, *, #2926, .T. ) ;
#4205 =( LENGTH_UNIT ( ) NAMED_UNIT ( * ) SI_UNIT ( .MILLI., .METRE. ) );
#4206 =( GEOMETRIC_REPRESENTATION_CONTEXT ( 3 ) GLOBAL_UNCERTAINTY_ASSIGNED_CONTEXT ( ( #216 ) ) GLOBAL_UNIT_ASSIGNED_CONTEXT ( ( #4417, #4752, #4445 ) ) REPRESENTATION_CONTEXT ( 'NONE', 'WORKASPACE' ) );
#4207 = LINE ( 'NONE', #738, #354 ) ;
#4208 = LINE ( 'NONE', #2719, #1648 ) ;
#4209 = ORIENTED_EDGE ( 'NONE', *, *, #581, .T. ) ;
#4210 = VERTEX_POINT ( 'NONE', #2735 ) ;
#4211 = SURFACE_STYLE_USAGE ( .BOTH. , #3439 ) ;
#4212 = DIRECTION ( 'NONE',  ( 0.0000000000000000000, 0.0000000000000000000, -1.000000000000000000 ) ) ;
#4213 =( GEOMETRIC_REPRESENTATION_CONTEXT ( 3 ) GLOBAL_UNCERTAINTY_ASSIGNED_CONTEXT ( ( #4766 ) ) GLOBAL_UNIT_ASSIGNED_CONTEXT ( ( #5003, #1887, #1838 ) ) REPRESENTATION_CONTEXT ( 'NONE', 'WORKASPACE' ) );
#4214 = LINE ( 'NONE', #1521, #1042 ) ;
#4215 = STYLED_ITEM ( 'NONE', ( #4760 ), #4854 ) ;
#4216 = AXIS2_PLACEMENT_3D ( 'NONE', #242, #2268, #2191 ) ;
#4217 =( LENGTH_UNIT ( ) NAMED_UNIT ( * ) SI_UNIT ( .MILLI., .METRE. ) );
#4218 = SURFACE_SIDE_STYLE ('',( #4948 ) ) ;
#4219 = ORIENTED_EDGE ( 'NONE', *, *, #3589, .F. ) ;
#4220 = VECTOR ( 'NONE', #3289, 1000.000000000000000 ) ;
#4221 = CIRCLE ( 'NONE', #632, 0.1200000000000000927 ) ;
#4222 =( NAMED_UNIT ( * ) PLANE_ANGLE_UNIT ( ) SI_UNIT ( $, .RADIAN. ) );
#4223 = EDGE_CURVE ( 'NONE', #2292, #4736, #4273, .T. ) ;
#4224 = CARTESIAN_POINT ( 'NONE',  ( -1.510000000000000009, -0.6300000000000000044, 0.0000000000000000000 ) ) ;
#4225 =( GEOMETRIC_REPRESENTATION_CONTEXT ( 3 ) GLOBAL_UNCERTAINTY_ASSIGNED_CONTEXT ( ( #2434 ) ) GLOBAL_UNIT_ASSIGNED_CONTEXT ( ( #4788, #4820, #4099 ) ) REPRESENTATION_CONTEXT ( 'NONE', 'WORKASPACE' ) );
#4226 = SURFACE_STYLE_USAGE ( .BOTH. , #4929 ) ;
#4227 = FACE_OUTER_BOUND ( 'NONE', #4254, .T. ) ;
#4228 = DIRECTION ( 'NONE',  ( 0.0000000000000000000, 1.000000000000000000, 0.0000000000000000000 ) ) ;
#4229 = ORIENTED_EDGE ( 'NONE', *, *, #3276, .T. ) ;
#4230 = SURFACE_SIDE_STYLE ('',( #3010 ) ) ;
#4231 = FILL_AREA_STYLE ('',( #4606 ) ) ;
#4232 = EDGE_CURVE ( 'NONE', #516, #3166, #3908, .T. ) ;
#4233 = COLOUR_RGB ( '',1.000000000000000000, 0.8156862745098039102, 0.02745098039215686236 ) ;
#4234 = VERTEX_POINT ( 'NONE', #3654 ) ;
#4235 = VERTEX_POINT ( 'NONE', #3709 ) ;
#4236 = SURFACE_STYLE_FILL_AREA ( #3867 ) ;
#4237 =( GEOMETRIC_REPRESENTATION_CONTEXT ( 3 ) GLOBAL_UNCERTAINTY_ASSIGNED_CONTEXT ( ( #4451 ) ) GLOBAL_UNIT_ASSIGNED_CONTEXT ( ( #2948, #2538, #951 ) ) REPRESENTATION_CONTEXT ( 'NONE', 'WORKASPACE' ) );
#4238 =( NAMED_UNIT ( * ) PLANE_ANGLE_UNIT ( ) SI_UNIT ( $, .RADIAN. ) );
#4239 =( NAMED_UNIT ( * ) SI_UNIT ( $, .STERADIAN. ) SOLID_ANGLE_UNIT ( ) );
#4240 = MECHANICAL_DESIGN_GEOMETRIC_PRESENTATION_REPRESENTATION (  '', ( #824 ), #656 ) ;
#4241 = CARTESIAN_POINT ( 'NONE',  ( 1.510000000000000009, -0.1300000000000000044, 0.0000000000000000000 ) ) ;
#4242 = SURFACE_STYLE_USAGE ( .BOTH. , #2016 ) ;
#4243 = FACE_OUTER_BOUND ( 'NONE', #1266, .T. ) ;
#4244 = PRESENTATION_LAYER_ASSIGNMENT (  '', '', ( #1821 ) ) ;
#4245 = ORIENTED_EDGE ( 'NONE', *, *, #581, .F. ) ;
#4246 = UNCERTAINTY_MEASURE_WITH_UNIT (LENGTH_MEASURE( 1.000000000000000082E-05 ), #5087, 'distance_accuracy_value', 'NONE');
#4247 =( NAMED_UNIT ( * ) PLANE_ANGLE_UNIT ( ) SI_UNIT ( $, .RADIAN. ) );
#4248 = DIRECTION ( 'NONE',  ( -1.000000000000000000, -0.0000000000000000000, -0.0000000000000000000 ) ) ;
#4249 = DIRECTION ( 'NONE',  ( 1.000000000000000000, 0.0000000000000000000, -0.0000000000000000000 ) ) ;
#4250 =( LENGTH_UNIT ( ) NAMED_UNIT ( * ) SI_UNIT ( .MILLI., .METRE. ) );
#4251 = DIRECTION ( 'NONE',  ( 0.0000000000000000000, 0.0000000000000000000, 1.000000000000000000 ) ) ;
#4252 = PRODUCT_RELATED_PRODUCT_CATEGORY ( 'part', '', ( #1759 ) ) ;
#4253 = CARTESIAN_POINT ( 'NONE',  ( 1.510000000000000009, -0.3699999999999999956, 0.0000000000000000000 ) ) ;
#4254 = EDGE_LOOP ( 'NONE', ( #3794, #712, #4952, #3036 ) ) ;
#4255 = UNCERTAINTY_MEASURE_WITH_UNIT (LENGTH_MEASURE( 1.000000000000000082E-05 ), #3348, 'distance_accuracy_value', 'NONE');
#4256 = UNCERTAINTY_MEASURE_WITH_UNIT (LENGTH_MEASURE( 1.000000000000000082E-05 ), #1882, 'distance_accuracy_value', 'NONE');
#4257 = DIRECTION ( 'NONE',  ( -0.0000000000000000000, -1.000000000000000000, -0.0000000000000000000 ) ) ;
#4258 = SURFACE_STYLE_FILL_AREA ( #1237 ) ;
#4259 = EDGE_CURVE ( 'NONE', #1470, #1261, #1334, .T. ) ;
#4260 = VERTEX_POINT ( 'NONE', #4397 ) ;
#4261 = ORIENTED_EDGE ( 'NONE', *, *, #4125, .T. ) ;
#4262 = LINE ( 'NONE', #2266, #2976 ) ;
#4263 = CARTESIAN_POINT ( 'NONE',  ( 1.510000000000000009, -0.6300000000000000044, 0.0000000000000000000 ) ) ;
#4264 = UNCERTAINTY_MEASURE_WITH_UNIT (LENGTH_MEASURE( 1.000000000000000082E-05 ), #129, 'distance_accuracy_value', 'NONE');
#4265 = CARTESIAN_POINT ( 'NONE',  ( 1.500000000000000000, 0.0000000000000000000, 0.9499999999999999556 ) ) ;
#4266 = PLANE ( 'NONE',  #1865 ) ;
#4267 = EDGE_LOOP ( 'NONE', ( #1802, #1721, #1428, #2890 ) ) ;
#4268 = STYLED_ITEM ( 'NONE', ( #4357 ), #3868 ) ;
#4269 = LINE ( 'NONE', #2350, #3355 ) ;
#4270 = CARTESIAN_POINT ( 'NONE',  ( 0.1300000000000000044, 1.510000000000000009, 0.0000000000000000000 ) ) ;
#4271 = VERTEX_POINT ( 'NONE', #1355 ) ;
#4272 = FACE_OUTER_BOUND ( 'NONE', #2398, .T. ) ;
#4273 = LINE ( 'NONE', #790, #3224 ) ;
#4274 = VECTOR ( 'NONE', #4961, 1000.000000000000000 ) ;
#4275 = ORIENTED_EDGE ( 'NONE', *, *, #2868, .T. ) ;
#4276 = CLOSED_SHELL ( 'NONE', ( #2900, #4018, #4896, #4990, #1974, #4927, #965 ) ) ;
#4277 = ORIENTED_EDGE ( 'NONE', *, *, #1111, .F. ) ;
#4278 = LINE ( 'NONE', #2365, #663 ) ;
#4279 = SURFACE_SIDE_STYLE ('',( #2742 ) ) ;
#4280 = ADVANCED_FACE ( 'NONE', ( #1284 ), #2074, .T. ) ;
#4281 = MECHANICAL_DESIGN_GEOMETRIC_PRESENTATION_REPRESENTATION (  '', ( #787 ), #2111 ) ;
#4282 = PRESENTATION_STYLE_ASSIGNMENT (( #2745 ) ) ;
#4283 = CARTESIAN_POINT ( 'NONE',  ( 1.200000000000000178, -0.9899999999999999911, 0.9699999999999999734 ) ) ;
#4284 = COLOUR_RGB ( '',1.000000000000000000, 0.8156862745098039102, 0.02745098039215686236 ) ;
#4285 = ADVANCED_FACE ( 'NONE', ( #3734 ), #3232, .F. ) ;
#4286 = VECTOR ( 'NONE', #62, 1000.000000000000000 ) ;
#4287 = FILL_AREA_STYLE_COLOUR ( '', #1624 ) ;
#4288 = VERTEX_POINT ( 'NONE', #3314 ) ;
#4289 = STYLED_ITEM ( 'NONE', ( #4024 ), #4719 ) ;
#4290 = COLOUR_RGB ( '',1.000000000000000000, 0.8156862745098039102, 0.02745098039215686236 ) ;
#4291 =( NAMED_UNIT ( * ) PLANE_ANGLE_UNIT ( ) SI_UNIT ( $, .RADIAN. ) );
#4292 = CARTESIAN_POINT ( 'NONE',  ( -0.8699999999999999956, 0.0000000000000000000, 0.0000000000000000000 ) ) ;
#4293 = FILL_AREA_STYLE ('',( #2730 ) ) ;
#4294 = SURFACE_SIDE_STYLE ('',( #2001 ) ) ;
#4295 = ORIENTED_EDGE ( 'NONE', *, *, #3930, .T. ) ;
#4296 =( NAMED_UNIT ( * ) SI_UNIT ( $, .STERADIAN. ) SOLID_ANGLE_UNIT ( ) );
#4297 = SURFACE_SIDE_STYLE ('',( #2761 ) ) ;
#4298 =( GEOMETRIC_REPRESENTATION_CONTEXT ( 3 ) GLOBAL_UNCERTAINTY_ASSIGNED_CONTEXT ( ( #2843 ) ) GLOBAL_UNIT_ASSIGNED_CONTEXT ( ( #695, #1480, #1427 ) ) REPRESENTATION_CONTEXT ( 'NONE', 'WORKASPACE' ) );
#4299 = CARTESIAN_POINT ( 'NONE',  ( -1.219999999999999973, -0.7500000000000000000, 0.2500000000000000000 ) ) ;
#4300 = PRESENTATION_STYLE_ASSIGNMENT (( #4688 ) ) ;
#4301 = ORIENTED_EDGE ( 'NONE', *, *, #3624, .F. ) ;
#4302 = ORIENTED_EDGE ( 'NONE', *, *, #2782, .F. ) ;
#4303 = FILL_AREA_STYLE ('',( #1244 ) ) ;
#4304 = STYLED_ITEM ( 'NONE', ( #1269 ), #2127 ) ;
#4305 = PRESENTATION_STYLE_ASSIGNMENT (( #1991 ) ) ;
#4306 = FILL_AREA_STYLE ('',( #2771 ) ) ;
#4307 = DIRECTION ( 'NONE',  ( 1.000000000000000000, -0.0000000000000000000, 0.0000000000000000000 ) ) ;
#4308 = EDGE_CURVE ( 'NONE', #3940, #785, #2554, .T. ) ;
#4309 =( GEOMETRIC_REPRESENTATION_CONTEXT ( 3 ) GLOBAL_UNCERTAINTY_ASSIGNED_CONTEXT ( ( #4501 ) ) GLOBAL_UNIT_ASSIGNED_CONTEXT ( ( #42, #893, #3590 ) ) REPRESENTATION_CONTEXT ( 'NONE', 'WORKASPACE' ) );
#4310 =( GEOMETRIC_REPRESENTATION_CONTEXT ( 3 ) GLOBAL_UNCERTAINTY_ASSIGNED_CONTEXT ( ( #571 ) ) GLOBAL_UNIT_ASSIGNED_CONTEXT ( ( #1357, #124, #2866 ) ) REPRESENTATION_CONTEXT ( 'NONE', 'WORKASPACE' ) );
#4311 = VECTOR ( 'NONE', #380, 1000.000000000000000 ) ;
#4312 = DIRECTION ( 'NONE',  ( 0.0000000000000000000, 0.0000000000000000000, -1.000000000000000000 ) ) ;
#4313 = ADVANCED_FACE ( 'NONE', ( #4424 ), #2125, .T. ) ;
#4314 = CARTESIAN_POINT ( 'NONE',  ( -0.8400000000000000799, -0.8400000000000000799, 0.2500000000000000000 ) ) ;
#4315 = ORIENTED_EDGE ( 'NONE', *, *, #4482, .T. ) ;
#4316 = VECTOR ( 'NONE', #2708, 1000.000000000000000 ) ;
#4317 = AXIS2_PLACEMENT_3D ( 'NONE', #199, #675, #277 ) ;
#4318 = DIRECTION ( 'NONE',  ( -0.0000000000000000000, -0.0000000000000000000, -1.000000000000000000 ) ) ;
#4319 = LINE ( 'NONE', #2020, #3190 ) ;
#4320 = DIRECTION ( 'NONE',  ( 0.0000000000000000000, 0.0000000000000000000, 1.000000000000000000 ) ) ;
#4321 = STYLED_ITEM ( 'NONE', ( #4920 ), #2917 ) ;
#4322 = DIRECTION ( 'NONE',  ( 0.0000000000000000000, 0.0000000000000000000, 1.000000000000000000 ) ) ;
#4323 = PRESENTATION_STYLE_ASSIGNMENT (( #812 ) ) ;
#4324 = ORIENTED_EDGE ( 'NONE', *, *, #3589, .T. ) ;
#4325 = APPLICATION_PROTOCOL_DEFINITION ( 'draft international standard', 'automotive_design', 1998, #1020 ) ;
#4326 = PRESENTATION_LAYER_ASSIGNMENT (  '', '', ( #3701 ) ) ;
#4327 = LINE ( 'NONE', #2332, #4771 ) ;
#4328 = SURFACE_STYLE_USAGE ( .BOTH. , #2454 ) ;
#4329 = CARTESIAN_POINT ( 'NONE',  ( -0.6300000000000000044, 1.510000000000000009, 0.2500000000000000000 ) ) ;
#4330 = SURFACE_STYLE_USAGE ( .BOTH. , #2795 ) ;
#4331 = ORIENTED_EDGE ( 'NONE', *, *, #3811, .F. ) ;
#4332 = FACE_OUTER_BOUND ( 'NONE', #3682, .T. ) ;
#4333 = SURFACE_SIDE_STYLE ('',( #1680 ) ) ;
#4334 =( NAMED_UNIT ( * ) SI_UNIT ( $, .STERADIAN. ) SOLID_ANGLE_UNIT ( ) );
#4335 = CARTESIAN_POINT ( 'NONE',  ( -1.219999999999999973, -0.7500000000000000000, 0.2500000000000000000 ) ) ;
#4336 = CYLINDRICAL_SURFACE ( 'NONE', #475, 0.1200000000000000927 ) ;
#4337 = SURFACE_SIDE_STYLE ('',( #166 ) ) ;
#4338 = ADVANCED_FACE ( 'NONE', ( #2964 ), #1841, .F. ) ;
#4339 = FILL_AREA_STYLE ('',( #1252 ) ) ;
#4340 = CARTESIAN_POINT ( 'NONE',  ( 0.8400000000000000799, 0.8400000000000000799, 0.2500000000000000000 ) ) ;
#4341 = ORIENTED_EDGE ( 'NONE', *, *, #904, .F. ) ;
#4342 = DIRECTION ( 'NONE',  ( 0.0000000000000000000, -1.000000000000000000, 0.0000000000000000000 ) ) ;
#4343 = EDGE_CURVE ( 'NONE', #2389, #3533, #4197, .T. ) ;
#4344 = PRESENTATION_LAYER_ASSIGNMENT (  '', '', ( #2082 ) ) ;
#4345 =( NAMED_UNIT ( * ) SI_UNIT ( $, .STERADIAN. ) SOLID_ANGLE_UNIT ( ) );
#4346 =( NAMED_UNIT ( * ) PLANE_ANGLE_UNIT ( ) SI_UNIT ( $, .RADIAN. ) );
#4347 =( LENGTH_UNIT ( ) NAMED_UNIT ( * ) SI_UNIT ( .MILLI., .METRE. ) );
#4348 = ORIENTED_EDGE ( 'NONE', *, *, #1366, .T. ) ;
#4349 = LINE ( 'NONE', #414, #1703 ) ;
#4350 = SURFACE_STYLE_FILL_AREA ( #2331 ) ;
#4351 =( NAMED_UNIT ( * ) SI_UNIT ( $, .STERADIAN. ) SOLID_ANGLE_UNIT ( ) );
#4352 = FACE_OUTER_BOUND ( 'NONE', #4562, .T. ) ;
#4353 = SURFACE_STYLE_USAGE ( .BOTH. , #4741 ) ;
#4354 =( GEOMETRIC_REPRESENTATION_CONTEXT ( 3 ) GLOBAL_UNCERTAINTY_ASSIGNED_CONTEXT ( ( #3000 ) ) GLOBAL_UNIT_ASSIGNED_CONTEXT ( ( #3967, #366, #4693 ) ) REPRESENTATION_CONTEXT ( 'NONE', 'WORKASPACE' ) );
#4355 = ORIENTED_EDGE ( 'NONE', *, *, #4043, .T. ) ;
#4356 = MECHANICAL_DESIGN_GEOMETRIC_PRESENTATION_REPRESENTATION (  '', ( #2499 ), #4044 ) ;
#4357 = PRESENTATION_STYLE_ASSIGNMENT (( #2769 ) ) ;
#4358 = CARTESIAN_POINT ( 'NONE',  ( -1.099999999999999867, 0.7500000000000000000, 0.2500000000000000000 ) ) ;
#4359 = PRESENTATION_LAYER_ASSIGNMENT (  '', '', ( #2906 ) ) ;
#4360 = DIRECTION ( 'NONE',  ( 0.0000000000000000000, 0.0000000000000000000, -1.000000000000000000 ) ) ;
#4361 = DIRECTION ( 'NONE',  ( 0.0000000000000000000, 0.0000000000000000000, -1.000000000000000000 ) ) ;
#4362 = PLANE ( 'NONE',  #2764 ) ;
#4363 =( NAMED_UNIT ( * ) SI_UNIT ( $, .STERADIAN. ) SOLID_ANGLE_UNIT ( ) );
#4364 = CARTESIAN_POINT ( 'NONE',  ( -0.7500000000000000000, -1.219999999999999973, 0.0000000000000000000 ) ) ;
#4365 = STYLED_ITEM ( 'NONE', ( #613 ), #4618 ) ;
#4366 = CARTESIAN_POINT ( 'NONE',  ( 1.219999999999999973, -0.8699999999999999956, 0.0000000000000000000 ) ) ;
#4367 = LINE ( 'NONE', #4843, #111 ) ;
#4368 = FILL_AREA_STYLE ('',( #3182 ) ) ;
#4369 = ORIENTED_EDGE ( 'NONE', *, *, #2248, .T. ) ;
#4370 =( LENGTH_UNIT ( ) NAMED_UNIT ( * ) SI_UNIT ( .MILLI., .METRE. ) );
#4371 = DIRECTION ( 'NONE',  ( 0.0000000000000000000, 0.0000000000000000000, 1.000000000000000000 ) ) ;
#4372 = STYLED_ITEM ( 'NONE', ( #3572 ), #735 ) ;
#4373 = FACE_OUTER_BOUND ( 'NONE', #4105, .T. ) ;
#4374 = CARTESIAN_POINT ( 'NONE',  ( 0.6300000000000000044, 1.219999999999999973, 0.0000000000000000000 ) ) ;
#4375 = ORIENTED_EDGE ( 'NONE', *, *, #989, .T. ) ;
#4376 = EDGE_CURVE ( 'NONE', #2257, #4965, #3315, .T. ) ;
#4377 = ORIENTED_EDGE ( 'NONE', *, *, #2122, .T. ) ;
#4378 = VECTOR ( 'NONE', #2236, 1000.000000000000000 ) ;
#4379 = SURFACE_STYLE_FILL_AREA ( #2367 ) ;
#4380 = COLOUR_RGB ( '',0.7921568627450980005, 0.8196078431372548767, 0.9333333333333333481 ) ;
#4381 =( NAMED_UNIT ( * ) SI_UNIT ( $, .STERADIAN. ) SOLID_ANGLE_UNIT ( ) );
#4382 = AXIS2_PLACEMENT_3D ( 'NONE', #784, #2731, #67 ) ;
#4383 = ORIENTED_EDGE ( 'NONE', *, *, #3811, .T. ) ;
#4384 = PRESENTATION_STYLE_ASSIGNMENT (( #2467 ) ) ;
#4385 = CARTESIAN_POINT ( 'NONE',  ( 0.0000000000000000000, 1.500000000000000000, 0.9499999999999999556 ) ) ;
#4386 = DIRECTION ( 'NONE',  ( 0.0000000000000000000, 0.0000000000000000000, 1.000000000000000000 ) ) ;
#4387 = CARTESIAN_POINT ( 'NONE',  ( 0.3699999999999999400, 1.510000000000000009, 0.0000000000000000000 ) ) ;
#4388 = CIRCLE ( 'NONE', #4151, 0.1200000000000000927 ) ;
#4389 =( GEOMETRIC_REPRESENTATION_CONTEXT ( 3 ) GLOBAL_UNCERTAINTY_ASSIGNED_CONTEXT ( ( #3133 ) ) GLOBAL_UNIT_ASSIGNED_CONTEXT ( ( #3617, #1296, #3220 ) ) REPRESENTATION_CONTEXT ( 'NONE', 'WORKASPACE' ) );
#4390 = DIRECTION ( 'NONE',  ( 0.0000000000000000000, 1.000000000000000000, -0.0000000000000000000 ) ) ;
#4391 =( GEOMETRIC_REPRESENTATION_CONTEXT ( 3 ) GLOBAL_UNCERTAINTY_ASSIGNED_CONTEXT ( ( #2981 ) ) GLOBAL_UNIT_ASSIGNED_CONTEXT ( ( #3878, #657, #1828 ) ) REPRESENTATION_CONTEXT ( 'NONE', 'WORKASPACE' ) );
#4392 = STYLED_ITEM ( 'NONE', ( #3317 ), #1686 ) ;
#4393 = CARTESIAN_POINT ( 'NONE',  ( -0.7500000000000000000, 1.219999999999999973, 0.2500000000000000000 ) ) ;
#4394 = CARTESIAN_POINT ( 'NONE',  ( -1.510000000000000009, 0.3699999999999999956, 0.0000000000000000000 ) ) ;
#4395 = VERTEX_POINT ( 'NONE', #2279 ) ;
#4396 =( GEOMETRIC_REPRESENTATION_CONTEXT ( 3 ) GLOBAL_UNCERTAINTY_ASSIGNED_CONTEXT ( ( #2789 ) ) GLOBAL_UNIT_ASSIGNED_CONTEXT ( ( #4250, #1943, #4345 ) ) REPRESENTATION_CONTEXT ( 'NONE', 'WORKASPACE' ) );
#4397 = CARTESIAN_POINT ( 'NONE',  ( 0.1300000000000000044, 1.219999999999999973, 0.0000000000000000000 ) ) ;
#4398 = AXIS2_PLACEMENT_3D ( 'NONE', #3475, #3805, #3031 ) ;
#4399 = SURFACE_STYLE_FILL_AREA ( #1381 ) ;
#4400 = EDGE_CURVE ( 'NONE', #2388, #3258, #4576, .T. ) ;
#4401 = LINE ( 'NONE', #1382, #1243 ) ;
#4402 = ORIENTED_EDGE ( 'NONE', *, *, #4308, .T. ) ;
#4403 = UNCERTAINTY_MEASURE_WITH_UNIT (LENGTH_MEASURE( 1.000000000000000082E-05 ), #4370, 'distance_accuracy_value', 'NONE');
#4404 = CARTESIAN_POINT ( 'NONE',  ( -1.500000000000000000, 1.500000000000000000, 0.9499999999999999556 ) ) ;
#4405 = MECHANICAL_DESIGN_GEOMETRIC_PRESENTATION_REPRESENTATION (  '', ( #2067 ), #2234 ) ;
#4406 = UNCERTAINTY_MEASURE_WITH_UNIT (LENGTH_MEASURE( 1.000000000000000082E-05 ), #932, 'distance_accuracy_value', 'NONE');
#4407 = CARTESIAN_POINT ( 'NONE',  ( 1.219999999999999973, -0.3699999999999999956, 0.2500000000000000000 ) ) ;
#4408 = FACE_OUTER_BOUND ( 'NONE', #3732, .T. ) ;
#4409 = ADVANCED_FACE ( 'NONE', ( #2655 ), #3004, .F. ) ;
#4410 = VERTEX_POINT ( 'NONE', #1913 ) ;
#4411 = LINE ( 'NONE', #2086, #2862 ) ;
#4412 = PRESENTATION_LAYER_ASSIGNMENT (  '', '', ( #1007 ) ) ;
#4413 = SURFACE_SIDE_STYLE ('',( #1251 ) ) ;
#4414 = EDGE_CURVE ( 'NONE', #4162, #696, #1971, .T. ) ;
#4415 = DIRECTION ( 'NONE',  ( 1.000000000000000000, 0.0000000000000000000, 0.0000000000000000000 ) ) ;
#4416 = UNCERTAINTY_MEASURE_WITH_UNIT (LENGTH_MEASURE( 1.000000000000000082E-05 ), #260, 'distance_accuracy_value', 'NONE');
#4417 =( LENGTH_UNIT ( ) NAMED_UNIT ( * ) SI_UNIT ( .MILLI., .METRE. ) );
#4418 =( LENGTH_UNIT ( ) NAMED_UNIT ( * ) SI_UNIT ( .MILLI., .METRE. ) );
#4419 = SURFACE_STYLE_USAGE ( .BOTH. , #4786 ) ;
#4420 = FACE_OUTER_BOUND ( 'NONE', #2160, .T. ) ;
#4421 = CARTESIAN_POINT ( 'NONE',  ( 0.1300000000000000044, 1.510000000000000009, 0.0000000000000000000 ) ) ;
#4422 = ORIENTED_EDGE ( 'NONE', *, *, #1928, .F. ) ;
#4423 = SURFACE_SIDE_STYLE ('',( #2124 ) ) ;
#4424 = FACE_OUTER_BOUND ( 'NONE', #1925, .T. ) ;
#4425 =( LENGTH_UNIT ( ) NAMED_UNIT ( * ) SI_UNIT ( .MILLI., .METRE. ) );
#4426 = LINE ( 'NONE', #2076, #1977 ) ;
#4427 = FILL_AREA_STYLE_COLOUR ( '', #4903 ) ;
#4428 = AXIS2_PLACEMENT_3D ( 'NONE', #4046, #1804, #3722 ) ;
#4429 = VERTEX_POINT ( 'NONE', #3153 ) ;
#4430 = SURFACE_SIDE_STYLE ('',( #4487 ) ) ;
#4431 = FILL_AREA_STYLE ('',( #2486 ) ) ;
#4432 = CARTESIAN_POINT ( 'NONE',  ( 1.219999999999999973, -0.1300000000000000044, 0.0000000000000000000 ) ) ;
#4433 = EDGE_LOOP ( 'NONE', ( #162, #2025, #3353, #1954 ) ) ;
#4434 = CLOSED_SHELL ( 'NONE', ( #4594, #1783, #1659, #708, #1686, #3557 ) ) ;
#4435 = STYLED_ITEM ( 'NONE', ( #4910 ), #3949 ) ;
#4436 = ORIENTED_EDGE ( 'NONE', *, *, #3863, .F. ) ;
#4437 = CARTESIAN_POINT ( 'NONE',  ( 1.219999999999999973, 0.1300000000000000044, 0.0000000000000000000 ) ) ;
#4438 = EDGE_CURVE ( 'NONE', #1902, #1651, #780, .T. ) ;
#4439 = PRESENTATION_STYLE_ASSIGNMENT (( #2165 ) ) ;
#4440 = MECHANICAL_DESIGN_GEOMETRIC_PRESENTATION_REPRESENTATION (  '', ( #98 ), #268 ) ;
#4441 = LINE ( 'NONE', #3202, #2851 ) ;
#4442 =( NAMED_UNIT ( * ) PLANE_ANGLE_UNIT ( ) SI_UNIT ( $, .RADIAN. ) );
#4443 = EDGE_CURVE ( 'NONE', #3592, #2002, #351, .T. ) ;
#4444 = COLOUR_RGB ( '',0.9411764705882352811, 0.9411764705882352811, 0.9411764705882352811 ) ;
#4445 =( NAMED_UNIT ( * ) SI_UNIT ( $, .STERADIAN. ) SOLID_ANGLE_UNIT ( ) );
#4446 =( LENGTH_UNIT ( ) NAMED_UNIT ( * ) SI_UNIT ( .MILLI., .METRE. ) );
#4447 = COLOUR_RGB ( '',1.000000000000000000, 0.8156862745098039102, 0.02745098039215686236 ) ;
#4448 = SURFACE_STYLE_FILL_AREA ( #2859 ) ;
#4449 = CARTESIAN_POINT ( 'NONE',  ( 0.6300000000000000044, 1.510000000000000009, 0.0000000000000000000 ) ) ;
#4450 = EDGE_LOOP ( 'NONE', ( #196, #3017, #413, #3706 ) ) ;
#4451 = UNCERTAINTY_MEASURE_WITH_UNIT (LENGTH_MEASURE( 1.000000000000000082E-05 ), #2948, 'distance_accuracy_value', 'NONE');
#4452 = DIRECTION ( 'NONE',  ( 0.0000000000000000000, 0.0000000000000000000, 1.000000000000000000 ) ) ;
#4453 = FILL_AREA_STYLE ('',( #889 ) ) ;
#4454 =( NAMED_UNIT ( * ) SI_UNIT ( $, .STERADIAN. ) SOLID_ANGLE_UNIT ( ) );
#4455 = AXIS2_PLACEMENT_3D ( 'NONE', #1330, #4475, #4819 ) ;
#4456 = ORIENTED_EDGE ( 'NONE', *, *, #2498, .F. ) ;
#4457 = UNCERTAINTY_MEASURE_WITH_UNIT (LENGTH_MEASURE( 1.000000000000000082E-05 ), #3635, 'distance_accuracy_value', 'NONE');
#4458 = SURFACE_STYLE_USAGE ( .BOTH. , #4430 ) ;
#4459 = CARTESIAN_POINT ( 'NONE',  ( -1.219999999999999973, 0.6300000000000000044, 0.0000000000000000000 ) ) ;
#4460 = PRESENTATION_LAYER_ASSIGNMENT (  '', '', ( #2040 ) ) ;
#4461 = DIRECTION ( 'NONE',  ( -0.0000000000000000000, 1.000000000000000000, 0.0000000000000000000 ) ) ;
#4462 = ORIENTED_EDGE ( 'NONE', *, *, #4308, .F. ) ;
#4463 = STYLED_ITEM ( 'NONE', ( #4931 ), #965 ) ;
#4464 = VERTEX_POINT ( 'NONE', #1999 ) ;
#4465 = DIRECTION ( 'NONE',  ( 0.0000000000000000000, 0.0000000000000000000, -1.000000000000000000 ) ) ;
#4466 =( GEOMETRIC_REPRESENTATION_CONTEXT ( 3 ) GLOBAL_UNCERTAINTY_ASSIGNED_CONTEXT ( ( #4264 ) ) GLOBAL_UNIT_ASSIGNED_CONTEXT ( ( #129, #2083, #2895 ) ) REPRESENTATION_CONTEXT ( 'NONE', 'WORKASPACE' ) );
#4467 = VECTOR ( 'NONE', #3581, 1000.000000000000000 ) ;
#4468 = EDGE_CURVE ( 'NONE', #631, #2823, #3551, .T. ) ;
#4469 = SURFACE_STYLE_FILL_AREA ( #2927 ) ;
#4470 =( GEOMETRIC_REPRESENTATION_CONTEXT ( 3 ) GLOBAL_UNCERTAINTY_ASSIGNED_CONTEXT ( ( #4828 ) ) GLOBAL_UNIT_ASSIGNED_CONTEXT ( ( #2753, #1664, #778 ) ) REPRESENTATION_CONTEXT ( 'NONE', 'WORKASPACE' ) );
#4471 = CARTESIAN_POINT ( 'NONE',  ( 0.0000000000000000000, 0.0000000000000000000, 0.9499999999999999556 ) ) ;
#4472 =( NAMED_UNIT ( * ) PLANE_ANGLE_UNIT ( ) SI_UNIT ( $, .RADIAN. ) );
#4473 = VECTOR ( 'NONE', #1834, 1000.000000000000000 ) ;
#4474 = EDGE_CURVE ( 'NONE', #1463, #4162, #30, .T. ) ;
#4475 = DIRECTION ( 'NONE',  ( 0.0000000000000000000, 0.0000000000000000000, -1.000000000000000000 ) ) ;
#4476 = ORIENTED_EDGE ( 'NONE', *, *, #4166, .T. ) ;
#4477 = STYLED_ITEM ( 'NONE', ( #867 ), #2339 ) ;
#4478 = MECHANICAL_DESIGN_GEOMETRIC_PRESENTATION_REPRESENTATION (  '', ( #1650 ), #3603 ) ;
#4479 = SURFACE_STYLE_USAGE ( .BOTH. , #2910 ) ;
#4480 = DIRECTION ( 'NONE',  ( 0.0000000000000000000, -0.0000000000000000000, -1.000000000000000000 ) ) ;
#4481 = LINE ( 'NONE', #4104, #649 ) ;
#4482 = EDGE_CURVE ( 'NONE', #3166, #4429, #4690, .T. ) ;
#4483 = STYLED_ITEM ( 'NONE', ( #4530 ), #2470 ) ;
#4484 = FILL_AREA_STYLE_COLOUR ( '', #58 ) ;
#4485 = PRESENTATION_LAYER_ASSIGNMENT (  '', '', ( #59 ) ) ;
#4486 = ORIENTED_EDGE ( 'NONE', *, *, #2807, .F. ) ;
#4487 = SURFACE_STYLE_FILL_AREA ( #3691 ) ;
#4488 = VECTOR ( 'NONE', #4656, 1000.000000000000000 ) ;
#4489 = DIRECTION ( 'NONE',  ( 1.000000000000000000, 0.0000000000000000000, 0.0000000000000000000 ) ) ;
#4490 = CARTESIAN_POINT ( 'NONE',  ( -0.1300000000000000044, -1.219999999999999973, 0.0000000000000000000 ) ) ;
#4491 =( GEOMETRIC_REPRESENTATION_CONTEXT ( 3 ) GLOBAL_UNCERTAINTY_ASSIGNED_CONTEXT ( ( #2238 ) ) GLOBAL_UNIT_ASSIGNED_CONTEXT ( ( #326, #245, #5002 ) ) REPRESENTATION_CONTEXT ( 'NONE', 'WORKASPACE' ) );
#4492 = VERTEX_POINT ( 'NONE', #3527 ) ;
#4493 = VERTEX_POINT ( 'NONE', #754 ) ;
#4494 = PLANE ( 'NONE',  #4428 ) ;
#4495 =( GEOMETRIC_REPRESENTATION_CONTEXT ( 3 ) GLOBAL_UNCERTAINTY_ASSIGNED_CONTEXT ( ( #1359 ) ) GLOBAL_UNIT_ASSIGNED_CONTEXT ( ( #4565, #4614, #290 ) ) REPRESENTATION_CONTEXT ( 'NONE', 'WORKASPACE' ) );
#4496 = LINE ( 'NONE', #3432, #1864 ) ;
#4497 = FILL_AREA_STYLE ('',( #3386 ) ) ;
#4498 = EDGE_CURVE ( 'NONE', #4210, #4492, #5086, .T. ) ;
#4499 =( NAMED_UNIT ( * ) PLANE_ANGLE_UNIT ( ) SI_UNIT ( $, .RADIAN. ) );
#4500 = ORIENTED_EDGE ( 'NONE', *, *, #1998, .F. ) ;
#4501 = UNCERTAINTY_MEASURE_WITH_UNIT (LENGTH_MEASURE( 1.000000000000000082E-05 ), #42, 'distance_accuracy_value', 'NONE');
#4502 = EDGE_CURVE ( 'NONE', #3408, #4493, #1229, .T. ) ;
#4503 = DIRECTION ( 'NONE',  ( 0.0000000000000000000, -0.0000000000000000000, 1.000000000000000000 ) ) ;
#4504 = PLANE ( 'NONE',  #988 ) ;
#4505 = SURFACE_STYLE_USAGE ( .BOTH. , #4906 ) ;
#4506 = EDGE_LOOP ( 'NONE', ( #2129, #4563, #2682, #364 ) ) ;
#4507 = UNCERTAINTY_MEASURE_WITH_UNIT (LENGTH_MEASURE( 1.000000000000000082E-05 ), #1180, 'distance_accuracy_value', 'NONE');
#4508 = STYLED_ITEM ( 'NONE', ( #1283 ), #3487 ) ;
#4509 =( LENGTH_UNIT ( ) NAMED_UNIT ( * ) SI_UNIT ( .MILLI., .METRE. ) );
#4510 = ADVANCED_FACE ( 'NONE', ( #3950 ), #433, .T. ) ;
#4511 = DIRECTION ( 'NONE',  ( -0.0000000000000000000, -0.0000000000000000000, -1.000000000000000000 ) ) ;
#4512 = EDGE_LOOP ( 'NONE', ( #5038, #3962, #3857, #1903 ) ) ;
#4513 = VERTEX_POINT ( 'NONE', #2474 ) ;
#4514 = DIRECTION ( 'NONE',  ( 0.0000000000000000000, 0.0000000000000000000, -1.000000000000000000 ) ) ;
#4515 =( NAMED_UNIT ( * ) PLANE_ANGLE_UNIT ( ) SI_UNIT ( $, .RADIAN. ) );
#4516 = DIRECTION ( 'NONE',  ( 1.000000000000000000, 0.0000000000000000000, -0.0000000000000000000 ) ) ;
#4517 = SURFACE_STYLE_USAGE ( .BOTH. , #5001 ) ;
#4518 = PRESENTATION_STYLE_ASSIGNMENT (( #1089 ) ) ;
#4519 = SURFACE_STYLE_FILL_AREA ( #4921 ) ;
#4520 = LINE ( 'NONE', #3389, #538 ) ;
#4521 = CLOSED_SHELL ( 'NONE', ( #2933, #1500, #4106, #1094, #3171, #1248 ) ) ;
#4522 = PRESENTATION_LAYER_ASSIGNMENT (  '', '', ( #3310 ) ) ;
#4523 = DIRECTION ( 'NONE',  ( -0.0000000000000000000, -1.000000000000000000, -0.0000000000000000000 ) ) ;
#4524 = VERTEX_POINT ( 'NONE', #1300 ) ;
#4525 = DIRECTION ( 'NONE',  ( -0.0000000000000000000, -0.0000000000000000000, -1.000000000000000000 ) ) ;
#4526 = FILL_AREA_STYLE ('',( #673 ) ) ;
#4527 = COLOUR_RGB ( '',1.000000000000000000, 0.8156862745098039102, 0.02745098039215686236 ) ;
#4528 =( NAMED_UNIT ( * ) PLANE_ANGLE_UNIT ( ) SI_UNIT ( $, .RADIAN. ) );
#4529 = CARTESIAN_POINT ( 'NONE',  ( -1.219999999999999973, -0.8699999999999999956, 0.2500000000000000000 ) ) ;
#4530 = PRESENTATION_STYLE_ASSIGNMENT (( #1894 ) ) ;
#4531 = ADVANCED_FACE ( 'NONE', ( #1348 ), #4000, .F. ) ;
#4532 = ORIENTED_EDGE ( 'NONE', *, *, #665, .T. ) ;
#4533 = CARTESIAN_POINT ( 'NONE',  ( -0.3699999999999999956, -1.510000000000000009, 0.0000000000000000000 ) ) ;
#4534 =( NAMED_UNIT ( * ) SI_UNIT ( $, .STERADIAN. ) SOLID_ANGLE_UNIT ( ) );
#4535 = ADVANCED_FACE ( 'NONE', ( #566 ), #3677, .F. ) ;
#4536 = EDGE_LOOP ( 'NONE', ( #99, #607, #980, #743 ) ) ;
#4537 = EDGE_LOOP ( 'NONE', ( #1862, #5032, #3556, #4689 ) ) ;
#4538 = AXIS2_PLACEMENT_3D ( 'NONE', #9, #419, #496 ) ;
#4539 = VECTOR ( 'NONE', #1549, 1000.000000000000000 ) ;
#4540 = SURFACE_SIDE_STYLE ('',( #1927 ) ) ;
#4541 = DIRECTION ( 'NONE',  ( 0.0000000000000000000, 1.000000000000000000, 0.0000000000000000000 ) ) ;
#4542 =( GEOMETRIC_REPRESENTATION_CONTEXT ( 3 ) GLOBAL_UNCERTAINTY_ASSIGNED_CONTEXT ( ( #797 ) ) GLOBAL_UNIT_ASSIGNED_CONTEXT ( ( #2342, #1798, #5043 ) ) REPRESENTATION_CONTEXT ( 'NONE', 'WORKASPACE' ) );
#4543 = EDGE_CURVE ( 'NONE', #2941, #2002, #458, .T. ) ;
#4544 = PRESENTATION_STYLE_ASSIGNMENT (( #1857 ) ) ;
#4545 = SURFACE_STYLE_FILL_AREA ( #4497 ) ;
#4546 = PRESENTATION_LAYER_ASSIGNMENT (  '', '', ( #3423 ) ) ;
#4547 = SURFACE_STYLE_FILL_AREA ( #4973 ) ;
#4548 = VECTOR ( 'NONE', #3731, 1000.000000000000000 ) ;
#4549 = SURFACE_STYLE_USAGE ( .BOTH. , #615 ) ;
#4550 = VERTEX_POINT ( 'NONE', #537 ) ;
#4551 = MECHANICAL_DESIGN_GEOMETRIC_PRESENTATION_REPRESENTATION (  '', ( #4304 ), #561 ) ;
#4552 =( LENGTH_UNIT ( ) NAMED_UNIT ( * ) SI_UNIT ( .MILLI., .METRE. ) );
#4553 = PRESENTATION_LAYER_ASSIGNMENT (  '', '', ( #1722 ) ) ;
#4554 = PRESENTATION_STYLE_ASSIGNMENT (( #4226 ) ) ;
#4555 = CARTESIAN_POINT ( 'NONE',  ( -1.510000000000000009, -0.8699999999999999956, 0.2500000000000000000 ) ) ;
#4556 = EDGE_LOOP ( 'NONE', ( #820, #4182, #3139, #2382, #3904 ) ) ;
#4557 = AXIS2_PLACEMENT_3D ( 'NONE', #4143, #267, #1033 ) ;
#4558 = UNCERTAINTY_MEASURE_WITH_UNIT (LENGTH_MEASURE( 1.000000000000000082E-05 ), #3430, 'distance_accuracy_value', 'NONE');
#4559 =( NAMED_UNIT ( * ) PLANE_ANGLE_UNIT ( ) SI_UNIT ( $, .RADIAN. ) );
#4560 = PLANE ( 'NONE',  #1772 ) ;
#4561 = FACE_OUTER_BOUND ( 'NONE', #1763, .T. ) ;
#4562 = EDGE_LOOP ( 'NONE', ( #2273, #1538, #4711, #4275, #4436 ) ) ;
#4563 = ORIENTED_EDGE ( 'NONE', *, *, #2651, .F. ) ;
#4564 = COLOUR_RGB ( '',1.000000000000000000, 0.8156862745098039102, 0.02745098039215686236 ) ;
#4565 =( LENGTH_UNIT ( ) NAMED_UNIT ( * ) SI_UNIT ( .MILLI., .METRE. ) );
#4566 = EDGE_CURVE ( 'NONE', #952, #1846, #83, .T. ) ;
#4567 = MECHANICAL_DESIGN_GEOMETRIC_PRESENTATION_REPRESENTATION (  '', ( #153 ), #2148 ) ;
#4568 = CARTESIAN_POINT ( 'NONE',  ( 0.1300000000000000044, 0.0000000000000000000, 0.0000000000000000000 ) ) ;
#4569 = AXIS2_PLACEMENT_3D ( 'NONE', #3382, #1131, #1471 ) ;
#4570 = EDGE_CURVE ( 'NONE', #3277, #895, #4815, .T. ) ;
#4571 = DIRECTION ( 'NONE',  ( -1.000000000000000000, 0.0000000000000000000, -0.0000000000000000000 ) ) ;
#4572 = AXIS2_PLACEMENT_3D ( 'NONE', #580, #2871, #2162 ) ;
#4573 = PRESENTATION_STYLE_ASSIGNMENT (( #1813 ) ) ;
#4574 = DIRECTION ( 'NONE',  ( 0.0000000000000000000, 1.000000000000000000, -0.0000000000000000000 ) ) ;
#4575 = ORIENTED_EDGE ( 'NONE', *, *, #2061, .F. ) ;
#4576 = LINE ( 'NONE', #2203, #1290 ) ;
#4577 = DIRECTION ( 'NONE',  ( 1.000000000000000000, 0.0000000000000000000, -0.0000000000000000000 ) ) ;
#4578 = CARTESIAN_POINT ( 'NONE',  ( 1.219999999999999973, 0.6300000000000000044, 0.2500000000000000000 ) ) ;
#4579 = VERTEX_POINT ( 'NONE', #1688 ) ;
#4580 = CARTESIAN_POINT ( 'NONE',  ( 0.0000000000000000000, -1.510000000000000009, 0.0000000000000000000 ) ) ;
#4581 = SURFACE_STYLE_USAGE ( .BOTH. , #3810 ) ;
#4582 = DIRECTION ( 'NONE',  ( -0.7071067811865474617, -0.7071067811865474617, 0.0000000000000000000 ) ) ;
#4583 =( LENGTH_UNIT ( ) NAMED_UNIT ( * ) SI_UNIT ( .MILLI., .METRE. ) );
#4584 = LINE ( 'NONE', #2290, #1065 ) ;
#4585 = EDGE_LOOP ( 'NONE', ( #2808, #2646, #5005, #287 ) ) ;
#4586 = ORIENTED_EDGE ( 'NONE', *, *, #3521, .T. ) ;
#4587 = LINE ( 'NONE', #240, #1250 ) ;
#4588 = VECTOR ( 'NONE', #2469, 1000.000000000000000 ) ;
#4589 = DIRECTION ( 'NONE',  ( 0.0000000000000000000, 0.0000000000000000000, -1.000000000000000000 ) ) ;
#4590 = EDGE_CURVE ( 'NONE', #3207, #952, #1711, .T. ) ;
#4591 = FILL_AREA_STYLE_COLOUR ( '', #1575 ) ;
#4592 = MANIFOLD_SOLID_BREP ( 'Imported4', #1695 ) ;
#4593 = SURFACE_STYLE_USAGE ( .BOTH. , #4218 ) ;
#4594 = ADVANCED_FACE ( 'NONE', ( #2567 ), #3779, .T. ) ;
#4595 = LINE ( 'NONE', #5025, #4715 ) ;
#4596 = VERTEX_POINT ( 'NONE', #2625 ) ;
#4597 = UNCERTAINTY_MEASURE_WITH_UNIT (LENGTH_MEASURE( 1.000000000000000082E-05 ), #2847, 'distance_accuracy_value', 'NONE');
#4598 = FILL_AREA_STYLE_COLOUR ( '', #1349 ) ;
#4599 = LINE ( 'NONE', #1145, #4316 ) ;
#4600 = MECHANICAL_DESIGN_GEOMETRIC_PRESENTATION_REPRESENTATION (  '', ( #3310 ), #95 ) ;
#4601 = FILL_AREA_STYLE_COLOUR ( '', #3607 ) ;
#4602 =( NAMED_UNIT ( * ) SI_UNIT ( $, .STERADIAN. ) SOLID_ANGLE_UNIT ( ) );
#4603 = EDGE_LOOP ( 'NONE', ( #4149, #753, #3, #357 ) ) ;
#4604 = DIRECTION ( 'NONE',  ( 0.0000000000000000000, 0.0000000000000000000, -1.000000000000000000 ) ) ;
#4605 = CLOSED_SHELL ( 'NONE', ( #4191, #376, #2066, #2492, #4409, #2470, #2011 ) ) ;
#4606 = FILL_AREA_STYLE_COLOUR ( '', #1667 ) ;
#4607 = AXIS2_PLACEMENT_3D ( 'NONE', #1255, #3977, #3474 ) ;
#4608 = PRESENTATION_STYLE_ASSIGNMENT (( #3663 ) ) ;
#4609 = DIRECTION ( 'NONE',  ( -0.0000000000000000000, -0.0000000000000000000, -1.000000000000000000 ) ) ;
#4610 =( NAMED_UNIT ( * ) PLANE_ANGLE_UNIT ( ) SI_UNIT ( $, .RADIAN. ) );
#4611 = CLOSED_SHELL ( 'NONE', ( #2380, #369, #4510, #3868, #3924, #2432 ) ) ;
#4612 = ORIENTED_EDGE ( 'NONE', *, *, #598, .T. ) ;
#4613 = EDGE_LOOP ( 'NONE', ( #1517, #1671, #3865, #261 ) ) ;
#4614 =( NAMED_UNIT ( * ) PLANE_ANGLE_UNIT ( ) SI_UNIT ( $, .RADIAN. ) );
#4615 =( LENGTH_UNIT ( ) NAMED_UNIT ( * ) SI_UNIT ( .MILLI., .METRE. ) );
#4616 =( NAMED_UNIT ( * ) SI_UNIT ( $, .STERADIAN. ) SOLID_ANGLE_UNIT ( ) );
#4617 = DIRECTION ( 'NONE',  ( -0.0000000000000000000, -0.0000000000000000000, -1.000000000000000000 ) ) ;
#4618 = ADVANCED_FACE ( 'NONE', ( #1784 ), #2169, .T. ) ;
#4619 =( NAMED_UNIT ( * ) PLANE_ANGLE_UNIT ( ) SI_UNIT ( $, .RADIAN. ) );
#4620 = FILL_AREA_STYLE_COLOUR ( '', #4152 ) ;
#4621 = ORIENTED_EDGE ( 'NONE', *, *, #1152, .F. ) ;
#4622 = AXIS2_PLACEMENT_3D ( 'NONE', #1311, #2482, #4503 ) ;
#4623 = AXIS2_PLACEMENT_3D ( 'NONE', #4175, #2256, #334 ) ;
#4624 =( LENGTH_UNIT ( ) NAMED_UNIT ( * ) SI_UNIT ( .MILLI., .METRE. ) );
#4625 = DIRECTION ( 'NONE',  ( -0.0000000000000000000, 0.0000000000000000000, -1.000000000000000000 ) ) ;
#4626 = EDGE_CURVE ( 'NONE', #1651, #2721, #3176, .T. ) ;
#4627 = CARTESIAN_POINT ( 'NONE',  ( 0.8400000000000000799, -0.5900000000000000799, 0.2500000000000000000 ) ) ;
#4628 = AXIS2_PLACEMENT_3D ( 'NONE', #4660, #463, #4006 ) ;
#4629 = FILL_AREA_STYLE ('',( #2000 ) ) ;
#4630 = DIRECTION ( 'NONE',  ( 0.0000000000000000000, 0.0000000000000000000, -1.000000000000000000 ) ) ;
#4631 = FACE_OUTER_BOUND ( 'NONE', #365, .T. ) ;
#4632 = ORIENTED_EDGE ( 'NONE', *, *, #3364, .T. ) ;
#4633 = FILL_AREA_STYLE ('',( #1590 ) ) ;
#4634 = STYLED_ITEM ( 'NONE', ( #4652 ), #1248 ) ;
#4635 = CARTESIAN_POINT ( 'NONE',  ( -1.510000000000000009, 0.0000000000000000000, 0.0000000000000000000 ) ) ;
#4636 = DIRECTION ( 'NONE',  ( -0.7071067811865475727, 0.7071067811865475727, 0.0000000000000000000 ) ) ;
#4637 = ADVANCED_FACE ( 'NONE', ( #5079 ), #1579, .F. ) ;
#4638 = CARTESIAN_POINT ( 'NONE',  ( 0.0000000000000000000, 0.0000000000000000000, 0.0000000000000000000 ) ) ;
#4639 =( NAMED_UNIT ( * ) SI_UNIT ( $, .STERADIAN. ) SOLID_ANGLE_UNIT ( ) );
#4640 =( GEOMETRIC_REPRESENTATION_CONTEXT ( 3 ) GLOBAL_UNCERTAINTY_ASSIGNED_CONTEXT ( ( #1826 ) ) GLOBAL_UNIT_ASSIGNED_CONTEXT ( ( #4725, #1603, #3146 ) ) REPRESENTATION_CONTEXT ( 'NONE', 'WORKASPACE' ) );
#4641 = ORIENTED_EDGE ( 'NONE', *, *, #3268, .F. ) ;
#4642 = ORIENTED_EDGE ( 'NONE', *, *, #2090, .F. ) ;
#4643 = DIRECTION ( 'NONE',  ( 0.0000000000000000000, 1.000000000000000000, -0.0000000000000000000 ) ) ;
#4644 = DIRECTION ( 'NONE',  ( 0.0000000000000000000, -1.000000000000000000, 0.0000000000000000000 ) ) ;
#4645 = MECHANICAL_DESIGN_GEOMETRIC_PRESENTATION_REPRESENTATION (  '', ( #4726 ), #223 ) ;
#4646 = MECHANICAL_DESIGN_GEOMETRIC_PRESENTATION_REPRESENTATION (  '', ( #4988 ), #4159 ) ;
#4647 = FILL_AREA_STYLE ('',( #2726 ) ) ;
#4648 = VECTOR ( 'NONE', #4866, 1000.000000000000000 ) ;
#4649 = SURFACE_STYLE_USAGE ( .BOTH. , #2673 ) ;
#4650 = MANIFOLD_SOLID_BREP ( 'Imported16', #3880 ) ;
#4651 = CARTESIAN_POINT ( 'NONE',  ( -0.1300000000000000044, -1.219999999999999973, 0.2500000000000000000 ) ) ;
#4652 = PRESENTATION_STYLE_ASSIGNMENT (( #1996 ) ) ;
#4653 = PRESENTATION_LAYER_ASSIGNMENT (  '', '', ( #153 ) ) ;
#4654 = ORIENTED_EDGE ( 'NONE', *, *, #4732, .F. ) ;
#4655 = PLANE ( 'NONE',  #1757 ) ;
#4656 = DIRECTION ( 'NONE',  ( -0.0000000000000000000, -0.0000000000000000000, -1.000000000000000000 ) ) ;
#4657 = COLOUR_RGB ( '',1.000000000000000000, 0.8156862745098039102, 0.02745098039215686236 ) ;
#4658 =( LENGTH_UNIT ( ) NAMED_UNIT ( * ) SI_UNIT ( .MILLI., .METRE. ) );
#4659 = CARTESIAN_POINT ( 'NONE',  ( -1.219999999999999973, 0.1300000000000000044, 0.0000000000000000000 ) ) ;
#4660 = CARTESIAN_POINT ( 'NONE',  ( 0.2500000000000000000, -1.219999999999999973, 0.2500000000000000000 ) ) ;
#4661 = ORIENTED_EDGE ( 'NONE', *, *, #3051, .F. ) ;
#4662 = EDGE_CURVE ( 'NONE', #3512, #2896, #1947, .T. ) ;
#4663 = SURFACE_STYLE_USAGE ( .BOTH. , #1150 ) ;
#4664 = UNCERTAINTY_MEASURE_WITH_UNIT (LENGTH_MEASURE( 1.000000000000000082E-05 ), #3264, 'distance_accuracy_value', 'NONE');
#4665 =( NAMED_UNIT ( * ) SI_UNIT ( $, .STERADIAN. ) SOLID_ANGLE_UNIT ( ) );
#4666 = DIRECTION ( 'NONE',  ( -1.000000000000000000, 0.0000000000000000000, 0.0000000000000000000 ) ) ;
#4667 = VERTEX_POINT ( 'NONE', #803 ) ;
#4668 = EDGE_LOOP ( 'NONE', ( #954, #1390, #2163, #299 ) ) ;
#4669 = UNCERTAINTY_MEASURE_WITH_UNIT (LENGTH_MEASURE( 1.000000000000000082E-05 ), #213, 'distance_accuracy_value', 'NONE');
#4670 = FACE_OUTER_BOUND ( 'NONE', #559, .T. ) ;
#4671 = FILL_AREA_STYLE_COLOUR ( '', #4195 ) ;
#4672 = AXIS2_PLACEMENT_3D ( 'NONE', #2982, #4525, #594 ) ;
#4673 = DIRECTION ( 'NONE',  ( -0.0000000000000000000, -1.000000000000000000, -0.0000000000000000000 ) ) ;
#4674 = CARTESIAN_POINT ( 'NONE',  ( 1.219999999999999973, -0.6300000000000000044, 0.0000000000000000000 ) ) ;
#4675 = CARTESIAN_POINT ( 'NONE',  ( 1.219999999999999973, 0.8699999999999999956, 0.2500000000000000000 ) ) ;
#4676 = VERTEX_POINT ( 'NONE', #3573 ) ;
#4677 = AXIS2_PLACEMENT_3D ( 'NONE', #5104, #4720, #2800 ) ;
#4678 = CARTESIAN_POINT ( 'NONE',  ( -1.510000000000000009, -0.8699999999999999956, 0.0000000000000000000 ) ) ;
#4679 = CARTESIAN_POINT ( 'NONE',  ( -1.219999999999999973, -0.7500000000000000000, 0.0000000000000000000 ) ) ;
#4680 =( LENGTH_UNIT ( ) NAMED_UNIT ( * ) SI_UNIT ( .MILLI., .METRE. ) );
#4681 = EDGE_LOOP ( 'NONE', ( #5013, #1227, #4209, #3698 ) ) ;
#4682 =( NAMED_UNIT ( * ) SI_UNIT ( $, .STERADIAN. ) SOLID_ANGLE_UNIT ( ) );
#4683 =( NAMED_UNIT ( * ) PLANE_ANGLE_UNIT ( ) SI_UNIT ( $, .RADIAN. ) );
#4684 =( NAMED_UNIT ( * ) PLANE_ANGLE_UNIT ( ) SI_UNIT ( $, .RADIAN. ) );
#4685 = AXIS2_PLACEMENT_3D ( 'NONE', #5096, #761, #1951 ) ;
#4686 = DIRECTION ( 'NONE',  ( 1.000000000000000000, 0.0000000000000000000, 0.0000000000000000000 ) ) ;
#4687 = EDGE_CURVE ( 'NONE', #4134, #3027, #344, .T. ) ;
#4688 = SURFACE_STYLE_USAGE ( .BOTH. , #5099 ) ;
#4689 = ORIENTED_EDGE ( 'NONE', *, *, #322, .F. ) ;
#4690 = CIRCLE ( 'NONE', #4607, 0.1200000000000000927 ) ;
#4691 = APPLICATION_CONTEXT ( 'automotive_design' ) ;
#4692 =( LENGTH_UNIT ( ) NAMED_UNIT ( * ) SI_UNIT ( .MILLI., .METRE. ) );
#4693 =( NAMED_UNIT ( * ) SI_UNIT ( $, .STERADIAN. ) SOLID_ANGLE_UNIT ( ) );
#4694 = PRESENTATION_LAYER_ASSIGNMENT (  '', '', ( #4052 ) ) ;
#4695 = EDGE_CURVE ( 'NONE', #3374, #2388, #4214, .T. ) ;
#4696 = DIRECTION ( 'NONE',  ( 1.000000000000000000, 0.0000000000000000000, 0.0000000000000000000 ) ) ;
#4697 = LINE ( 'NONE', #2725, #3084 ) ;
#4698 = FILL_AREA_STYLE ('',( #2727 ) ) ;
#4699 = EDGE_CURVE ( 'NONE', #3258, #3582, #4962, .T. ) ;
#4700 = PRESENTATION_LAYER_ASSIGNMENT (  '', '', ( #23 ) ) ;
#4701 =( NAMED_UNIT ( * ) SI_UNIT ( $, .STERADIAN. ) SOLID_ANGLE_UNIT ( ) );
#4702 = SURFACE_STYLE_USAGE ( .BOTH. , #1551 ) ;
#4703 = ORIENTED_EDGE ( 'NONE', *, *, #4498, .F. ) ;
#4704 = COLOUR_RGB ( '',1.000000000000000000, 0.8156862745098039102, 0.02745098039215686236 ) ;
#4705 =( GEOMETRIC_REPRESENTATION_CONTEXT ( 3 ) GLOBAL_UNCERTAINTY_ASSIGNED_CONTEXT ( ( #3240 ) ) GLOBAL_UNIT_ASSIGNED_CONTEXT ( ( #4186, #4142, #3748 ) ) REPRESENTATION_CONTEXT ( 'NONE', 'WORKASPACE' ) );
#4706 = DIRECTION ( 'NONE',  ( 0.0000000000000000000, 1.000000000000000000, 0.0000000000000000000 ) ) ;
#4707 =( GEOMETRIC_REPRESENTATION_CONTEXT ( 3 ) GLOBAL_UNCERTAINTY_ASSIGNED_CONTEXT ( ( #2394 ) ) GLOBAL_UNIT_ASSIGNED_CONTEXT ( ( #2846, #2826, #1626 ) ) REPRESENTATION_CONTEXT ( 'NONE', 'WORKASPACE' ) );
#4708 = LINE ( 'NONE', #3979, #235 ) ;
#4709 = PRESENTATION_LAYER_ASSIGNMENT (  '', '', ( #2288 ) ) ;
#4710 = FACE_OUTER_BOUND ( 'NONE', #3513, .T. ) ;
#4711 = ORIENTED_EDGE ( 'NONE', *, *, #253, .T. ) ;
#4712 =( NAMED_UNIT ( * ) PLANE_ANGLE_UNIT ( ) SI_UNIT ( $, .RADIAN. ) );
#4713 = DIRECTION ( 'NONE',  ( 1.000000000000000000, 0.0000000000000000000, 0.0000000000000000000 ) ) ;
#4714 = VECTOR ( 'NONE', #3666, 1000.000000000000000 ) ;
#4715 = VECTOR ( 'NONE', #4574, 1000.000000000000000 ) ;
#4716 =( NAMED_UNIT ( * ) PLANE_ANGLE_UNIT ( ) SI_UNIT ( $, .RADIAN. ) );
#4717 = VERTEX_POINT ( 'NONE', #774 ) ;
#4718 = ORIENTED_EDGE ( 'NONE', *, *, #1752, .T. ) ;
#4719 = ADVANCED_FACE ( 'NONE', ( #2343 ), #57, .F. ) ;
#4720 = DIRECTION ( 'NONE',  ( -0.0000000000000000000, -0.0000000000000000000, -1.000000000000000000 ) ) ;
#4721 = MECHANICAL_DESIGN_GEOMETRIC_PRESENTATION_REPRESENTATION (  '', ( #1316 ), #562 ) ;
#4722 = CARTESIAN_POINT ( 'NONE',  ( -0.7500000000000000000, -1.219999999999999973, 0.2500000000000000000 ) ) ;
#4723 = CARTESIAN_POINT ( 'NONE',  ( -0.1300000000000000044, 1.510000000000000009, 0.0000000000000000000 ) ) ;
#4724 = FILL_AREA_STYLE_COLOUR ( '', #3747 ) ;
#4725 =( LENGTH_UNIT ( ) NAMED_UNIT ( * ) SI_UNIT ( .MILLI., .METRE. ) );
#4726 = STYLED_ITEM ( 'NONE', ( #866 ), #1659 ) ;
#4727 = ADVANCED_FACE ( 'NONE', ( #2088 ), #3302, .F. ) ;
#4728 = SURFACE_STYLE_FILL_AREA ( #2700 ) ;
#4729 = PRESENTATION_LAYER_ASSIGNMENT (  '', '', ( #1075 ) ) ;
#4730 = DIRECTION ( 'NONE',  ( 0.0000000000000000000, 0.0000000000000000000, 1.000000000000000000 ) ) ;
#4731 = ORIENTED_EDGE ( 'NONE', *, *, #1025, .T. ) ;
#4732 = EDGE_CURVE ( 'NONE', #179, #1754, #1048, .T. ) ;
#4733 =( GEOMETRIC_REPRESENTATION_CONTEXT ( 3 ) GLOBAL_UNCERTAINTY_ASSIGNED_CONTEXT ( ( #3077 ) ) GLOBAL_UNIT_ASSIGNED_CONTEXT ( ( #781, #2810, #459 ) ) REPRESENTATION_CONTEXT ( 'NONE', 'WORKASPACE' ) );
#4734 = SURFACE_STYLE_FILL_AREA ( #1611 ) ;
#4735 = SURFACE_STYLE_FILL_AREA ( #834 ) ;
#4736 = VERTEX_POINT ( 'NONE', #4387 ) ;
#4737 = FILL_AREA_STYLE ('',( #1592 ) ) ;
#4738 = VECTOR ( 'NONE', #3293, 1000.000000000000000 ) ;
#4739 =( NAMED_UNIT ( * ) SI_UNIT ( $, .STERADIAN. ) SOLID_ANGLE_UNIT ( ) );
#4740 = DIRECTION ( 'NONE',  ( 1.000000000000000000, 0.0000000000000000000, 0.0000000000000000000 ) ) ;
#4741 = SURFACE_SIDE_STYLE ('',( #2819 ) ) ;
#4742 = PRESENTATION_LAYER_ASSIGNMENT (  '', '', ( #2157 ) ) ;
#4743 = VERTEX_POINT ( 'NONE', #910 ) ;
#4744 = ORIENTED_EDGE ( 'NONE', *, *, #4590, .T. ) ;
#4745 = CARTESIAN_POINT ( 'NONE',  ( 0.1300000000000000044, 1.219999999999999973, 0.0000000000000000000 ) ) ;
#4746 = SURFACE_STYLE_FILL_AREA ( #3969 ) ;
#4747 = PLANE ( 'NONE',  #2220 ) ;
#4748 =( NAMED_UNIT ( * ) SI_UNIT ( $, .STERADIAN. ) SOLID_ANGLE_UNIT ( ) );
#4749 = ADVANCED_FACE ( 'NONE', ( #2118 ), #105, .F. ) ;
#4750 = SURFACE_STYLE_USAGE ( .BOTH. , #1347 ) ;
#4751 =( NAMED_UNIT ( * ) PLANE_ANGLE_UNIT ( ) SI_UNIT ( $, .RADIAN. ) );
#4752 =( NAMED_UNIT ( * ) PLANE_ANGLE_UNIT ( ) SI_UNIT ( $, .RADIAN. ) );
#4753 = AXIS2_PLACEMENT_3D ( 'NONE', #2232, #3393, #249 ) ;
#4754 = DIRECTION ( 'NONE',  ( -0.0000000000000000000, -0.0000000000000000000, -1.000000000000000000 ) ) ;
#4755 = CARTESIAN_POINT ( 'NONE',  ( 1.510000000000000009, 0.3699999999999999400, 0.0000000000000000000 ) ) ;
#4756 = EDGE_CURVE ( 'NONE', #1769, #3131, #1874, .T. ) ;
#4757 = SURFACE_STYLE_FILL_AREA ( #2860 ) ;
#4758 = ORIENTED_EDGE ( 'NONE', *, *, #156, .T. ) ;
#4759 = SURFACE_STYLE_USAGE ( .BOTH. , #2909 ) ;
#4760 = PRESENTATION_STYLE_ASSIGNMENT (( #72 ) ) ;
#4761 = SURFACE_STYLE_FILL_AREA ( #2105 ) ;
#4762 = CIRCLE ( 'NONE', #3136, 0.1200000000000000927 ) ;
#4763 =( LENGTH_UNIT ( ) NAMED_UNIT ( * ) SI_UNIT ( .MILLI., .METRE. ) );
#4764 = ORIENTED_EDGE ( 'NONE', *, *, #82, .T. ) ;
#4765 = VERTEX_POINT ( 'NONE', #5036 ) ;
#4766 = UNCERTAINTY_MEASURE_WITH_UNIT (LENGTH_MEASURE( 1.000000000000000082E-05 ), #5003, 'distance_accuracy_value', 'NONE');
#4767 = FACE_OUTER_BOUND ( 'NONE', #2562, .T. ) ;
#4768 = PRODUCT ( '16VQFN3x3', '16VQFN3x3', '', ( #888 ) ) ;
#4769 = CARTESIAN_POINT ( 'NONE',  ( -0.8400000000000000799, -0.8400000000000000799, 0.0000000000000000000 ) ) ;
#4770 = SURFACE_SIDE_STYLE ('',( #848 ) ) ;
#4771 = VECTOR ( 'NONE', #1211, 1000.000000000000000 ) ;
#4772 = DIRECTION ( 'NONE',  ( 0.0000000000000000000, 1.000000000000000000, 0.0000000000000000000 ) ) ;
#4773 = DIRECTION ( 'NONE',  ( -1.000000000000000000, -0.0000000000000000000, 0.0000000000000000000 ) ) ;
#4774 = PRODUCT_DEFINITION_CONTEXT ( 'detailed design', #2588, 'design' ) ;
#4775 = AXIS2_PLACEMENT_3D ( 'NONE', #281, #2258, #1490 ) ;
#4776 = CARTESIAN_POINT ( 'NONE',  ( 1.219999999999999973, -0.7500000000000000000, 0.0000000000000000000 ) ) ;
#4777 =( NAMED_UNIT ( * ) SI_UNIT ( $, .STERADIAN. ) SOLID_ANGLE_UNIT ( ) );
#4778 = AXIS2_PLACEMENT_3D ( 'NONE', #1615, #3112, #3934 ) ;
#4779 = SURFACE_SIDE_STYLE ('',( #4469 ) ) ;
#4780 = UNCERTAINTY_MEASURE_WITH_UNIT (LENGTH_MEASURE( 1.000000000000000082E-05 ), #3335, 'distance_accuracy_value', 'NONE');
#4781 = EDGE_CURVE ( 'NONE', #677, #4965, #2333, .T. ) ;
#4782 = DIRECTION ( 'NONE',  ( -1.000000000000000000, 0.0000000000000000000, 0.0000000000000000000 ) ) ;
#4783 = VECTOR ( 'NONE', #22, 1000.000000000000000 ) ;
#4784 = COLOUR_RGB ( '',1.000000000000000000, 0.8156862745098039102, 0.02745098039215686236 ) ;
#4785 = SURFACE_SIDE_STYLE ('',( #1786 ) ) ;
#4786 = SURFACE_SIDE_STYLE ('',( #3228 ) ) ;
#4787 =( NAMED_UNIT ( * ) SI_UNIT ( $, .STERADIAN. ) SOLID_ANGLE_UNIT ( ) );
#4788 =( LENGTH_UNIT ( ) NAMED_UNIT ( * ) SI_UNIT ( .MILLI., .METRE. ) );
#4789 = ORIENTED_EDGE ( 'NONE', *, *, #609, .F. ) ;
#4790 = COLOUR_RGB ( '',1.000000000000000000, 0.8156862745098039102, 0.02745098039215686236 ) ;
#4791 = CARTESIAN_POINT ( 'NONE',  ( -1.500000000000000000, 1.500000000000000000, 0.05000000000000001665 ) ) ;
#4792 = SHAPE_REPRESENTATION_RELATIONSHIP ( 'NONE' , 'NONE' ,  #1335, #225 ) ;
#4793 = ADVANCED_FACE ( 'NONE', ( #2664 ), #1922, .T. ) ;
#4794 = STYLED_ITEM ( 'NONE', ( #2413 ), #5028 ) ;
#4795 = VECTOR ( 'NONE', #2565, 1000.000000000000000 ) ;
#4796 = CARTESIAN_POINT ( 'NONE',  ( -1.219999999999999973, 0.2500000000000000000, 0.0000000000000000000 ) ) ;
#4797 = CARTESIAN_POINT ( 'NONE',  ( 1.070000000000000062, -0.9899999999999999911, 0.9699999999999999734 ) ) ;
#4798 = ORIENTED_EDGE ( 'NONE', *, *, #4166, .F. ) ;
#4799 = DIRECTION ( 'NONE',  ( 0.0000000000000000000, 1.000000000000000000, 0.0000000000000000000 ) ) ;
#4800 = PRESENTATION_STYLE_ASSIGNMENT (( #502 ) ) ;
#4801 = EDGE_CURVE ( 'NONE', #186, #221, #1394, .T. ) ;
#4802 = CARTESIAN_POINT ( 'NONE',  ( -1.510000000000000009, 0.0000000000000000000, 0.0000000000000000000 ) ) ;
#4803 = FILL_AREA_STYLE ('',( #3242 ) ) ;
#4804 = MECHANICAL_DESIGN_GEOMETRIC_PRESENTATION_REPRESENTATION (  '', ( #974 ), #1310 ) ;
#4805 = ORIENTED_EDGE ( 'NONE', *, *, #3957, .F. ) ;
#4806 =( NAMED_UNIT ( * ) PLANE_ANGLE_UNIT ( ) SI_UNIT ( $, .RADIAN. ) );
#4807 = CARTESIAN_POINT ( 'NONE',  ( -0.8400000000000000799, 0.8400000000000000799, 0.2500000000000000000 ) ) ;
#4808 =( GEOMETRIC_REPRESENTATION_CONTEXT ( 3 ) GLOBAL_UNCERTAINTY_ASSIGNED_CONTEXT ( ( #5093 ) ) GLOBAL_UNIT_ASSIGNED_CONTEXT ( ( #4053, #3283, #2904 ) ) REPRESENTATION_CONTEXT ( 'NONE', 'WORKASPACE' ) );
#4809 = MECHANICAL_DESIGN_GEOMETRIC_PRESENTATION_REPRESENTATION (  '', ( #4634 ), #1640 ) ;
#4810 = FILL_AREA_STYLE ('',( #3249 ) ) ;
#4811 = VECTOR ( 'NONE', #4881, 1000.000000000000000 ) ;
#4812 = CARTESIAN_POINT ( 'NONE',  ( 1.510000000000000009, -0.6300000000000000044, 0.2500000000000000000 ) ) ;
#4813 = STYLED_ITEM ( 'NONE', ( #2566 ), #1371 ) ;
#4814 = AXIS2_PLACEMENT_3D ( 'NONE', #4085, #4904, #177 ) ;
#4815 = LINE ( 'NONE', #168, #2437 ) ;
#4816 = VECTOR ( 'NONE', #164, 1000.000000000000000 ) ;
#4817 = DIRECTION ( 'NONE',  ( 1.000000000000000000, 0.0000000000000000000, 0.0000000000000000000 ) ) ;
#4818 = FILL_AREA_STYLE_COLOUR ( '', #3609 ) ;
#4819 = DIRECTION ( 'NONE',  ( -1.000000000000000000, 0.0000000000000000000, -0.0000000000000000000 ) ) ;
#4820 =( NAMED_UNIT ( * ) PLANE_ANGLE_UNIT ( ) SI_UNIT ( $, .RADIAN. ) );
#4821 = ORIENTED_EDGE ( 'NONE', *, *, #4888, .F. ) ;
#4822 = COLOUR_RGB ( '',1.000000000000000000, 0.8156862745098039102, 0.02745098039215686236 ) ;
#4823 = FILL_AREA_STYLE ('',( #4901 ) ) ;
#4824 = EDGE_CURVE ( 'NONE', #1027, #4429, #4496, .T. ) ;
#4825 = ORIENTED_EDGE ( 'NONE', *, *, #3566, .T. ) ;
#4826 = LINE ( 'NONE', #4014, #3405 ) ;
#4827 = COLOUR_RGB ( '',1.000000000000000000, 0.8156862745098039102, 0.02745098039215686236 ) ;
#4828 = UNCERTAINTY_MEASURE_WITH_UNIT (LENGTH_MEASURE( 1.000000000000000082E-05 ), #2753, 'distance_accuracy_value', 'NONE');
#4829 = CARTESIAN_POINT ( 'NONE',  ( 0.3699999999999999956, -1.510000000000000009, 0.2500000000000000000 ) ) ;
#4830 = LINE ( 'NONE', #1774, #1545 ) ;
#4831 = LINE ( 'NONE', #2113, #1806 ) ;
#4832 = ADVANCED_FACE ( 'NONE', ( #2923 ), #1012, .F. ) ;
#4833 = ORIENTED_EDGE ( 'NONE', *, *, #4860, .T. ) ;
#4834 = ORIENTED_EDGE ( 'NONE', *, *, #484, .F. ) ;
#4835 = CARTESIAN_POINT ( 'NONE',  ( 0.0000000000000000000, -0.8400000000000000799, 0.0000000000000000000 ) ) ;
#4836 = SURFACE_STYLE_FILL_AREA ( #1346 ) ;
#4837 = SURFACE_SIDE_STYLE ('',( #1322 ) ) ;
#4838 =( NAMED_UNIT ( * ) PLANE_ANGLE_UNIT ( ) SI_UNIT ( $, .RADIAN. ) );
#4839 = CARTESIAN_POINT ( 'NONE',  ( -0.1300000000000000044, -1.510000000000000009, 0.2500000000000000000 ) ) ;
#4840 = UNCERTAINTY_MEASURE_WITH_UNIT (LENGTH_MEASURE( 1.000000000000000082E-05 ), #3105, 'distance_accuracy_value', 'NONE');
#4841 = DIRECTION ( 'NONE',  ( 1.000000000000000000, 0.0000000000000000000, -0.0000000000000000000 ) ) ;
#4842 =( NAMED_UNIT ( * ) SI_UNIT ( $, .STERADIAN. ) SOLID_ANGLE_UNIT ( ) );
#4843 = CARTESIAN_POINT ( 'NONE',  ( 1.500000000000000000, -1.500000000000000000, 0.05000000000000002359 ) ) ;
#4844 = SURFACE_STYLE_FILL_AREA ( #515 ) ;
#4845 = DIRECTION ( 'NONE',  ( -1.000000000000000000, 0.0000000000000000000, -0.0000000000000000000 ) ) ;
#4846 = VECTOR ( 'NONE', #4196, 1000.000000000000000 ) ;
#4847 = SURFACE_SIDE_STYLE ('',( #3288 ) ) ;
#4848 = FACE_OUTER_BOUND ( 'NONE', #4512, .T. ) ;
#4849 =( NAMED_UNIT ( * ) PLANE_ANGLE_UNIT ( ) SI_UNIT ( $, .RADIAN. ) );
#4850 = PRESENTATION_STYLE_ASSIGNMENT (( #154 ) ) ;
#4851 = EDGE_LOOP ( 'NONE', ( #3473, #704, #446, #593 ) ) ;
#4852 = FACE_OUTER_BOUND ( 'NONE', #4450, .T. ) ;
#4853 =( NAMED_UNIT ( * ) PLANE_ANGLE_UNIT ( ) SI_UNIT ( $, .RADIAN. ) );
#4854 = ADVANCED_FACE ( 'NONE', ( #4352 ), #1182, .F. ) ;
#4855 = DIRECTION ( 'NONE',  ( -0.0000000000000000000, -1.000000000000000000, -0.0000000000000000000 ) ) ;
#4856 = FILL_AREA_STYLE ('',( #2918 ) ) ;
#4857 = ORIENTED_EDGE ( 'NONE', *, *, #1555, .F. ) ;
#4858 = AXIS2_PLACEMENT_3D ( 'NONE', #2560, #2916, #1362 ) ;
#4859 = VERTEX_POINT ( 'NONE', #2407 ) ;
#4860 = EDGE_CURVE ( 'NONE', #4513, #4859, #1982, .T. ) ;
#4861 = SURFACE_STYLE_FILL_AREA ( #2688 ) ;
#4862 = VECTOR ( 'NONE', #3162, 1000.000000000000000 ) ;
#4863 = CARTESIAN_POINT ( 'NONE',  ( -1.219999999999999973, -0.7500000000000000000, 0.0000000000000000000 ) ) ;
#4864 = AXIS2_PLACEMENT_3D ( 'NONE', #1610, #4342, #3079 ) ;
#4865 = FILL_AREA_STYLE ('',( #1327 ) ) ;
#4866 = DIRECTION ( 'NONE',  ( -0.0000000000000000000, -1.000000000000000000, -0.0000000000000000000 ) ) ;
#4867 = VECTOR ( 'NONE', #203, 1000.000000000000000 ) ;
#4868 = PLANE ( 'NONE',  #4455 ) ;
#4869 = SURFACE_STYLE_USAGE ( .BOTH. , #543 ) ;
#4870 = EDGE_LOOP ( 'NONE', ( #1676, #3815, #726, #4956 ) ) ;
#4871 = DIRECTION ( 'NONE',  ( 1.000000000000000000, -0.0000000000000000000, 0.0000000000000000000 ) ) ;
#4872 =( NAMED_UNIT ( * ) SI_UNIT ( $, .STERADIAN. ) SOLID_ANGLE_UNIT ( ) );
#4873 =( GEOMETRIC_REPRESENTATION_CONTEXT ( 3 ) GLOBAL_UNCERTAINTY_ASSIGNED_CONTEXT ( ( #2733 ) ) GLOBAL_UNIT_ASSIGNED_CONTEXT ( ( #2750, #3520, #3469 ) ) REPRESENTATION_CONTEXT ( 'NONE', 'WORKASPACE' ) );
#4874 = PLANE ( 'NONE',  #2872 ) ;
#4875 = PRESENTATION_LAYER_ASSIGNMENT (  '', '', ( #3238 ) ) ;
#4876 = ORIENTED_EDGE ( 'NONE', *, *, #1468, .T. ) ;
#4877 = PLANE ( 'NONE',  #7 ) ;
#4878 = VECTOR ( 'NONE', #3862, 1000.000000000000000 ) ;
#4879 = VECTOR ( 'NONE', #509, 1000.000000000000000 ) ;
#4880 = SURFACE_SIDE_STYLE ('',( #528 ) ) ;
#4881 = DIRECTION ( 'NONE',  ( 0.0000000000000000000, -0.0000000000000000000, 1.000000000000000000 ) ) ;
#4883 = ORIENTED_EDGE ( 'NONE', *, *, #3957, .T. ) ;
#4882 =( GEOMETRIC_REPRESENTATION_CONTEXT ( 3 ) GLOBAL_UNCERTAINTY_ASSIGNED_CONTEXT ( ( #5033 ) ) GLOBAL_UNIT_ASSIGNED_CONTEXT ( ( #1647, #5065, #1594 ) ) REPRESENTATION_CONTEXT ( 'NONE', 'WORKASPACE' ) );
#4884 = ORIENTED_EDGE ( 'NONE', *, *, #4570, .F. ) ;
#4885 = AXIS2_PLACEMENT_3D ( 'NONE', #4722, #2112, #4489 ) ;
#4886 = MECHANICAL_DESIGN_GEOMETRIC_PRESENTATION_REPRESENTATION (  '', ( #4147 ), #2609 ) ;
#4887 = LINE ( 'NONE', #1032, #1461 ) ;
#4888 = EDGE_CURVE ( 'NONE', #2263, #1846, #3243, .T. ) ;
#4889 = LINE ( 'NONE', #4050, #1550 ) ;
#4890 = COLOUR_RGB ( '',1.000000000000000000, 0.8156862745098039102, 0.02745098039215686236 ) ;
#4891 = UNCERTAINTY_MEASURE_WITH_UNIT (LENGTH_MEASURE( 1.000000000000000082E-05 ), #1884, 'distance_accuracy_value', 'NONE');
#4892 = SURFACE_SIDE_STYLE ('',( #668 ) ) ;
#4893 = CARTESIAN_POINT ( 'NONE',  ( -1.219999999999999973, -0.3699999999999999956, 0.2500000000000000000 ) ) ;
#4894 =( GEOMETRIC_REPRESENTATION_CONTEXT ( 3 ) GLOBAL_UNCERTAINTY_ASSIGNED_CONTEXT ( ( #2133 ) ) GLOBAL_UNIT_ASSIGNED_CONTEXT ( ( #107, #3725, #4363 ) ) REPRESENTATION_CONTEXT ( 'NONE', 'WORKASPACE' ) );
#4895 = FILL_AREA_STYLE_COLOUR ( '', #3433 ) ;
#4896 = ADVANCED_FACE ( 'NONE', ( #2357 ), #2818, .F. ) ;
#4897 = ORIENTED_EDGE ( 'NONE', *, *, #1906, .T. ) ;
#4898 = PRESENTATION_LAYER_ASSIGNMENT (  '', '', ( #390 ) ) ;
#4899 = VECTOR ( 'NONE', #2307, 1000.000000000000000 ) ;
#4900 = CARTESIAN_POINT ( 'NONE',  ( -0.7500000000000000000, -1.219999999999999973, 0.0000000000000000000 ) ) ;
#4901 = FILL_AREA_STYLE_COLOUR ( '', #628 ) ;
#4902 = PRESENTATION_STYLE_ASSIGNMENT (( #3454 ) ) ;
#4903 = COLOUR_RGB ( '',1.000000000000000000, 0.8156862745098039102, 0.02745098039215686236 ) ;
#4904 = DIRECTION ( 'NONE',  ( 0.0000000000000000000, 0.0000000000000000000, -1.000000000000000000 ) ) ;
#4905 = VECTOR ( 'NONE', #3580, 1000.000000000000000 ) ;
#4906 = SURFACE_SIDE_STYLE ('',( #4746 ) ) ;
#4907 = ORIENTED_EDGE ( 'NONE', *, *, #3138, .T. ) ;
#4908 =( NAMED_UNIT ( * ) SI_UNIT ( $, .STERADIAN. ) SOLID_ANGLE_UNIT ( ) );
#4909 = FILL_AREA_STYLE_COLOUR ( '', #2242 ) ;
#4910 = PRESENTATION_STYLE_ASSIGNMENT (( #555 ) ) ;
#4911 = FACE_OUTER_BOUND ( 'NONE', #1149, .T. ) ;
#4912 = VECTOR ( 'NONE', #751, 1000.000000000000000 ) ;
#4913 = ORIENTED_EDGE ( 'NONE', *, *, #3145, .T. ) ;
#4914 = ORIENTED_EDGE ( 'NONE', *, *, #1619, .F. ) ;
#4915 = PRESENTATION_STYLE_ASSIGNMENT (( #1321 ) ) ;
#4916 = VECTOR ( 'NONE', #1854, 1000.000000000000000 ) ;
#4917 = SURFACE_SIDE_STYLE ('',( #664 ) ) ;
#4918 = CARTESIAN_POINT ( 'NONE',  ( -1.510000000000000009, 0.8699999999999999956, 0.0000000000000000000 ) ) ;
#4919 = VECTOR ( 'NONE', #3161, 1000.000000000000000 ) ;
#4920 = PRESENTATION_STYLE_ASSIGNMENT (( #2675 ) ) ;
#4921 = FILL_AREA_STYLE ('',( #4895 ) ) ;
#4922 = DIRECTION ( 'NONE',  ( 0.0000000000000000000, 1.000000000000000000, 0.0000000000000000000 ) ) ;
#4923 =( LENGTH_UNIT ( ) NAMED_UNIT ( * ) SI_UNIT ( .MILLI., .METRE. ) );
#4924 = ORIENTED_EDGE ( 'NONE', *, *, #4498, .T. ) ;
#4925 = PRESENTATION_STYLE_ASSIGNMENT (( #2963 ) ) ;
#4926 = DIRECTION ( 'NONE',  ( -1.000000000000000000, 0.0000000000000000000, 0.0000000000000000000 ) ) ;
#4927 = ADVANCED_FACE ( 'NONE', ( #1566 ), #3911, .F. ) ;
#4928 = PLANE ( 'NONE',  #745 ) ;
#4929 = SURFACE_SIDE_STYLE ('',( #2984 ) ) ;
#4930 = SURFACE_SIDE_STYLE ('',( #3059 ) ) ;
#4931 = PRESENTATION_STYLE_ASSIGNMENT (( #3035 ) ) ;
#4932 = EDGE_LOOP ( 'NONE', ( #4091, #1242, #2107, #3933 ) ) ;
#4933 = COLOUR_RGB ( '',1.000000000000000000, 0.8156862745098039102, 0.02745098039215686236 ) ;
#4934 =( NAMED_UNIT ( * ) PLANE_ANGLE_UNIT ( ) SI_UNIT ( $, .RADIAN. ) );
#4935 = CARTESIAN_POINT ( 'NONE',  ( 0.3699999999999999956, 1.510000000000000009, 0.0000000000000000000 ) ) ;
#4936 = ORIENTED_EDGE ( 'NONE', *, *, #1185, .F. ) ;
#4937 = VERTEX_POINT ( 'NONE', #2938 ) ;
#4938 = CARTESIAN_POINT ( 'NONE',  ( 0.0000000000000000000, 0.0000000000000000000, 0.0000000000000000000 ) ) ;
#4939 = VECTOR ( 'NONE', #3465, 1000.000000000000000 ) ;
#4940 = SURFACE_SIDE_STYLE ('',( #4996 ) ) ;
#4941 = VECTOR ( 'NONE', #5072, 1000.000000000000000 ) ;
#4942 = LINE ( 'NONE', #1420, #4141 ) ;
#4943 = CARTESIAN_POINT ( 'NONE',  ( -0.1300000000000000044, 1.510000000000000009, 0.2500000000000000000 ) ) ;
#4944 = UNCERTAINTY_MEASURE_WITH_UNIT (LENGTH_MEASURE( 1.000000000000000082E-05 ), #388, 'distance_accuracy_value', 'NONE');
#4945 = AXIS2_PLACEMENT_3D ( 'NONE', #1263, #2762, #865 ) ;
#4946 = DIRECTION ( 'NONE',  ( -1.000000000000000000, -0.0000000000000000000, -0.0000000000000000000 ) ) ;
#4947 = FACE_OUTER_BOUND ( 'NONE', #2712, .T. ) ;
#4948 = SURFACE_STYLE_FILL_AREA ( #1067 ) ;
#4949 = CLOSED_SHELL ( 'NONE', ( #3619, #864, #3741, #2775, #855, #2743 ) ) ;
#4950 = VECTOR ( 'NONE', #1941, 1000.000000000000000 ) ;
#4951 =( NAMED_UNIT ( * ) SI_UNIT ( $, .STERADIAN. ) SOLID_ANGLE_UNIT ( ) );
#4952 = ORIENTED_EDGE ( 'NONE', *, *, #2552, .T. ) ;
#4953 = MECHANICAL_DESIGN_GEOMETRIC_PRESENTATION_REPRESENTATION (  '', ( #2585 ), #3813 ) ;
#4954 = FILL_AREA_STYLE ('',( #1432 ) ) ;
#4955 = SURFACE_STYLE_FILL_AREA ( #302 ) ;
#4956 = ORIENTED_EDGE ( 'NONE', *, *, #636, .F. ) ;
#4957 = MECHANICAL_DESIGN_GEOMETRIC_PRESENTATION_REPRESENTATION (  '', ( #794 ), #2516 ) ;
#4958 = EDGE_CURVE ( 'NONE', #1829, #3027, #969, .T. ) ;
#4959 = DIRECTION ( 'NONE',  ( -1.000000000000000000, 0.0000000000000000000, -0.0000000000000000000 ) ) ;
#4960 = PRESENTATION_STYLE_ASSIGNMENT (( #234 ) ) ;
#4961 = DIRECTION ( 'NONE',  ( -1.000000000000000000, -0.0000000000000000000, -0.0000000000000000000 ) ) ;
#4962 = CIRCLE ( 'NONE', #2845, 0.1200000000000000927 ) ;
#4963 = AXIS2_PLACEMENT_3D ( 'NONE', #2301, #669, #2272 ) ;
#4964 = DIRECTION ( 'NONE',  ( 1.000000000000000000, -0.0000000000000000000, 0.0000000000000000000 ) ) ;
#4965 = VERTEX_POINT ( 'NONE', #3341 ) ;
#4966 = ORIENTED_EDGE ( 'NONE', *, *, #3980, .F. ) ;
#4967 = MECHANICAL_DESIGN_GEOMETRIC_PRESENTATION_REPRESENTATION (  '', ( #3497 ), #1130 ) ;
#4968 = VECTOR ( 'NONE', #880, 1000.000000000000000 ) ;
#4969 =( NAMED_UNIT ( * ) PLANE_ANGLE_UNIT ( ) SI_UNIT ( $, .RADIAN. ) );
#4970 = COLOUR_RGB ( '',0.2862745098039215508, 0.2862745098039215508, 0.2862745098039215508 ) ;
#4971 = CARTESIAN_POINT ( 'NONE',  ( -1.219999999999999973, 0.1300000000000000044, 0.2500000000000000000 ) ) ;
#4972 =( GEOMETRIC_REPRESENTATION_CONTEXT ( 3 ) GLOBAL_UNCERTAINTY_ASSIGNED_CONTEXT ( ( #3618 ) ) GLOBAL_UNIT_ASSIGNED_CONTEXT ( ( #4065, #3638, #976 ) ) REPRESENTATION_CONTEXT ( 'NONE', 'WORKASPACE' ) );
#4973 = FILL_AREA_STYLE ('',( #4591 ) ) ;
#4974 = FILL_AREA_STYLE_COLOUR ( '', #4790 ) ;
#4975 =( NAMED_UNIT ( * ) SI_UNIT ( $, .STERADIAN. ) SOLID_ANGLE_UNIT ( ) );
#4976 = EDGE_LOOP ( 'NONE', ( #473, #1489, #2490, #1411 ) ) ;
#4977 = PRESENTATION_LAYER_ASSIGNMENT (  '', '', ( #136 ) ) ;
#4978 = DIRECTION ( 'NONE',  ( 1.000000000000000000, 0.0000000000000000000, 0.0000000000000000000 ) ) ;
#4979 = STYLED_ITEM ( 'NONE', ( #5106 ), #1500 ) ;
#4980 = DIRECTION ( 'NONE',  ( 1.000000000000000000, 0.0000000000000000000, 0.0000000000000000000 ) ) ;
#4981 = CARTESIAN_POINT ( 'NONE',  ( -1.510000000000000009, -0.8699999999999999956, 0.0000000000000000000 ) ) ;
#4982 = LINE ( 'NONE', #356, #1052 ) ;
#4983 = ORIENTED_EDGE ( 'NONE', *, *, #2218, .F. ) ;
#4984 = FILL_AREA_STYLE_COLOUR ( '', #4447 ) ;
#4985 = CARTESIAN_POINT ( 'NONE',  ( 0.6300000000000000044, -1.510000000000000009, 0.0000000000000000000 ) ) ;
#4986 =( NAMED_UNIT ( * ) PLANE_ANGLE_UNIT ( ) SI_UNIT ( $, .RADIAN. ) );
#4987 = DIRECTION ( 'NONE',  ( 0.0000000000000000000, 0.0000000000000000000, 1.000000000000000000 ) ) ;
#4988 = STYLED_ITEM ( 'NONE', ( #3554 ), #2492 ) ;
#4989 = AXIS2_PLACEMENT_3D ( 'NONE', #1761, #882, #4003 ) ;
#4990 = ADVANCED_FACE ( 'NONE', ( #4848 ), #1356, .F. ) ;
#4991 = SURFACE_STYLE_FILL_AREA ( #3434 ) ;
#4992 = ORIENTED_EDGE ( 'NONE', *, *, #4376, .F. ) ;
#4993 = ORIENTED_EDGE ( 'NONE', *, *, #4400, .T. ) ;
#4994 = AXIS2_PLACEMENT_3D ( 'NONE', #3928, #4754, #1203 ) ;
#4995 = LINE ( 'NONE', #2616, #2641 ) ;
#4996 = SURFACE_STYLE_FILL_AREA ( #3409 ) ;
#4997 = EDGE_CURVE ( 'NONE', #4676, #125, #4103, .T. ) ;
#4998 =( GEOMETRIC_REPRESENTATION_CONTEXT ( 3 ) GLOBAL_UNCERTAINTY_ASSIGNED_CONTEXT ( ( #2131 ) ) GLOBAL_UNIT_ASSIGNED_CONTEXT ( ( #1037, #1110, #2197 ) ) REPRESENTATION_CONTEXT ( 'NONE', 'WORKASPACE' ) );
#4999 = FACE_OUTER_BOUND ( 'NONE', #2849, .T. ) ;
#5000 = PRESENTATION_LAYER_ASSIGNMENT (  '', '', ( #1333 ) ) ;
#5001 = SURFACE_SIDE_STYLE ('',( #641 ) ) ;
#5002 =( NAMED_UNIT ( * ) SI_UNIT ( $, .STERADIAN. ) SOLID_ANGLE_UNIT ( ) );
#5003 =( LENGTH_UNIT ( ) NAMED_UNIT ( * ) SI_UNIT ( .MILLI., .METRE. ) );
#5004 = SURFACE_STYLE_USAGE ( .BOTH. , #3801 ) ;
#5005 = ORIENTED_EDGE ( 'NONE', *, *, #1877, .F. ) ;
#5006 =( NAMED_UNIT ( * ) PLANE_ANGLE_UNIT ( ) SI_UNIT ( $, .RADIAN. ) );
#5007 =( NAMED_UNIT ( * ) PLANE_ANGLE_UNIT ( ) SI_UNIT ( $, .RADIAN. ) );
#5008 = DIRECTION ( 'NONE',  ( -1.000000000000000000, 0.0000000000000000000, -0.0000000000000000000 ) ) ;
#5009 = ORIENTED_EDGE ( 'NONE', *, *, #4101, .F. ) ;
#5010 = FILL_AREA_STYLE ('',( #4984 ) ) ;
#5011 = LINE ( 'NONE', #3791, #1286 ) ;
#5012 = CARTESIAN_POINT ( 'NONE',  ( 0.3699999999999999956, -1.219999999999999973, 0.0000000000000000000 ) ) ;
#5013 = ORIENTED_EDGE ( 'NONE', *, *, #996, .T. ) ;
#5014 = VERTEX_POINT ( 'NONE', #90 ) ;
#5015 = LINE ( 'NONE', #1030, #1080 ) ;
#5016 = EDGE_CURVE ( 'NONE', #1516, #3318, #1697, .T. ) ;
#5017 = LINE ( 'NONE', #3383, #2738 ) ;
#5018 = VECTOR ( 'NONE', #3313, 1000.000000000000000 ) ;
#5019 = LINE ( 'NONE', #1907, #2852 ) ;
#5020 =( LENGTH_UNIT ( ) NAMED_UNIT ( * ) SI_UNIT ( .MILLI., .METRE. ) );
#5021 = MANIFOLD_SOLID_BREP ( 'Imported12', #3069 ) ;
#5022 = EDGE_CURVE ( 'NONE', #1453, #1494, #2928, .T. ) ;
#5023 = DIRECTION ( 'NONE',  ( 0.0000000000000000000, 0.0000000000000000000, 1.000000000000000000 ) ) ;
#5024 = DIRECTION ( 'NONE',  ( -1.000000000000000000, 0.0000000000000000000, -0.0000000000000000000 ) ) ;
#5025 = CARTESIAN_POINT ( 'NONE',  ( 0.3699999999999999956, -1.219999999999999973, 0.2500000000000000000 ) ) ;
#5026 = ORIENTED_EDGE ( 'NONE', *, *, #5085, .F. ) ;
#5027 = EDGE_CURVE ( 'NONE', #1494, #4493, #372, .T. ) ;
#5028 = MANIFOLD_SOLID_BREP ( 'Imported14', #700 ) ;
#5029 = DIRECTION ( 'NONE',  ( -1.000000000000000000, 0.0000000000000000000, -0.0000000000000000000 ) ) ;
#5030 = COLOUR_RGB ( '',1.000000000000000000, 0.8156862745098039102, 0.02745098039215686236 ) ;
#5031 = DIRECTION ( 'NONE',  ( -1.000000000000000000, 0.0000000000000000000, -0.0000000000000000000 ) ) ;
#5032 = ORIENTED_EDGE ( 'NONE', *, *, #4543, .F. ) ;
#5033 = UNCERTAINTY_MEASURE_WITH_UNIT (LENGTH_MEASURE( 1.000000000000000082E-05 ), #1647, 'distance_accuracy_value', 'NONE');
#5034 = AXIS2_PLACEMENT_3D ( 'NONE', #4471, #1665, #4841 ) ;
#5035 = DIRECTION ( 'NONE',  ( 0.0000000000000000000, 0.0000000000000000000, -1.000000000000000000 ) ) ;
#5036 = CARTESIAN_POINT ( 'NONE',  ( 1.510000000000000009, 0.1300000000000000044, 0.2500000000000000000 ) ) ;
#5037 = AXIS2_PLACEMENT_3D ( 'NONE', #3661, #947, #126 ) ;
#5038 = ORIENTED_EDGE ( 'NONE', *, *, #48, .T. ) ;
#5039 = VERTEX_POINT ( 'NONE', #4358 ) ;
#5040 =( GEOMETRIC_REPRESENTATION_CONTEXT ( 3 ) GLOBAL_UNCERTAINTY_ASSIGNED_CONTEXT ( ( #4780 ) ) GLOBAL_UNIT_ASSIGNED_CONTEXT ( ( #3335, #4097, #589 ) ) REPRESENTATION_CONTEXT ( 'NONE', 'WORKASPACE' ) );
#5041 = ADVANCED_FACE ( 'NONE', ( #399 ), #2391, .T. ) ;
#5042 =( GEOMETRIC_REPRESENTATION_CONTEXT ( 3 ) GLOBAL_UNCERTAINTY_ASSIGNED_CONTEXT ( ( #1422 ) ) GLOBAL_UNIT_ASSIGNED_CONTEXT ( ( #877, #2419, #3620 ) ) REPRESENTATION_CONTEXT ( 'NONE', 'WORKASPACE' ) );
#5043 =( NAMED_UNIT ( * ) SI_UNIT ( $, .STERADIAN. ) SOLID_ANGLE_UNIT ( ) );
#5044 = AXIS2_PLACEMENT_3D ( 'NONE', #646, #4922, #2978 ) ;
#5045 = FILL_AREA_STYLE ('',( #5077 ) ) ;
#5046 = MANIFOLD_SOLID_BREP ( 'Imported2', #4611 ) ;
#5047 = PRESENTATION_LAYER_ASSIGNMENT (  '', '', ( #4794 ) ) ;
#5048 =( GEOMETRIC_REPRESENTATION_CONTEXT ( 3 ) GLOBAL_UNCERTAINTY_ASSIGNED_CONTEXT ( ( #4669 ) ) GLOBAL_UNIT_ASSIGNED_CONTEXT ( ( #213, #1108, #3021 ) ) REPRESENTATION_CONTEXT ( 'NONE', 'WORKASPACE' ) );
#5049 = CARTESIAN_POINT ( 'NONE',  ( 0.0000000000000000000, 0.0000000000000000000, 0.2500000000000000000 ) ) ;
#5050 = EDGE_CURVE ( 'NONE', #2740, #3948, #2138, .T. ) ;
#5051 = CARTESIAN_POINT ( 'NONE',  ( 0.0000000000000000000, -0.3699999999999999956, 0.0000000000000000000 ) ) ;
#5052 = FILL_AREA_STYLE_COLOUR ( '', #385 ) ;
#5053 = ORIENTED_EDGE ( 'NONE', *, *, #1084, .T. ) ;
#5054 = PRESENTATION_LAYER_ASSIGNMENT (  '', '', ( #1709 ) ) ;
#5055 = FILL_AREA_STYLE ('',( #856 ) ) ;
#5056 = MANIFOLD_SOLID_BREP ( 'Imported15', #2507 ) ;
#5057 = PRESENTATION_STYLE_ASSIGNMENT (( #810 ) ) ;
#5058 = SURFACE_STYLE_USAGE ( .BOTH. , #3501 ) ;
#5059 = LINE ( 'NONE', #4270, #212 ) ;
#5060 = ORIENTED_EDGE ( 'NONE', *, *, #317, .F. ) ;
#5061 = COLOUR_RGB ( '',1.000000000000000000, 0.8156862745098039102, 0.02745098039215686236 ) ;
#5062 = PRESENTATION_LAYER_ASSIGNMENT (  '', '', ( #4634 ) ) ;
#5063 = CARTESIAN_POINT ( 'NONE',  ( -0.1300000000000000044, 0.0000000000000000000, 0.0000000000000000000 ) ) ;
#5064 = CARTESIAN_POINT ( 'NONE',  ( 0.2500000000000000000, 1.219999999999999973, 0.2500000000000000000 ) ) ;
#5065 =( NAMED_UNIT ( * ) PLANE_ANGLE_UNIT ( ) SI_UNIT ( $, .RADIAN. ) );
#5066 = COLOUR_RGB ( '',1.000000000000000000, 0.8156862745098039102, 0.02745098039215686236 ) ;
#5067 = DIRECTION ( 'NONE',  ( 0.0000000000000000000, 0.0000000000000000000, -1.000000000000000000 ) ) ;
#5068 = COLOUR_RGB ( '',1.000000000000000000, 0.8156862745098039102, 0.02745098039215686236 ) ;
#5069 = EDGE_LOOP ( 'NONE', ( #5070, #3101, #3298, #4632, #1776 ) ) ;
#5070 = ORIENTED_EDGE ( 'NONE', *, *, #828, .T. ) ;
#5071 = FILL_AREA_STYLE ('',( #3941 ) ) ;
#5072 = DIRECTION ( 'NONE',  ( 0.0000000000000000000, -0.0000000000000000000, -1.000000000000000000 ) ) ;
#5073 = SURFACE_STYLE_USAGE ( .BOTH. , #2340 ) ;
#5074 = STYLED_ITEM ( 'NONE', ( #4850 ), #2406 ) ;
#5075 = DIRECTION ( 'NONE',  ( 1.000000000000000000, -0.0000000000000000000, 0.0000000000000000000 ) ) ;
#5076 =( GEOMETRIC_REPRESENTATION_CONTEXT ( 3 ) GLOBAL_UNCERTAINTY_ASSIGNED_CONTEXT ( ( #1513 ) ) GLOBAL_UNIT_ASSIGNED_CONTEXT ( ( #2576, #1822, #782 ) ) REPRESENTATION_CONTEXT ( 'NONE', 'WORKASPACE' ) );
#5077 = FILL_AREA_STYLE_COLOUR ( '', #5068 ) ;
#5078 = VECTOR ( 'NONE', #4153, 1000.000000000000000 ) ;
#5079 = FACE_OUTER_BOUND ( 'NONE', #3344, .T. ) ;
#5080 = SURFACE_STYLE_USAGE ( .BOTH. , #1548 ) ;
#5081 = CARTESIAN_POINT ( 'NONE',  ( -0.1300000000000000044, 0.0000000000000000000, 0.0000000000000000000 ) ) ;
#5082 = CARTESIAN_POINT ( 'NONE',  ( -1.219999999999999973, 0.2500000000000000000, 0.2500000000000000000 ) ) ;
#5083 = CIRCLE ( 'NONE', #237, 0.1200000000000000927 ) ;
#5084 = ORIENTED_EDGE ( 'NONE', *, *, #4502, .T. ) ;
#5085 = EDGE_CURVE ( 'NONE', #1241, #677, #890, .T. ) ;
#5086 = LINE ( 'NONE', #1638, #4950 ) ;
#5087 =( LENGTH_UNIT ( ) NAMED_UNIT ( * ) SI_UNIT ( .MILLI., .METRE. ) );
#5088 = DIRECTION ( 'NONE',  ( -0.0000000000000000000, -0.0000000000000000000, -1.000000000000000000 ) ) ;
#5089 = LINE ( 'NONE', #3981, #3995 ) ;
#5090 = ORIENTED_EDGE ( 'NONE', *, *, #1307, .T. ) ;
#5091 = CARTESIAN_POINT ( 'NONE',  ( 0.1300000000000000044, -1.219999999999999973, 0.2500000000000000000 ) ) ;
#5092 = AXIS2_PLACEMENT_3D ( 'NONE', #4130, #3040, #680 ) ;
#5093 = UNCERTAINTY_MEASURE_WITH_UNIT (LENGTH_MEASURE( 1.000000000000000082E-05 ), #4053, 'distance_accuracy_value', 'NONE');
#5094 = DIRECTION ( 'NONE',  ( 1.000000000000000000, 0.0000000000000000000, 0.0000000000000000000 ) ) ;
#5095 = EDGE_CURVE ( 'NONE', #3633, #1516, #4830, .T. ) ;
#5096 = CARTESIAN_POINT ( 'NONE',  ( -1.219999999999999973, -0.7500000000000000000, 0.0000000000000000000 ) ) ;
#5097 = FILL_AREA_STYLE ('',( #3538 ) ) ;
#5098 = DIRECTION ( 'NONE',  ( 0.0000000000000000000, 0.0000000000000000000, 1.000000000000000000 ) ) ;
#5099 = SURFACE_SIDE_STYLE ('',( #391 ) ) ;
#5100 = ORIENTED_EDGE ( 'NONE', *, *, #2926, .F. ) ;
#5101 = ORIENTED_EDGE ( 'NONE', *, *, #1547, .T. ) ;
#5102 =( NAMED_UNIT ( * ) PLANE_ANGLE_UNIT ( ) SI_UNIT ( $, .RADIAN. ) );
#5103 = EDGE_CURVE ( 'NONE', #4013, #4765, #4019, .T. ) ;
#5104 = CARTESIAN_POINT ( 'NONE',  ( -0.2500000000000000000, 1.219999999999999973, 0.2500000000000000000 ) ) ;
#5105 = FACE_OUTER_BOUND ( 'NONE', #2164, .T. ) ;
#5106 = PRESENTATION_STYLE_ASSIGNMENT (( #773 ) ) ;
#5107 = NEXT_ASSEMBLY_USAGE_OCCURRENCE ( 'NAUO1', ' ', ' ', #953, #241, $ ) ;
ENDSEC;
END-ISO-10303-21;
