ISO-10303-21;
HEADER;
FILE_DESCRIPTION (( 'STEP AP214' ),
    '1' );
FILE_NAME ('210E404F-D18D-4F91-9611-ECCBB130F892.STEP',
    '2026-01-24T06:16:58',
    ( '' ),
    ( '' ),
    'SwSTEP 2.0',
    'SolidWorks 2022',
    '' );
FILE_SCHEMA (( 'AUTOMOTIVE_DESIGN' ));
ENDSEC;

DATA;
#1 = SURFACE_STYLE_USAGE ( .BOTH. , #464 ) ;
#2 = PRESENTATION_STYLE_ASSIGNMENT (( #666 ) ) ;
#3 = DIRECTION ( 'NONE',  ( 0.0000000000000000000, 1.000000000000000000, 0.0000000000000000000 ) ) ;
#4 = DIRECTION ( 'NONE',  ( 1.000000000000000000, 0.0000000000000000000, -0.0000000000000000000 ) ) ;
#5 = CARTESIAN_POINT ( 'NONE',  ( -0.9282520325203255096, 0.9000000000000001332, 0.8939701897018970111 ) ) ;
#6 = SURFACE_STYLE_FILL_AREA ( #2731 ) ;
#7 = DIRECTION ( 'NONE',  ( 0.0000000000000000000, 0.0000000000000000000, 1.000000000000000000 ) ) ;
#8 = ORIENTED_EDGE ( 'NONE', *, *, #898, .F. ) ;
#9 = EDGE_CURVE ( 'NONE', #2061, #2626, #2901, .T. ) ;
#10 = CARTESIAN_POINT ( 'NONE',  ( -1.203252032520325310, 0.8800000000000000044, 0.3939701897018970111 ) ) ;
#11 = ORIENTED_EDGE ( 'NONE', *, *, #1548, .T. ) ;
#12 = DIRECTION ( 'NONE',  ( -0.0000000000000000000, 1.000000000000000000, 0.0000000000000000000 ) ) ;
#13 = FILL_AREA_STYLE_COLOUR ( '', #2883 ) ;
#14 = SURFACE_STYLE_USAGE ( .BOTH. , #1817 ) ;
#15 = FILL_AREA_STYLE_COLOUR ( '', #829 ) ;
#16 = VECTOR ( 'NONE', #823, 1000.000000000000000 ) ;
#17 = DIRECTION ( 'NONE',  ( 0.0000000000000000000, 0.0000000000000000000, 1.000000000000000000 ) ) ;
#18 = DIRECTION ( 'NONE',  ( 0.0000000000000000000, 0.0000000000000000000, 1.000000000000000000 ) ) ;
#19 = UNCERTAINTY_MEASURE_WITH_UNIT (LENGTH_MEASURE( 1.000000000000000082E-05 ), #2526, 'distance_accuracy_value', 'NONE');
#20 = PRESENTATION_LAYER_ASSIGNMENT (  '', '', ( #1303 ) ) ;
#21 = CARTESIAN_POINT ( 'NONE',  ( -0.9282520325203255096, 0.9000000000000001332, -0.1060298102981030305 ) ) ;
#22 = DIRECTION ( 'NONE',  ( 0.0000000000000000000, 0.0000000000000000000, 1.000000000000000000 ) ) ;
#23 = VERTEX_POINT ( 'NONE', #1320 ) ;
#24 = LINE ( 'NONE', #457, #2377 ) ;
#25 = UNCERTAINTY_MEASURE_WITH_UNIT (LENGTH_MEASURE( 1.000000000000000082E-05 ), #2408, 'distance_accuracy_value', 'NONE');
#26 = AXIS2_PLACEMENT_3D ( 'NONE', #2020, #1151, #242 ) ;
#27 = COLOUR_RGB ( '',0.7529411764705882248, 0.7529411764705882248, 0.7529411764705882248 ) ;
#28 = SURFACE_STYLE_FILL_AREA ( #672 ) ;
#29 = EDGE_LOOP ( 'NONE', ( #602, #159, #440, #1067 ) ) ;
#30 = DIRECTION ( 'NONE',  ( 0.0000000000000000000, -1.000000000000000000, 0.0000000000000000000 ) ) ;
#31 = EDGE_CURVE ( 'NONE', #1242, #1590, #810, .T. ) ;
#32 = VECTOR ( 'NONE', #2398, 1000.000000000000000 ) ;
#33 = STYLED_ITEM ( 'NONE', ( #1390 ), #2252 ) ;
#34 = CIRCLE ( 'NONE', #1069, 0.1250000000000000000 ) ;
#35 = PLANE ( 'NONE',  #2584 ) ;
#36 =( GEOMETRIC_REPRESENTATION_CONTEXT ( 3 ) GLOBAL_UNCERTAINTY_ASSIGNED_CONTEXT ( ( #1294 ) ) GLOBAL_UNIT_ASSIGNED_CONTEXT ( ( #604, #623, #2190 ) ) REPRESENTATION_CONTEXT ( 'NONE', 'WORKASPACE' ) );
#37 = CARTESIAN_POINT ( 'NONE',  ( -0.9282520325203255096, 0.9000000000000001332, 0.1439701897018969834 ) ) ;
#38 = LINE ( 'NONE', #2250, #597 ) ;
#39 = FILL_AREA_STYLE ('',( #910 ) ) ;
#40 = VERTEX_POINT ( 'NONE', #577 ) ;
#41 = PLANE ( 'NONE',  #401 ) ;
#42 = FILL_AREA_STYLE_COLOUR ( '', #2779 ) ;
#43 = FILL_AREA_STYLE ('',( #1623 ) ) ;
#44 = VERTEX_POINT ( 'NONE', #2167 ) ;
#45 =( NAMED_UNIT ( * ) PLANE_ANGLE_UNIT ( ) SI_UNIT ( $, .RADIAN. ) );
#46 = CARTESIAN_POINT ( 'NONE',  ( 1.816747967479674264, 0.9000000000000001332, 0.8939701897018970111 ) ) ;
#47 = DIRECTION ( 'NONE',  ( 1.000000000000000000, -0.0000000000000000000, 0.0000000000000000000 ) ) ;
#48 = EDGE_CURVE ( 'NONE', #2728, #571, #612, .T. ) ;
#49 = CARTESIAN_POINT ( 'NONE',  ( -1.203252032520325310, 0.7000000000000000666, -0.6060298102981029889 ) ) ;
#50 = ORIENTED_EDGE ( 'NONE', *, *, #1672, .T. ) ;
#51 = SURFACE_SIDE_STYLE ('',( #1653 ) ) ;
#52 =( NAMED_UNIT ( * ) PLANE_ANGLE_UNIT ( ) SI_UNIT ( $, .RADIAN. ) );
#53 = LINE ( 'NONE', #1654, #2280 ) ;
#54 = UNCERTAINTY_MEASURE_WITH_UNIT (LENGTH_MEASURE( 1.000000000000000082E-05 ), #2328, 'distance_accuracy_value', 'NONE');
#55 = PRESENTATION_STYLE_ASSIGNMENT (( #507 ) ) ;
#56 = ORIENTED_EDGE ( 'NONE', *, *, #633, .T. ) ;
#57 = DIRECTION ( 'NONE',  ( 0.0000000000000000000, 0.0000000000000000000, 1.000000000000000000 ) ) ;
#58 = ORIENTED_EDGE ( 'NONE', *, *, #512, .T. ) ;
#59 =( LENGTH_UNIT ( ) NAMED_UNIT ( * ) SI_UNIT ( .MILLI., .METRE. ) );
#60 = CARTESIAN_POINT ( 'NONE',  ( 1.521747967479674335, 0.9000000000000001332, 0.6439701897018970111 ) ) ;
#61 = FILL_AREA_STYLE_COLOUR ( '', #1016 ) ;
#62 = EDGE_CURVE ( 'NONE', #1624, #1702, #1057, .T. ) ;
#63 = STYLED_ITEM ( 'NONE', ( #204 ), #153 ) ;
#64 = EDGE_LOOP ( 'NONE', ( #2429, #2717, #1617, #119 ) ) ;
#65 = AXIS2_PLACEMENT_3D ( 'NONE', #216, #2039, #2255 ) ;
#66 = CARTESIAN_POINT ( 'NONE',  ( 1.521747967479674335, 0.9000000000000001332, -0.2310298102981030166 ) ) ;
#67 = VECTOR ( 'NONE', #1964, 1000.000000000000000 ) ;
#68 = ORIENTED_EDGE ( 'NONE', *, *, #31, .T. ) ;
#69 =( GEOMETRIC_REPRESENTATION_CONTEXT ( 3 ) GLOBAL_UNCERTAINTY_ASSIGNED_CONTEXT ( ( #1419 ) ) GLOBAL_UNIT_ASSIGNED_CONTEXT ( ( #2359, #286, #1662 ) ) REPRESENTATION_CONTEXT ( 'NONE', 'WORKASPACE' ) );
#70 = EDGE_LOOP ( 'NONE', ( #1092, #358 ) ) ;
#71 = CIRCLE ( 'NONE', #2097, 0.1750396297353078445 ) ;
#72 = DIRECTION ( 'NONE',  ( 0.0000000000000000000, 0.0000000000000000000, -1.000000000000000000 ) ) ;
#73 = PRESENTATION_LAYER_ASSIGNMENT (  '', '', ( #1578 ) ) ;
#74 = CARTESIAN_POINT ( 'NONE',  ( -1.223252032520325328, 0.9000000000000001332, 0.6439701897018970111 ) ) ;
#75 = LINE ( 'NONE', #2051, #270 ) ;
#76 = CARTESIAN_POINT ( 'NONE',  ( 1.816747967479674264, 0.7000000000000000666, -0.6060298102981029889 ) ) ;
#77 = SURFACE_STYLE_USAGE ( .BOTH. , #1651 ) ;
#78 = PRESENTATION_LAYER_ASSIGNMENT (  '', '', ( #1643 ) ) ;
#79 = COLOUR_RGB ( '',1.000000000000000000, 1.000000000000000000, 1.000000000000000000 ) ;
#80 = VERTEX_POINT ( 'NONE', #383 ) ;
#81 = CIRCLE ( 'NONE', #1542, 0.1250000000000000000 ) ;
#82 = FACE_OUTER_BOUND ( 'NONE', #515, .T. ) ;
#83 = SURFACE_SIDE_STYLE ('',( #2778 ) ) ;
#84 = ADVANCED_FACE ( 'NONE', ( #1982 ), #1502, .F. ) ;
#85 = VERTEX_POINT ( 'NONE', #179 ) ;
#86 = PLANE ( 'NONE',  #458 ) ;
#87 = ORIENTED_EDGE ( 'NONE', *, *, #109, .T. ) ;
#88 = SURFACE_STYLE_FILL_AREA ( #298 ) ;
#89 = FILL_AREA_STYLE ('',( #1841 ) ) ;
#90 =( NAMED_UNIT ( * ) PLANE_ANGLE_UNIT ( ) SI_UNIT ( $, .RADIAN. ) );
#91 = ORIENTED_EDGE ( 'NONE', *, *, #2863, .T. ) ;
#92 = DIRECTION ( 'NONE',  ( -0.0000000000000000000, -0.0000000000000000000, 1.000000000000000000 ) ) ;
#93 = CARTESIAN_POINT ( 'NONE',  ( 1.816747967479674264, 0.9000000000000001332, 0.8939701897018970111 ) ) ;
#94 = DIRECTION ( 'NONE',  ( 0.0000000000000000000, -0.0000000000000000000, 1.000000000000000000 ) ) ;
#95 = ORIENTED_EDGE ( 'NONE', *, *, #2709, .F. ) ;
#96 = ADVANCED_FACE ( 'NONE', ( #797 ), #1468, .F. ) ;
#97 = EDGE_LOOP ( 'NONE', ( #101, #574, #1284, #561 ) ) ;
#98 =( NAMED_UNIT ( * ) PLANE_ANGLE_UNIT ( ) SI_UNIT ( $, .RADIAN. ) );
#99 =( LENGTH_UNIT ( ) NAMED_UNIT ( * ) SI_UNIT ( .MILLI., .METRE. ) );
#100 = PRESENTATION_STYLE_ASSIGNMENT (( #77 ) ) ;
#101 = ORIENTED_EDGE ( 'NONE', *, *, #299, .F. ) ;
#102 = UNCERTAINTY_MEASURE_WITH_UNIT (LENGTH_MEASURE( 1.000000000000000082E-05 ), #2757, 'distance_accuracy_value', 'NONE');
#103 = SURFACE_STYLE_USAGE ( .BOTH. , #1944 ) ;
#104 = MECHANICAL_DESIGN_GEOMETRIC_PRESENTATION_REPRESENTATION (  '', ( #2623 ), #1940 ) ;
#105 = LINE ( 'NONE', #2152, #273 ) ;
#106 = ORIENTED_EDGE ( 'NONE', *, *, #352, .F. ) ;
#107 = STYLED_ITEM ( 'NONE', ( #1001 ), #266 ) ;
#108 = STYLED_ITEM ( 'NONE', ( #2527 ), #544 ) ;
#109 = EDGE_CURVE ( 'NONE', #40, #2856, #2223, .T. ) ;
#110 = ORIENTED_EDGE ( 'NONE', *, *, #504, .F. ) ;
#111 = DIRECTION ( 'NONE',  ( -0.0000000000000000000, -1.000000000000000000, -0.0000000000000000000 ) ) ;
#112 = LINE ( 'NONE', #828, #2638 ) ;
#113 = VECTOR ( 'NONE', #4, 1000.000000000000000 ) ;
#114 =( GEOMETRIC_REPRESENTATION_CONTEXT ( 3 ) GLOBAL_UNCERTAINTY_ASSIGNED_CONTEXT ( ( #2946 ) ) GLOBAL_UNIT_ASSIGNED_CONTEXT ( ( #757, #2807, #1184 ) ) REPRESENTATION_CONTEXT ( 'NONE', 'WORKASPACE' ) );
#115 = EDGE_CURVE ( 'NONE', #471, #1242, #24, .T. ) ;
#116 = COLOUR_RGB ( '',0.7529411764705882248, 0.7529411764705882248, 0.7529411764705882248 ) ;
#117 = SURFACE_SIDE_STYLE ('',( #1257 ) ) ;
#118 = DIRECTION ( 'NONE',  ( -2.168404344971008621E-16, 0.0000000000000000000, -1.000000000000000000 ) ) ;
#119 = ORIENTED_EDGE ( 'NONE', *, *, #1543, .T. ) ;
#120 =( GEOMETRIC_REPRESENTATION_CONTEXT ( 3 ) GLOBAL_UNCERTAINTY_ASSIGNED_CONTEXT ( ( #1327 ) ) GLOBAL_UNIT_ASSIGNED_CONTEXT ( ( #2368, #1504, #2599 ) ) REPRESENTATION_CONTEXT ( 'NONE', 'WORKASPACE' ) );
#121 = AXIS2_PLACEMENT_3D ( 'NONE', #1168, #1459, #2827 ) ;
#122 = AXIS2_PLACEMENT_3D ( 'NONE', #857, #2506, #893 ) ;
#123 =( GEOMETRIC_REPRESENTATION_CONTEXT ( 3 ) GLOBAL_UNCERTAINTY_ASSIGNED_CONTEXT ( ( #1299 ) ) GLOBAL_UNIT_ASSIGNED_CONTEXT ( ( #527, #2505, #2274 ) ) REPRESENTATION_CONTEXT ( 'NONE', 'WORKASPACE' ) );
#124 = LINE ( 'NONE', #279, #832 ) ;
#125 = COLOUR_RGB ( '',1.000000000000000000, 1.000000000000000000, 1.000000000000000000 ) ;
#126 = DIRECTION ( 'NONE',  ( -0.0000000000000000000, -0.0000000000000000000, -1.000000000000000000 ) ) ;
#127 = ORIENTED_EDGE ( 'NONE', *, *, #197, .F. ) ;
#128 =( GEOMETRIC_REPRESENTATION_CONTEXT ( 3 ) GLOBAL_UNCERTAINTY_ASSIGNED_CONTEXT ( ( #2668 ) ) GLOBAL_UNIT_ASSIGNED_CONTEXT ( ( #1290, #374, #619 ) ) REPRESENTATION_CONTEXT ( 'NONE', 'WORKASPACE' ) );
#129 = ORIENTED_EDGE ( 'NONE', *, *, #2852, .T. ) ;
#130 = DIRECTION ( 'NONE',  ( -0.0000000000000000000, -1.000000000000000000, -0.0000000000000000000 ) ) ;
#131 = ADVANCED_FACE ( 'NONE', ( #868 ), #1093, .F. ) ;
#132 = CARTESIAN_POINT ( 'NONE',  ( 1.796747967479675134, 0.7000000000000000666, 0.8939701897018972332 ) ) ;
#133 = CARTESIAN_POINT ( 'NONE',  ( 1.109247967479674246, 0.9000000000000001332, 0.7314701897018971444 ) ) ;
#134 = FACE_OUTER_BOUND ( 'NONE', #2555, .T. ) ;
#135 = ORIENTED_EDGE ( 'NONE', *, *, #1441, .T. ) ;
#136 = EDGE_CURVE ( 'NONE', #1720, #2632, #671, .T. ) ;
#137 =( LENGTH_UNIT ( ) NAMED_UNIT ( * ) SI_UNIT ( .MILLI., .METRE. ) );
#138 = PLANE ( 'NONE',  #2241 ) ;
#139 = CARTESIAN_POINT ( 'NONE',  ( -1.203252032520325310, 0.8800000000000000044, -0.9810298102981029889 ) ) ;
#140 = ORIENTED_EDGE ( 'NONE', *, *, #592, .T. ) ;
#141 = UNCERTAINTY_MEASURE_WITH_UNIT (LENGTH_MEASURE( 1.000000000000000082E-05 ), #2457, 'distance_accuracy_value', 'NONE');
#142 = CARTESIAN_POINT ( 'NONE',  ( -0.9282520325203255096, 0.9000000000000001332, 0.3939701897018970111 ) ) ;
#143 = ORIENTED_EDGE ( 'NONE', *, *, #662, .T. ) ;
#144 = PRESENTATION_STYLE_ASSIGNMENT (( #590 ) ) ;
#145 = ORIENTED_EDGE ( 'NONE', *, *, #158, .T. ) ;
#146 = CYLINDRICAL_SURFACE ( 'NONE', #2292, 0.1250000000000000000 ) ;
#147 = SURFACE_STYLE_USAGE ( .BOTH. , #1256 ) ;
#148 = LINE ( 'NONE', #133, #2536 ) ;
#149 = CARTESIAN_POINT ( 'NONE',  ( -0.9282520325203255096, 0.8800000000000000044, -0.2310298102981030166 ) ) ;
#150 = ORIENTED_EDGE ( 'NONE', *, *, #1079, .F. ) ;
#151 = DIRECTION ( 'NONE',  ( 1.000000000000000000, -0.0000000000000000000, -0.0000000000000000000 ) ) ;
#152 = SURFACE_STYLE_FILL_AREA ( #1279 ) ;
#153 = ADVANCED_FACE ( 'NONE', ( #1591 ), #1391, .T. ) ;
#154 = CARTESIAN_POINT ( 'NONE',  ( 1.796747967479674912, 0.8800000000000000044, 0.1439701897018969834 ) ) ;
#155 = CARTESIAN_POINT ( 'NONE',  ( -1.203252032520325310, 0.8800000000000000044, -0.9810298102981029889 ) ) ;
#156 = ORIENTED_EDGE ( 'NONE', *, *, #2137, .T. ) ;
#157 = LINE ( 'NONE', #2166, #962 ) ;
#158 = EDGE_CURVE ( 'NONE', #1900, #1134, #2271, .T. ) ;
#159 = ORIENTED_EDGE ( 'NONE', *, *, #748, .F. ) ;
#160 =( NAMED_UNIT ( * ) PLANE_ANGLE_UNIT ( ) SI_UNIT ( $, .RADIAN. ) );
#161 = VECTOR ( 'NONE', #931, 1000.000000000000000 ) ;
#162 = VECTOR ( 'NONE', #715, 1000.000000000000000 ) ;
#163 = ORIENTED_EDGE ( 'NONE', *, *, #446, .F. ) ;
#164 = SURFACE_SIDE_STYLE ('',( #1287 ) ) ;
#165 = CARTESIAN_POINT ( 'NONE',  ( -1.203252032520325310, 0.7000000000000000666, -0.3560298102981029333 ) ) ;
#166 = STYLED_ITEM ( 'NONE', ( #332 ), #575 ) ;
#167 = FACE_OUTER_BOUND ( 'NONE', #1913, .T. ) ;
#168 = STYLED_ITEM ( 'NONE', ( #709 ), #824 ) ;
#169 = CARTESIAN_POINT ( 'NONE',  ( -1.223252032520325328, 0.9000000000000001332, -0.8560298102981029889 ) ) ;
#170 = ORIENTED_EDGE ( 'NONE', *, *, #62, .T. ) ;
#171 = CIRCLE ( 'NONE', #1949, 0.1250000000000000000 ) ;
#172 = SURFACE_STYLE_USAGE ( .BOTH. , #1479 ) ;
#173 = CARTESIAN_POINT ( 'NONE',  ( -1.203252032520325310, 0.8800000000000000044, 0.1439701897018969834 ) ) ;
#174 = AXIS2_PLACEMENT_3D ( 'NONE', #780, #327, #1050 ) ;
#175 = UNCERTAINTY_MEASURE_WITH_UNIT (LENGTH_MEASURE( 1.000000000000000082E-05 ), #198, 'distance_accuracy_value', 'NONE');
#176 = VECTOR ( 'NONE', #899, 1000.000000000000000 ) ;
#177 = VECTOR ( 'NONE', #2251, 1000.000000000000000 ) ;
#178 = ORIENTED_EDGE ( 'NONE', *, *, #1255, .F. ) ;
#179 = CARTESIAN_POINT ( 'NONE',  ( -0.9282520325203255096, 0.9000000000000001332, -0.3560298102981030444 ) ) ;
#180 = VECTOR ( 'NONE', #1678, 1000.000000000000000 ) ;
#181 = EDGE_CURVE ( 'NONE', #1004, #1163, #702, .T. ) ;
#182 = VERTEX_POINT ( 'NONE', #2082 ) ;
#183 = DIRECTION ( 'NONE',  ( -0.0000000000000000000, -1.000000000000000000, -0.0000000000000000000 ) ) ;
#184 = MECHANICAL_DESIGN_GEOMETRIC_PRESENTATION_REPRESENTATION (  '', ( #2354 ), #1498 ) ;
#185 =( NAMED_UNIT ( * ) PLANE_ANGLE_UNIT ( ) SI_UNIT ( $, .RADIAN. ) );
#186 = PRESENTATION_LAYER_ASSIGNMENT (  '', '', ( #1966 ) ) ;
#187 = LINE ( 'NONE', #570, #1996 ) ;
#188 = CARTESIAN_POINT ( 'NONE',  ( 1.521747967479674335, 0.7000000000000000666, -0.6060298102981029889 ) ) ;
#189 = CARTESIAN_POINT ( 'NONE',  ( 1.521747967479674335, 0.9000000000000001332, -0.1060298102981030305 ) ) ;
#190 = DIRECTION ( 'NONE',  ( 0.0000000000000000000, 1.000000000000000000, 0.0000000000000000000 ) ) ;
#191 = ORIENTED_EDGE ( 'NONE', *, *, #875, .T. ) ;
#192 = DIRECTION ( 'NONE',  ( -0.0000000000000000000, -1.000000000000000000, -0.0000000000000000000 ) ) ;
#193 = ORIENTED_EDGE ( 'NONE', *, *, #2102, .F. ) ;
#194 = ORIENTED_EDGE ( 'NONE', *, *, #334, .T. ) ;
#195 = SURFACE_STYLE_FILL_AREA ( #463 ) ;
#196 = FACE_BOUND ( 'NONE', #1549, .T. ) ;
#197 = EDGE_CURVE ( 'NONE', #761, #1509, #564, .T. ) ;
#198 =( LENGTH_UNIT ( ) NAMED_UNIT ( * ) SI_UNIT ( .MILLI., .METRE. ) );
#199 = DIRECTION ( 'NONE',  ( 0.0000000000000000000, 0.0000000000000000000, -1.000000000000000000 ) ) ;
#200 = CARTESIAN_POINT ( 'NONE',  ( -1.223252032520325328, 0.9000000000000001332, 0.1439701897018969834 ) ) ;
#201 = FILL_AREA_STYLE_COLOUR ( '', #2694 ) ;
#202 = CARTESIAN_POINT ( 'NONE',  ( 1.521747967479674335, 0.9000000000000001332, -0.3560298102981030444 ) ) ;
#203 = ORIENTED_EDGE ( 'NONE', *, *, #2741, .F. ) ;
#204 = PRESENTATION_STYLE_ASSIGNMENT (( #661 ) ) ;
#205 = ORIENTED_EDGE ( 'NONE', *, *, #1469, .T. ) ;
#206 = CARTESIAN_POINT ( 'NONE',  ( 1.816747967479674264, 0.9000000000000001332, -0.3560298102981030444 ) ) ;
#207 = EDGE_CURVE ( 'NONE', #80, #1185, #2796, .T. ) ;
#208 = CARTESIAN_POINT ( 'NONE',  ( -0.5157520325203255318, 0.9000000000000001332, 0.7314701897018971444 ) ) ;
#209 = EDGE_CURVE ( 'NONE', #1509, #23, #2301, .T. ) ;
#210 = AXIS2_PLACEMENT_3D ( 'NONE', #818, #1263, #1945 ) ;
#211 = SURFACE_SIDE_STYLE ('',( #698 ) ) ;
#212 = FACE_OUTER_BOUND ( 'NONE', #608, .T. ) ;
#213 = MECHANICAL_DESIGN_GEOMETRIC_PRESENTATION_REPRESENTATION (  '', ( #2481 ), #881 ) ;
#214 = VECTOR ( 'NONE', #2630, 1000.000000000000000 ) ;
#215 = LINE ( 'NONE', #2500, #739 ) ;
#216 = CARTESIAN_POINT ( 'NONE',  ( 1.521747967479674335, 0.9000000000000001332, 0.2689701897018969556 ) ) ;
#217 =( GEOMETRIC_REPRESENTATION_CONTEXT ( 3 ) GLOBAL_UNCERTAINTY_ASSIGNED_CONTEXT ( ( #2797 ) ) GLOBAL_UNIT_ASSIGNED_CONTEXT ( ( #1311, #581, #2873 ) ) REPRESENTATION_CONTEXT ( 'NONE', 'WORKASPACE' ) );
#218 = EDGE_LOOP ( 'NONE', ( #1117, #1646, #1754, #673 ) ) ;
#219 = FILL_AREA_STYLE ('',( #1547 ) ) ;
#220 = COLOUR_RGB ( '',0.7529411764705882248, 0.7529411764705882248, 0.7529411764705882248 ) ;
#221 = CARTESIAN_POINT ( 'NONE',  ( -1.223252032520325328, 0.9000000000000001332, -0.8560298102981029889 ) ) ;
#222 = VERTEX_POINT ( 'NONE', #1847 ) ;
#223 = COLOUR_RGB ( '',0.7529411764705882248, 0.7529411764705882248, 0.7529411764705882248 ) ;
#224 = FILL_AREA_STYLE ('',( #2244 ) ) ;
#225 =( GEOMETRIC_REPRESENTATION_CONTEXT ( 3 ) GLOBAL_UNCERTAINTY_ASSIGNED_CONTEXT ( ( #1934 ) ) GLOBAL_UNIT_ASSIGNED_CONTEXT ( ( #1753, #1298, #819 ) ) REPRESENTATION_CONTEXT ( 'NONE', 'WORKASPACE' ) );
#226 = COLOUR_RGB ( '',0.2509803921568627416, 0.2509803921568627416, 0.2509803921568627416 ) ;
#227 = FILL_AREA_STYLE_COLOUR ( '', #2389 ) ;
#228 = FILL_AREA_STYLE ('',( #424 ) ) ;
#229 = MECHANICAL_DESIGN_GEOMETRIC_PRESENTATION_REPRESENTATION (  '', ( #367 ), #2596 ) ;
#230 = DIRECTION ( 'NONE',  ( 0.0000000000000000000, 0.0000000000000000000, 1.000000000000000000 ) ) ;
#231 = DIRECTION ( 'NONE',  ( -1.000000000000000000, 0.0000000000000000000, 0.0000000000000000000 ) ) ;
#232 = LINE ( 'NONE', #2497, #2793 ) ;
#233 = EDGE_CURVE ( 'NONE', #508, #377, #1394, .T. ) ;
#234 = CARTESIAN_POINT ( 'NONE',  ( -0.9282520325203255096, 0.9000000000000001332, 0.3939701897018970111 ) ) ;
#235 = CARTESIAN_POINT ( 'NONE',  ( -1.223252032520325328, 0.7000000000000000666, 0.6439701897018970111 ) ) ;
#236 = EDGE_LOOP ( 'NONE', ( #1349, #370, #567, #2129 ) ) ;
#237 = FILL_AREA_STYLE ('',( #2258 ) ) ;
#238 = LINE ( 'NONE', #2242, #2939 ) ;
#239 = ORIENTED_EDGE ( 'NONE', *, *, #2516, .F. ) ;
#240 = SURFACE_STYLE_USAGE ( .BOTH. , #2262 ) ;
#241 = PRESENTATION_STYLE_ASSIGNMENT (( #1 ) ) ;
#242 = DIRECTION ( 'NONE',  ( 0.0000000000000000000, 0.0000000000000000000, -1.000000000000000000 ) ) ;
#243 = FILL_AREA_STYLE_COLOUR ( '', #223 ) ;
#244 = CARTESIAN_POINT ( 'NONE',  ( 1.109247967479674246, 0.9000000000000001332, 0.7314701897018971444 ) ) ;
#245 = LINE ( 'NONE', #1793, #1024 ) ;
#246 = EDGE_CURVE ( 'NONE', #752, #1590, #501, .T. ) ;
#247 = DIRECTION ( 'NONE',  ( -1.000000000000000000, 0.0000000000000000000, -0.0000000000000000000 ) ) ;
#248 =( NAMED_UNIT ( * ) SI_UNIT ( $, .STERADIAN. ) SOLID_ANGLE_UNIT ( ) );
#249 = ORIENTED_EDGE ( 'NONE', *, *, #246, .T. ) ;
#250 = CARTESIAN_POINT ( 'NONE',  ( 1.796747967479674690, 0.0000000000000000000, -0.9810298102981029889 ) ) ;
#251 = CARTESIAN_POINT ( 'NONE',  ( 1.796747967479675134, 0.8800000000000000044, 0.6439701897018970111 ) ) ;
#252 = PRESENTATION_STYLE_ASSIGNMENT (( #1644 ) ) ;
#253 = CARTESIAN_POINT ( 'NONE',  ( 1.521747967479674335, 0.9000000000000001332, 0.1439701897018969834 ) ) ;
#254 = CARTESIAN_POINT ( 'NONE',  ( 0.0000000000000000000, 0.8800000000000000044, 0.1439701897018969834 ) ) ;
#255 = LINE ( 'NONE', #699, #1352 ) ;
#256 =( GEOMETRIC_REPRESENTATION_CONTEXT ( 3 ) GLOBAL_UNCERTAINTY_ASSIGNED_CONTEXT ( ( #503 ) ) GLOBAL_UNIT_ASSIGNED_CONTEXT ( ( #2192, #2426, #2209 ) ) REPRESENTATION_CONTEXT ( 'NONE', 'WORKASPACE' ) );
#257 = MECHANICAL_DESIGN_GEOMETRIC_PRESENTATION_REPRESENTATION (  '', ( #108 ), #2140 ) ;
#258 = MECHANICAL_DESIGN_GEOMETRIC_PRESENTATION_REPRESENTATION (  '', ( #678 ), #1576 ) ;
#259 = EDGE_CURVE ( 'NONE', #85, #1176, #1418, .T. ) ;
#260 = PRESENTATION_LAYER_ASSIGNMENT (  '', '', ( #2481 ) ) ;
#261 = CARTESIAN_POINT ( 'NONE',  ( 1.521747967479674335, 0.8800000000000000044, -0.7310298102981029889 ) ) ;
#262 = ORIENTED_EDGE ( 'NONE', *, *, #2012, .F. ) ;
#263 = SURFACE_STYLE_FILL_AREA ( #1384 ) ;
#264 = SURFACE_STYLE_USAGE ( .BOTH. , #959 ) ;
#265 = VECTOR ( 'NONE', #871, 1000.000000000000000 ) ;
#266 = ADVANCED_FACE ( 'NONE', ( #2547 ), #276, .F. ) ;
#267 = COLOUR_RGB ( '',0.7529411764705882248, 0.7529411764705882248, 0.7529411764705882248 ) ;
#268 = PLANE ( 'NONE',  #1205 ) ;
#269 = FACE_OUTER_BOUND ( 'NONE', #2222, .T. ) ;
#270 = VECTOR ( 'NONE', #755, 1000.000000000000000 ) ;
#271 = FILL_AREA_STYLE ('',( #496 ) ) ;
#272 = ORIENTED_EDGE ( 'NONE', *, *, #2343, .T. ) ;
#273 = VECTOR ( 'NONE', #126, 1000.000000000000000 ) ;
#274 = CARTESIAN_POINT ( 'NONE',  ( -0.9081739123176676420, -0.001000000000000000021, 0.7208260150595385829 ) ) ;
#275 = SURFACE_STYLE_USAGE ( .BOTH. , #1896 ) ;
#276 = PLANE ( 'NONE',  #869 ) ;
#277 = LINE ( 'NONE', #490, #2550 ) ;
#278 = EDGE_LOOP ( 'NONE', ( #670, #1530, #1056, #628 ) ) ;
#279 = CARTESIAN_POINT ( 'NONE',  ( 1.816747967479674264, 0.7000000000000000666, -0.6060298102981029889 ) ) ;
#280 = SURFACE_STYLE_FILL_AREA ( #1167 ) ;
#281 = EDGE_CURVE ( 'NONE', #1980, #478, #53, .T. ) ;
#282 = VERTEX_POINT ( 'NONE', #759 ) ;
#283 = CARTESIAN_POINT ( 'NONE',  ( -0.9081739123176676420, 0.0000000000000000000, 0.7208260150595385829 ) ) ;
#284 = ADVANCED_FACE ( 'NONE', ( #1202 ), #2364, .F. ) ;
#285 = SURFACE_SIDE_STYLE ('',( #2293 ) ) ;
#286 =( NAMED_UNIT ( * ) PLANE_ANGLE_UNIT ( ) SI_UNIT ( $, .RADIAN. ) );
#287 = CARTESIAN_POINT ( 'NONE',  ( -1.203252032520325310, 0.7000000000000000666, 0.6439701897018970111 ) ) ;
#288 = ORIENTED_EDGE ( 'NONE', *, *, #2608, .T. ) ;
#289 = FILL_AREA_STYLE ('',( #2315 ) ) ;
#290 =( NAMED_UNIT ( * ) PLANE_ANGLE_UNIT ( ) SI_UNIT ( $, .RADIAN. ) );
#291 = UNCERTAINTY_MEASURE_WITH_UNIT (LENGTH_MEASURE( 1.000000000000000082E-05 ), #2341, 'distance_accuracy_value', 'NONE');
#292 = DIRECTION ( 'NONE',  ( -0.0000000000000000000, -1.000000000000000000, -0.0000000000000000000 ) ) ;
#293 = ORIENTED_EDGE ( 'NONE', *, *, #1749, .F. ) ;
#294 = LINE ( 'NONE', #492, #603 ) ;
#295 = PRESENTATION_STYLE_ASSIGNMENT (( #264 ) ) ;
#296 = ORIENTED_EDGE ( 'NONE', *, *, #841, .F. ) ;
#297 = CARTESIAN_POINT ( 'NONE',  ( 1.521747967479674335, 0.9000000000000001332, 0.2689701897018969556 ) ) ;
#298 = FILL_AREA_STYLE ('',( #1005 ) ) ;
#299 = EDGE_CURVE ( 'NONE', #2367, #2632, #2231, .T. ) ;
#300 = CARTESIAN_POINT ( 'NONE',  ( -0.9282520325203255096, 0.7000000000000000666, 0.7689701897018970111 ) ) ;
#301 = CARTESIAN_POINT ( 'NONE',  ( 0.2967479674796744682, 0.9000000000000001332, 0.7314701897018971444 ) ) ;
#302 = DIRECTION ( 'NONE',  ( 0.0000000000000000000, -1.000000000000000000, 0.0000000000000000000 ) ) ;
#303 = VERTEX_POINT ( 'NONE', #2715 ) ;
#304 = EDGE_CURVE ( 'NONE', #1738, #2612, #2233, .T. ) ;
#305 = COLOUR_RGB ( '',0.7529411764705882248, 0.7529411764705882248, 0.7529411764705882248 ) ;
#306 = VECTOR ( 'NONE', #2942, 1000.000000000000000 ) ;
#307 = ORIENTED_EDGE ( 'NONE', *, *, #528, .F. ) ;
#308 = CARTESIAN_POINT ( 'NONE',  ( -0.9282520325203255096, 0.7000000000000000666, -0.2310298102981030166 ) ) ;
#309 = VECTOR ( 'NONE', #2078, 1000.000000000000000 ) ;
#310 = STYLED_ITEM ( 'NONE', ( #1804 ), #1029 ) ;
#311 = ORIENTED_EDGE ( 'NONE', *, *, #2741, .T. ) ;
#312 = STYLED_ITEM ( 'NONE', ( #1425 ), #1976 ) ;
#313 = FILL_AREA_STYLE_COLOUR ( '', #2092 ) ;
#314 = COLOUR_RGB ( '',0.7529411764705882248, 0.7529411764705882248, 0.7529411764705882248 ) ;
#315 = VECTOR ( 'NONE', #1343, 1000.000000000000000 ) ;
#316 = VECTOR ( 'NONE', #381, 1000.000000000000000 ) ;
#317 = PLANE ( 'NONE',  #519 ) ;
#318 = STYLED_ITEM ( 'NONE', ( #1519 ), #2376 ) ;
#319 = VERTEX_POINT ( 'NONE', #200 ) ;
#320 = UNCERTAINTY_MEASURE_WITH_UNIT (LENGTH_MEASURE( 1.000000000000000082E-05 ), #2401, 'distance_accuracy_value', 'NONE');
#321 = MECHANICAL_DESIGN_GEOMETRIC_PRESENTATION_REPRESENTATION (  '', ( #695 ), #2843 ) ;
#322 = EDGE_CURVE ( 'NONE', #2823, #1955, #398, .T. ) ;
#323 = FILL_AREA_STYLE_COLOUR ( '', #769 ) ;
#324 = PLANE ( 'NONE',  #2499 ) ;
#325 = ORIENTED_EDGE ( 'NONE', *, *, #2588, .T. ) ;
#326 = ORIENTED_EDGE ( 'NONE', *, *, #1145, .F. ) ;
#327 = DIRECTION ( 'NONE',  ( -0.0000000000000000000, -1.000000000000000000, -0.0000000000000000000 ) ) ;
#328 = FILL_AREA_STYLE ('',( #1660 ) ) ;
#329 =( NAMED_UNIT ( * ) SI_UNIT ( $, .STERADIAN. ) SOLID_ANGLE_UNIT ( ) );
#330 = CARTESIAN_POINT ( 'NONE',  ( -1.203252032520325310, 0.8800000000000000044, -0.3560298102981030444 ) ) ;
#331 = ORIENTED_EDGE ( 'NONE', *, *, #901, .T. ) ;
#332 = PRESENTATION_STYLE_ASSIGNMENT (( #1012 ) ) ;
#333 = DIRECTION ( 'NONE',  ( -1.000000000000000000, 0.0000000000000000000, 0.0000000000000000000 ) ) ;
#334 = EDGE_CURVE ( 'NONE', #222, #430, #2011, .T. ) ;
#335 = CARTESIAN_POINT ( 'NONE',  ( 1.796747967479674690, 0.7000000000000000666, -0.9810298102981029889 ) ) ;
#336 = ADVANCED_FACE ( 'NONE', ( #1567 ), #1950, .T. ) ;
#337 = ORIENTED_EDGE ( 'NONE', *, *, #2248, .T. ) ;
#338 = CARTESIAN_POINT ( 'NONE',  ( -0.9282520325203255096, 0.9000000000000001332, -0.1060298102981030305 ) ) ;
#339 = PRESENTATION_STYLE_ASSIGNMENT (( #1253 ) ) ;
#340 = PRESENTATION_STYLE_ASSIGNMENT (( #147 ) ) ;
#341 = CARTESIAN_POINT ( 'NONE',  ( -1.203252032520325310, 0.8800000000000000044, 0.8939701897018970111 ) ) ;
#342 = ORIENTED_EDGE ( 'NONE', *, *, #711, .T. ) ;
#343 = DIRECTION ( 'NONE',  ( 1.000000000000000000, 0.0000000000000000000, -0.0000000000000000000 ) ) ;
#344 = FILL_AREA_STYLE_COLOUR ( '', #2246 ) ;
#345 = PRESENTATION_LAYER_ASSIGNMENT (  '', '', ( #2623 ) ) ;
#346 = FILL_AREA_STYLE_COLOUR ( '', #2083 ) ;
#347 = EDGE_CURVE ( 'NONE', #790, #571, #1755, .T. ) ;
#348 = VECTOR ( 'NONE', #1048, 1000.000000000000000 ) ;
#349 = VECTOR ( 'NONE', #659, 1000.000000000000000 ) ;
#350 = EDGE_LOOP ( 'NONE', ( #2397, #2318, #540, #734 ) ) ;
#351 = DIRECTION ( 'NONE',  ( -0.0000000000000000000, -1.000000000000000000, -0.0000000000000000000 ) ) ;
#352 = EDGE_CURVE ( 'NONE', #1797, #2518, #157, .T. ) ;
#353 = CARTESIAN_POINT ( 'NONE',  ( 1.816747967479674264, 0.9000000000000001332, -0.1060298102981030305 ) ) ;
#354 = DIRECTION ( 'NONE',  ( 0.0000000000000000000, 0.0000000000000000000, -1.000000000000000000 ) ) ;
#355 = STYLED_ITEM ( 'NONE', ( #2110 ), #2023 ) ;
#356 = LINE ( 'NONE', #2860, #407 ) ;
#357 = LINE ( 'NONE', #1042, #1355 ) ;
#358 = ORIENTED_EDGE ( 'NONE', *, *, #1604, .T. ) ;
#359 = PRESENTATION_LAYER_ASSIGNMENT (  '', '', ( #312 ) ) ;
#360 = MECHANICAL_DESIGN_GEOMETRIC_PRESENTATION_REPRESENTATION (  '', ( #1404 ), #2643 ) ;
#361 = FILL_AREA_STYLE ('',( #1698 ) ) ;
#362 = AXIS2_PLACEMENT_3D ( 'NONE', #1410, #2553, #2286 ) ;
#363 = AXIS2_PLACEMENT_3D ( 'NONE', #2609, #30, #2285 ) ;
#364 = DIRECTION ( 'NONE',  ( 0.0000000000000000000, 0.0000000000000000000, 1.000000000000000000 ) ) ;
#365 = PRESENTATION_LAYER_ASSIGNMENT (  '', '', ( #1109 ) ) ;
#366 = CARTESIAN_POINT ( 'NONE',  ( 0.0000000000000000000, 0.8800000000000000044, -0.3560298102981030444 ) ) ;
#367 = STYLED_ITEM ( 'NONE', ( #2952 ), #2772 ) ;
#368 = CARTESIAN_POINT ( 'NONE',  ( 1.796747967479674690, 0.8800000000000000044, -0.9810298102981029889 ) ) ;
#369 = STYLED_ITEM ( 'NONE', ( #1748 ), #2949 ) ;
#370 = ORIENTED_EDGE ( 'NONE', *, *, #2027, .T. ) ;
#371 = SURFACE_STYLE_FILL_AREA ( #569 ) ;
#372 = FILL_AREA_STYLE_COLOUR ( '', #1216 ) ;
#373 = EDGE_CURVE ( 'NONE', #1476, #2460, #1745, .T. ) ;
#374 =( NAMED_UNIT ( * ) PLANE_ANGLE_UNIT ( ) SI_UNIT ( $, .RADIAN. ) );
#375 = PRESENTATION_STYLE_ASSIGNMENT (( #787 ) ) ;
#376 = LINE ( 'NONE', #2419, #684 ) ;
#377 = VERTEX_POINT ( 'NONE', #1301 ) ;
#378 = ADVANCED_FACE ( 'NONE', ( #1283 ), #2180, .T. ) ;
#379 = DIRECTION ( 'NONE',  ( 0.0000000000000000000, 0.0000000000000000000, -1.000000000000000000 ) ) ;
#380 = DIRECTION ( 'NONE',  ( -2.168404344971008621E-16, 0.0000000000000000000, -1.000000000000000000 ) ) ;
#381 = DIRECTION ( 'NONE',  ( 0.0000000000000000000, 0.0000000000000000000, 1.000000000000000000 ) ) ;
#382 = ORIENTED_EDGE ( 'NONE', *, *, #1875, .T. ) ;
#383 = CARTESIAN_POINT ( 'NONE',  ( 1.796747967479674912, 0.8800000000000000044, -0.3560298102981030444 ) ) ;
#384 = ORIENTED_EDGE ( 'NONE', *, *, #1166, .F. ) ;
#385 = FILL_AREA_STYLE ('',( #616 ) ) ;
#386 = SURFACE_STYLE_FILL_AREA ( #1915 ) ;
#387 = FILL_AREA_STYLE ('',( #2600 ) ) ;
#388 = CARTESIAN_POINT ( 'NONE',  ( 1.521747967479674335, 0.9000000000000001332, -0.3560298102981030444 ) ) ;
#389 = LINE ( 'NONE', #1291, #2048 ) ;
#390 = LINE ( 'NONE', #404, #2877 ) ;
#391 = ORIENTED_EDGE ( 'NONE', *, *, #1321, .F. ) ;
#392 = DIRECTION ( 'NONE',  ( 0.0000000000000000000, -0.0000000000000000000, 1.000000000000000000 ) ) ;
#393 = CARTESIAN_POINT ( 'NONE',  ( -1.203252032520325310, 0.7000000000000000666, 0.8939701897018970111 ) ) ;
#394 = EDGE_CURVE ( 'NONE', #2856, #2885, #840, .T. ) ;
#395 = ORIENTED_EDGE ( 'NONE', *, *, #1465, .F. ) ;
#396 =( LENGTH_UNIT ( ) NAMED_UNIT ( * ) SI_UNIT ( .MILLI., .METRE. ) );
#397 = CARTESIAN_POINT ( 'NONE',  ( 1.816747967479674264, 0.9000000000000001332, -0.3560298102981030444 ) ) ;
#398 = CIRCLE ( 'NONE', #2042, 0.1250000000000000000 ) ;
#399 = ORIENTED_EDGE ( 'NONE', *, *, #1465, .T. ) ;
#400 = DIRECTION ( 'NONE',  ( 1.000000000000000000, -0.0000000000000000000, -0.0000000000000000000 ) ) ;
#401 = AXIS2_PLACEMENT_3D ( 'NONE', #1454, #1699, #747 ) ;
#402 = FILL_AREA_STYLE_COLOUR ( '', #27 ) ;
#403 = COLOUR_RGB ( '',0.7529411764705882248, 0.7529411764705882248, 0.7529411764705882248 ) ;
#404 = CARTESIAN_POINT ( 'NONE',  ( 0.0000000000000000000, 0.8800000000000000044, 0.6439701897018970111 ) ) ;
#405 = UNCERTAINTY_MEASURE_WITH_UNIT (LENGTH_MEASURE( 1.000000000000000082E-05 ), #1557, 'distance_accuracy_value', 'NONE');
#406 = AXIS2_PLACEMENT_3D ( 'NONE', #559, #2128, #1008 ) ;
#407 = VECTOR ( 'NONE', #631, 1000.000000000000000 ) ;
#408 = CARTESIAN_POINT ( 'NONE',  ( -0.5157520325203255318, 0.9000000000000001332, -0.6935298102981029000 ) ) ;
#409 = FILL_AREA_STYLE ('',( #2637 ) ) ;
#410 = STYLED_ITEM ( 'NONE', ( #339 ), #2045 ) ;
#411 = ORIENTED_EDGE ( 'NONE', *, *, #136, .F. ) ;
#412 = UNCERTAINTY_MEASURE_WITH_UNIT (LENGTH_MEASURE( 1.000000000000000082E-05 ), #439, 'distance_accuracy_value', 'NONE');
#413 = EDGE_CURVE ( 'NONE', #222, #2502, #2674, .T. ) ;
#414 = PRESENTATION_LAYER_ASSIGNMENT (  '', '', ( #2887 ) ) ;
#415 = CARTESIAN_POINT ( 'NONE',  ( -1.203252032520325310, 0.0000000000000000000, 1.018970189701897011 ) ) ;
#416 = VERTEX_POINT ( 'NONE', #415 ) ;
#417 = ORIENTED_EDGE ( 'NONE', *, *, #2215, .T. ) ;
#418 = VECTOR ( 'NONE', #151, 1000.000000000000000 ) ;
#419 = MECHANICAL_DESIGN_GEOMETRIC_PRESENTATION_REPRESENTATION (  '', ( #1962 ), #1833 ) ;
#420 = ORIENTED_EDGE ( 'NONE', *, *, #1599, .F. ) ;
#421 =( NAMED_UNIT ( * ) SI_UNIT ( $, .STERADIAN. ) SOLID_ANGLE_UNIT ( ) );
#422 = DIRECTION ( 'NONE',  ( 0.0000000000000000000, 0.0000000000000000000, 1.000000000000000000 ) ) ;
#423 = VECTOR ( 'NONE', #2610, 1000.000000000000000 ) ;
#424 = FILL_AREA_STYLE_COLOUR ( '', #1533 ) ;
#425 = LINE ( 'NONE', #2921, #2593 ) ;
#426 = CARTESIAN_POINT ( 'NONE',  ( 1.796747967479674912, 0.8800000000000000044, -0.3560298102981030444 ) ) ;
#427 = DIRECTION ( 'NONE',  ( 0.0000000000000000000, 0.0000000000000000000, -1.000000000000000000 ) ) ;
#428 = ORIENTED_EDGE ( 'NONE', *, *, #2608, .F. ) ;
#429 = EDGE_CURVE ( 'NONE', #1163, #2626, #609, .T. ) ;
#430 = VERTEX_POINT ( 'NONE', #1036 ) ;
#431 = CARTESIAN_POINT ( 'NONE',  ( 1.521747967479674335, 0.7000000000000000666, 0.2689701897018969556 ) ) ;
#432 = DIRECTION ( 'NONE',  ( -0.0000000000000000000, -1.000000000000000000, -0.0000000000000000000 ) ) ;
#433 = EDGE_CURVE ( 'NONE', #1923, #1658, #2854, .T. ) ;
#434 = DIRECTION ( 'NONE',  ( 0.0000000000000000000, 0.0000000000000000000, 1.000000000000000000 ) ) ;
#435 =( LENGTH_UNIT ( ) NAMED_UNIT ( * ) SI_UNIT ( .MILLI., .METRE. ) );
#436 =( NAMED_UNIT ( * ) PLANE_ANGLE_UNIT ( ) SI_UNIT ( $, .RADIAN. ) );
#437 = CARTESIAN_POINT ( 'NONE',  ( 0.0000000000000000000, 0.8800000000000000044, -0.8560298102981029889 ) ) ;
#438 = LINE ( 'NONE', #2746, #730 ) ;
#439 =( LENGTH_UNIT ( ) NAMED_UNIT ( * ) SI_UNIT ( .MILLI., .METRE. ) );
#440 = ORIENTED_EDGE ( 'NONE', *, *, #674, .F. ) ;
#441 = UNCERTAINTY_MEASURE_WITH_UNIT (LENGTH_MEASURE( 1.000000000000000082E-05 ), #1887, 'distance_accuracy_value', 'NONE');
#442 = ORIENTED_EDGE ( 'NONE', *, *, #158, .F. ) ;
#443 =( NAMED_UNIT ( * ) SI_UNIT ( $, .STERADIAN. ) SOLID_ANGLE_UNIT ( ) );
#444 = CLOSED_SHELL ( 'NONE', ( #2365, #1029, #2437, #2174, #2669, #1234, #284, #2281, #575, #1972, #820, #858, #2772, #1380, #2650, #1023, #970, #1077, #1936, #378, #2686, #2949, #2212, #1130, #648, #1338, #2191, #1976, #2252, #336, #614, #2512, #1088, #2943, #560, #2065, #84, #2889, #266, #1043, #824, #697, #2133, #2396, #1277, #1985, #2376, #544, #153, #1406, #131, #2023, #2704, #2814, #1510, #2269, #96, #1506, #1695, #1933, #2045, #1620 ) ) ;
#445 = FILL_AREA_STYLE ('',( #13 ) ) ;
#446 = EDGE_CURVE ( 'NONE', #23, #2622, #1935, .T. ) ;
#447 = DIRECTION ( 'NONE',  ( 0.0000000000000000000, 0.0000000000000000000, -1.000000000000000000 ) ) ;
#448 = PRESENTATION_LAYER_ASSIGNMENT (  '', '', ( #168 ) ) ;
#449 = CARTESIAN_POINT ( 'NONE',  ( 1.796747967479675134, 0.7000000000000000666, 0.6439701897018970111 ) ) ;
#450 = DIRECTION ( 'NONE',  ( 1.000000000000000000, 0.0000000000000000000, 0.0000000000000000000 ) ) ;
#451 = ORIENTED_EDGE ( 'NONE', *, *, #413, .F. ) ;
#452 = VECTOR ( 'NONE', #1081, 1000.000000000000000 ) ;
#453 = COLOUR_RGB ( '',0.2509803921568627416, 0.2509803921568627416, 0.2509803921568627416 ) ;
#454 = FILL_AREA_STYLE_COLOUR ( '', #2590 ) ;
#455 = STYLED_ITEM ( 'NONE', ( #375 ), #970 ) ;
#456 = ORIENTED_EDGE ( 'NONE', *, *, #394, .T. ) ;
#457 = CARTESIAN_POINT ( 'NONE',  ( 1.521747967479674335, 0.9000000000000001332, -0.3560298102981030444 ) ) ;
#458 = AXIS2_PLACEMENT_3D ( 'NONE', #308, #975, #1879 ) ;
#459 = DIRECTION ( 'NONE',  ( 0.0000000000000000000, 1.000000000000000000, 0.0000000000000000000 ) ) ;
#460 = VERTEX_POINT ( 'NONE', #500 ) ;
#461 = COLOUR_RGB ( '',0.7529411764705882248, 0.7529411764705882248, 0.7529411764705882248 ) ;
#462 = COLOUR_RGB ( '',0.7529411764705882248, 0.7529411764705882248, 0.7529411764705882248 ) ;
#463 = FILL_AREA_STYLE ('',( #664 ) ) ;
#464 = SURFACE_SIDE_STYLE ('',( #1819 ) ) ;
#465 = FILL_AREA_STYLE ('',( #15 ) ) ;
#466 = COLOUR_RGB ( '',0.7529411764705882248, 0.7529411764705882248, 0.7529411764705882248 ) ;
#467 = DIRECTION ( 'NONE',  ( 0.0000000000000000000, -0.0000000000000000000, 1.000000000000000000 ) ) ;
#468 = CARTESIAN_POINT ( 'NONE',  ( 1.796747967479674912, 0.7000000000000000666, -0.3560298102981030444 ) ) ;
#469 = DIRECTION ( 'NONE',  ( -0.0000000000000000000, 1.000000000000000000, -0.0000000000000000000 ) ) ;
#470 = SURFACE_STYLE_USAGE ( .BOTH. , #2498 ) ;
#471 = VERTEX_POINT ( 'NONE', #202 ) ;
#472 = UNCERTAINTY_MEASURE_WITH_UNIT (LENGTH_MEASURE( 1.000000000000000082E-05 ), #844, 'distance_accuracy_value', 'NONE');
#473 = EDGE_CURVE ( 'NONE', #1172, #2393, #714, .T. ) ;
#474 =( LENGTH_UNIT ( ) NAMED_UNIT ( * ) SI_UNIT ( .MILLI., .METRE. ) );
#475 = DIRECTION ( 'NONE',  ( 0.0000000000000000000, 1.000000000000000000, 0.0000000000000000000 ) ) ;
#476 = ORIENTED_EDGE ( 'NONE', *, *, #304, .T. ) ;
#477 =( NAMED_UNIT ( * ) SI_UNIT ( $, .STERADIAN. ) SOLID_ANGLE_UNIT ( ) );
#478 = VERTEX_POINT ( 'NONE', #235 ) ;
#479 = SURFACE_SIDE_STYLE ('',( #263 ) ) ;
#480 = DIRECTION ( 'NONE',  ( -1.000000000000000000, 0.0000000000000000000, 0.0000000000000000000 ) ) ;
#481 = PRESENTATION_STYLE_ASSIGNMENT (( #2217 ) ) ;
#482 = LINE ( 'NONE', #1170, #2548 ) ;
#483 = FILL_AREA_STYLE ('',( #1601 ) ) ;
#484 = DIRECTION ( 'NONE',  ( 0.0000000000000000000, -0.0000000000000000000, 1.000000000000000000 ) ) ;
#485 = ORIENTED_EDGE ( 'NONE', *, *, #1181, .F. ) ;
#486 = DIRECTION ( 'NONE',  ( -1.000000000000000000, 0.0000000000000000000, -0.0000000000000000000 ) ) ;
#487 = FILL_AREA_STYLE_COLOUR ( '', #2089 ) ;
#488 = EDGE_CURVE ( 'NONE', #1176, #282, #2749, .T. ) ;
#489 = ORIENTED_EDGE ( 'NONE', *, *, #1222, .T. ) ;
#490 = CARTESIAN_POINT ( 'NONE',  ( 0.0000000000000000000, 0.8800000000000000044, -0.6060298102981029889 ) ) ;
#491 = EDGE_LOOP ( 'NONE', ( #1766, #2504, #1910, #803 ) ) ;
#492 = CARTESIAN_POINT ( 'NONE',  ( -1.203252032520325310, 0.0000000000000000000, -0.9810298102981029889 ) ) ;
#493 =( GEOMETRIC_REPRESENTATION_CONTEXT ( 3 ) GLOBAL_UNCERTAINTY_ASSIGNED_CONTEXT ( ( #1464 ) ) GLOBAL_UNIT_ASSIGNED_CONTEXT ( ( #650, #1606, #689 ) ) REPRESENTATION_CONTEXT ( 'NONE', 'WORKASPACE' ) );
#494 = CARTESIAN_POINT ( 'NONE',  ( -0.9282520325203255096, 0.9000000000000001332, -0.1060298102981030305 ) ) ;
#495 =( NAMED_UNIT ( * ) SI_UNIT ( $, .STERADIAN. ) SOLID_ANGLE_UNIT ( ) );
#496 = FILL_AREA_STYLE_COLOUR ( '', #462 ) ;
#497 = ORIENTED_EDGE ( 'NONE', *, *, #1712, .T. ) ;
#498 = VECTOR ( 'NONE', #22, 1000.000000000000000 ) ;
#499 = DIRECTION ( 'NONE',  ( 0.0000000000000000000, 0.0000000000000000000, 1.000000000000000000 ) ) ;
#500 = CARTESIAN_POINT ( 'NONE',  ( -0.9282520325203255096, 0.8800000000000000044, -0.1060298102981030305 ) ) ;
#501 = LINE ( 'NONE', #1639, #1811 ) ;
#502 = VECTOR ( 'NONE', #1565, 1000.000000000000000 ) ;
#503 = UNCERTAINTY_MEASURE_WITH_UNIT (LENGTH_MEASURE( 1.000000000000000082E-05 ), #2192, 'distance_accuracy_value', 'NONE');
#504 = EDGE_CURVE ( 'NONE', #1664, #1461, #2928, .T. ) ;
#505 = CIRCLE ( 'NONE', #924, 0.1750396297353078445 ) ;
#506 = MECHANICAL_DESIGN_GEOMETRIC_PRESENTATION_REPRESENTATION (  '', ( #310 ), #778 ) ;
#507 = SURFACE_STYLE_USAGE ( .BOTH. , #944 ) ;
#508 = VERTEX_POINT ( 'NONE', #885 ) ;
#509 = EDGE_LOOP ( 'NONE', ( #1003, #1044, #2597, #2808 ) ) ;
#510 = SURFACE_STYLE_FILL_AREA ( #1596 ) ;
#511 = VECTOR ( 'NONE', #1471, 1000.000000000000000 ) ;
#512 = EDGE_CURVE ( 'NONE', #2122, #2612, #1528, .T. ) ;
#513 = COLOUR_RGB ( '',0.7529411764705882248, 0.7529411764705882248, 0.7529411764705882248 ) ;
#514 = VECTOR ( 'NONE', #1281, 1000.000000000000000 ) ;
#515 = EDGE_LOOP ( 'NONE', ( #2900, #2711, #1053, #1905, #2304, #1981 ) ) ;
#516 = DIRECTION ( 'NONE',  ( -0.0000000000000000000, -0.0000000000000000000, 1.000000000000000000 ) ) ;
#517 = MECHANICAL_DESIGN_GEOMETRIC_PRESENTATION_REPRESENTATION (  '', ( #1109 ), #1113 ) ;
#518 = LINE ( 'NONE', #2522, #1878 ) ;
#519 = AXIS2_PLACEMENT_3D ( 'NONE', #2932, #1941, #1691 ) ;
#520 =( LENGTH_UNIT ( ) NAMED_UNIT ( * ) SI_UNIT ( .MILLI., .METRE. ) );
#521 = EDGE_LOOP ( 'NONE', ( #1250, #1233, #683, #1345 ) ) ;
#522 = AXIS2_PLACEMENT_3D ( 'NONE', #1572, #1347, #703 ) ;
#523 = SURFACE_SIDE_STYLE ('',( #2776 ) ) ;
#524 = DIRECTION ( 'NONE',  ( 0.0000000000000000000, 0.0000000000000000000, 1.000000000000000000 ) ) ;
#525 = CARTESIAN_POINT ( 'NONE',  ( 1.816747967479674264, 0.9000000000000001332, -0.8560298102981029889 ) ) ;
#526 = ORIENTED_EDGE ( 'NONE', *, *, #532, .F. ) ;
#527 =( LENGTH_UNIT ( ) NAMED_UNIT ( * ) SI_UNIT ( .MILLI., .METRE. ) );
#528 = EDGE_CURVE ( 'NONE', #688, #2885, #2013, .T. ) ;
#529 = LINE ( 'NONE', #1178, #2886 ) ;
#530 = EDGE_LOOP ( 'NONE', ( #1190, #763, #420, #288 ) ) ;
#531 =( NAMED_UNIT ( * ) PLANE_ANGLE_UNIT ( ) SI_UNIT ( $, .RADIAN. ) );
#532 = EDGE_CURVE ( 'NONE', #1738, #303, #549, .T. ) ;
#533 = EDGE_LOOP ( 'NONE', ( #140, #547, #900, #2444 ) ) ;
#534 = DIRECTION ( 'NONE',  ( -0.0000000000000000000, -1.000000000000000000, -0.0000000000000000000 ) ) ;
#535 = FACE_OUTER_BOUND ( 'NONE', #2336, .T. ) ;
#536 = DIRECTION ( 'NONE',  ( 1.000000000000000000, 0.0000000000000000000, 0.0000000000000000000 ) ) ;
#537 = UNCERTAINTY_MEASURE_WITH_UNIT (LENGTH_MEASURE( 1.000000000000000082E-05 ), #396, 'distance_accuracy_value', 'NONE');
#538 = ORIENTED_EDGE ( 'NONE', *, *, #1855, .T. ) ;
#539 =( NAMED_UNIT ( * ) PLANE_ANGLE_UNIT ( ) SI_UNIT ( $, .RADIAN. ) );
#540 = ORIENTED_EDGE ( 'NONE', *, *, #2064, .T. ) ;
#541 = CARTESIAN_POINT ( 'NONE',  ( -0.9282520325203255096, 0.7000000000000000666, -0.7310298102981029889 ) ) ;
#542 = SURFACE_STYLE_FILL_AREA ( #328 ) ;
#543 = APPLICATION_CONTEXT ( 'automotive_design' ) ;
#544 = ADVANCED_FACE ( 'NONE', ( #1619 ), #1369, .T. ) ;
#545 = DIRECTION ( 'NONE',  ( 1.000000000000000000, -0.0000000000000000000, -0.0000000000000000000 ) ) ;
#546 = AXIS2_PLACEMENT_3D ( 'NONE', #2413, #1302, #2193 ) ;
#547 = ORIENTED_EDGE ( 'NONE', *, *, #2402, .T. ) ;
#548 = FILL_AREA_STYLE ('',( #1199 ) ) ;
#549 = CIRCLE ( 'NONE', #1058, 0.1250000000000000000 ) ;
#550 = DIRECTION ( 'NONE',  ( -2.168404344971008621E-16, 0.0000000000000000000, -1.000000000000000000 ) ) ;
#551 = ORIENTED_EDGE ( 'NONE', *, *, #1047, .F. ) ;
#552 = MECHANICAL_DESIGN_GEOMETRIC_PRESENTATION_REPRESENTATION (  '', ( #2784 ), #2583 ) ;
#553 =( GEOMETRIC_REPRESENTATION_CONTEXT ( 3 ) GLOBAL_UNCERTAINTY_ASSIGNED_CONTEXT ( ( #2853 ) ) GLOBAL_UNIT_ASSIGNED_CONTEXT ( ( #1424, #2520, #2565 ) ) REPRESENTATION_CONTEXT ( 'NONE', 'WORKASPACE' ) );
#554 = ORIENTED_EDGE ( 'NONE', *, *, #1334, .F. ) ;
#555 = COLOUR_RGB ( '',0.7529411764705882248, 0.7529411764705882248, 0.7529411764705882248 ) ;
#556 = COLOUR_RGB ( '',0.7529411764705882248, 0.7529411764705882248, 0.7529411764705882248 ) ;
#557 = CARTESIAN_POINT ( 'NONE',  ( -0.9282520325203255096, 0.8800000000000000044, 0.1439701897018969834 ) ) ;
#558 = DIRECTION ( 'NONE',  ( 1.000000000000000000, 0.0000000000000000000, -0.0000000000000000000 ) ) ;
#559 = CARTESIAN_POINT ( 'NONE',  ( 1.521747967479674335, 0.9000000000000001332, -0.8560298102981029889 ) ) ;
#560 = ADVANCED_FACE ( 'NONE', ( #928 ), #41, .F. ) ;
#561 = ORIENTED_EDGE ( 'NONE', *, *, #136, .T. ) ;
#562 = PRESENTATION_LAYER_ASSIGNMENT (  '', '', ( #1962 ) ) ;
#563 = FACE_OUTER_BOUND ( 'NONE', #1111, .T. ) ;
#564 = LINE ( 'NONE', #2560, #162 ) ;
#565 =( GEOMETRIC_REPRESENTATION_CONTEXT ( 3 ) GLOBAL_UNCERTAINTY_ASSIGNED_CONTEXT ( ( #2605 ) ) GLOBAL_UNIT_ASSIGNED_CONTEXT ( ( #1889, #2551, #2105 ) ) REPRESENTATION_CONTEXT ( 'NONE', 'WORKASPACE' ) );
#566 = DIRECTION ( 'NONE',  ( -1.000000000000000000, 0.0000000000000000000, 0.0000000000000000000 ) ) ;
#567 = ORIENTED_EDGE ( 'NONE', *, *, #532, .T. ) ;
#568 = VERTEX_POINT ( 'NONE', #2607 ) ;
#569 = FILL_AREA_STYLE ('',( #1020 ) ) ;
#570 = CARTESIAN_POINT ( 'NONE',  ( 1.816747967479674264, 0.7000000000000000666, 0.3939701897018970111 ) ) ;
#571 = VERTEX_POINT ( 'NONE', #2810 ) ;
#572 = DIRECTION ( 'NONE',  ( 1.000000000000000000, 0.0000000000000000000, 0.0000000000000000000 ) ) ;
#573 = CARTESIAN_POINT ( 'NONE',  ( 1.796747967479674690, 0.8800000000000000044, -0.9810298102981029889 ) ) ;
#574 = ORIENTED_EDGE ( 'NONE', *, *, #2723, .F. ) ;
#575 = ADVANCED_FACE ( 'NONE', ( #969 ), #987, .F. ) ;
#576 = CARTESIAN_POINT ( 'NONE',  ( -0.5157520325203255318, 0.8800000000000000044, -0.6935298102981029000 ) ) ;
#577 = CARTESIAN_POINT ( 'NONE',  ( 1.109247967479674246, 0.9000000000000001332, -0.6935298102981029000 ) ) ;
#578 = ORIENTED_EDGE ( 'NONE', *, *, #1577, .F. ) ;
#579 = LINE ( 'NONE', #1687, #511 ) ;
#580 =( LENGTH_UNIT ( ) NAMED_UNIT ( * ) SI_UNIT ( .MILLI., .METRE. ) );
#581 =( NAMED_UNIT ( * ) PLANE_ANGLE_UNIT ( ) SI_UNIT ( $, .RADIAN. ) );
#582 = CARTESIAN_POINT ( 'NONE',  ( -1.203252032520325310, 0.8800000000000000044, -0.3560298102981030444 ) ) ;
#583 = ORIENTED_EDGE ( 'NONE', *, *, #1169, .F. ) ;
#584 = CARTESIAN_POINT ( 'NONE',  ( 1.796747967479674912, 0.8800000000000000044, -0.1060298102981030305 ) ) ;
#585 = CARTESIAN_POINT ( 'NONE',  ( -0.9282520325203255096, 0.9000000000000001332, -0.8560298102981029889 ) ) ;
#586 =( NAMED_UNIT ( * ) SI_UNIT ( $, .STERADIAN. ) SOLID_ANGLE_UNIT ( ) );
#587 = ORIENTED_EDGE ( 'NONE', *, *, #2470, .F. ) ;
#588 = UNCERTAINTY_MEASURE_WITH_UNIT (LENGTH_MEASURE( 1.000000000000000082E-05 ), #1236, 'distance_accuracy_value', 'NONE');
#589 = EDGE_LOOP ( 'NONE', ( #2800, #1060, #2484, #194 ) ) ;
#590 = SURFACE_STYLE_USAGE ( .BOTH. , #1285 ) ;
#591 = AXIS2_PLACEMENT_3D ( 'NONE', #155, #1512, #1072 ) ;
#592 = EDGE_CURVE ( 'NONE', #319, #1322, #2130, .T. ) ;
#593 = COLOUR_RGB ( '',0.7529411764705882248, 0.7529411764705882248, 0.7529411764705882248 ) ;
#594 = VERTEX_POINT ( 'NONE', #2117 ) ;
#595 = CARTESIAN_POINT ( 'NONE',  ( 1.796747967479674912, 0.7000000000000000666, -0.1060298102981030305 ) ) ;
#596 = AXIS2_PLACEMENT_3D ( 'NONE', #2835, #2791, #2568 ) ;
#597 = VECTOR ( 'NONE', #1779, 1000.000000000000000 ) ;
#598 = VECTOR ( 'NONE', #516, 1000.000000000000000 ) ;
#599 = FILL_AREA_STYLE ('',( #2833 ) ) ;
#600 = DIRECTION ( 'NONE',  ( -0.0000000000000000000, -1.000000000000000000, -0.0000000000000000000 ) ) ;
#601 = DIRECTION ( 'NONE',  ( -0.0000000000000000000, -1.000000000000000000, -0.0000000000000000000 ) ) ;
#602 = ORIENTED_EDGE ( 'NONE', *, *, #765, .T. ) ;
#603 = VECTOR ( 'NONE', #1031, 1000.000000000000000 ) ;
#604 =( LENGTH_UNIT ( ) NAMED_UNIT ( * ) SI_UNIT ( .MILLI., .METRE. ) );
#605 = VECTOR ( 'NONE', #1886, 1000.000000000000000 ) ;
#606 = AXIS2_PLACEMENT_3D ( 'NONE', #2278, #450, #896 ) ;
#607 = PRESENTATION_STYLE_ASSIGNMENT (( #1046 ) ) ;
#608 = EDGE_LOOP ( 'NONE', ( #538, #945, #1428, #239, #1073, #1305 ) ) ;
#609 = LINE ( 'NONE', #1924, #2825 ) ;
#610 = VERTEX_POINT ( 'NONE', #1000 ) ;
#611 = PRESENTATION_LAYER_ASSIGNMENT (  '', '', ( #2354 ) ) ;
#612 = LINE ( 'NONE', #368, #16 ) ;
#613 =( GEOMETRIC_REPRESENTATION_CONTEXT ( 3 ) GLOBAL_UNCERTAINTY_ASSIGNED_CONTEXT ( ( #2143 ) ) GLOBAL_UNIT_ASSIGNED_CONTEXT ( ( #2170, #1690, #830 ) ) REPRESENTATION_CONTEXT ( 'NONE', 'WORKASPACE' ) );
#614 = ADVANCED_FACE ( 'NONE', ( #535 ), #2300, .F. ) ;
#615 = VERTEX_POINT ( 'NONE', #585 ) ;
#616 = FILL_AREA_STYLE_COLOUR ( '', #2692 ) ;
#617 = CARTESIAN_POINT ( 'NONE',  ( -1.223252032520325328, 0.9000000000000001332, -0.6060298102981029889 ) ) ;
#618 = EDGE_CURVE ( 'NONE', #790, #2559, #1741, .T. ) ;
#619 =( NAMED_UNIT ( * ) SI_UNIT ( $, .STERADIAN. ) SOLID_ANGLE_UNIT ( ) );
#620 = DIRECTION ( 'NONE',  ( -1.000000000000000000, 0.0000000000000000000, -0.0000000000000000000 ) ) ;
#621 = DIRECTION ( 'NONE',  ( -0.0000000000000000000, -1.000000000000000000, -0.0000000000000000000 ) ) ;
#622 = ORIENTED_EDGE ( 'NONE', *, *, #861, .F. ) ;
#623 =( NAMED_UNIT ( * ) PLANE_ANGLE_UNIT ( ) SI_UNIT ( $, .RADIAN. ) );
#624 = DIRECTION ( 'NONE',  ( 0.0000000000000000000, -1.000000000000000000, 0.0000000000000000000 ) ) ;
#625 = EDGE_LOOP ( 'NONE', ( #2794, #2561, #2420, #1095 ) ) ;
#626 = ORIENTED_EDGE ( 'NONE', *, *, #1986, .T. ) ;
#627 = CARTESIAN_POINT ( 'NONE',  ( -1.203252032520325310, 0.7000000000000000666, -0.9810298102981029889 ) ) ;
#628 = ORIENTED_EDGE ( 'NONE', *, *, #2488, .T. ) ;
#629 = LINE ( 'NONE', #2379, #2931 ) ;
#630 =( NAMED_UNIT ( * ) PLANE_ANGLE_UNIT ( ) SI_UNIT ( $, .RADIAN. ) );
#631 = DIRECTION ( 'NONE',  ( 1.000000000000000000, 0.0000000000000000000, 0.0000000000000000000 ) ) ;
#632 = CARTESIAN_POINT ( 'NONE',  ( 1.521747967479674335, 0.9000000000000001332, -0.1060298102981030305 ) ) ;
#633 = EDGE_CURVE ( 'NONE', #1743, #40, #2880, .T. ) ;
#634 = FILL_AREA_STYLE_COLOUR ( '', #461 ) ;
#635 = LINE ( 'NONE', #139, #316 ) ;
#636 = ORIENTED_EDGE ( 'NONE', *, *, #1840, .F. ) ;
#637 = DIRECTION ( 'NONE',  ( -0.0000000000000000000, -1.000000000000000000, -0.0000000000000000000 ) ) ;
#638 = MECHANICAL_DESIGN_GEOMETRIC_PRESENTATION_REPRESENTATION (  '', ( #63 ), #493 ) ;
#639 = COLOUR_RGB ( '',0.7529411764705882248, 0.7529411764705882248, 0.7529411764705882248 ) ;
#640 = ORIENTED_EDGE ( 'NONE', *, *, #1389, .T. ) ;
#641 = CARTESIAN_POINT ( 'NONE',  ( -1.223252032520325328, 0.9000000000000001332, 0.8939701897018970111 ) ) ;
#642 = STYLED_ITEM ( 'NONE', ( #756 ), #858 ) ;
#643 = DIRECTION ( 'NONE',  ( -1.000000000000000000, 0.0000000000000000000, 0.0000000000000000000 ) ) ;
#644 = EDGE_CURVE ( 'NONE', #712, #865, #2177, .T. ) ;
#645 = AXIS2_PLACEMENT_3D ( 'NONE', #2471, #1324, #422 ) ;
#646 =( NAMED_UNIT ( * ) PLANE_ANGLE_UNIT ( ) SI_UNIT ( $, .RADIAN. ) );
#647 = DIRECTION ( 'NONE',  ( 1.000000000000000000, -0.0000000000000000000, -0.0000000000000000000 ) ) ;
#648 = ADVANCED_FACE ( 'NONE', ( #1520 ), #138, .F. ) ;
#649 = ORIENTED_EDGE ( 'NONE', *, *, #1604, .F. ) ;
#650 =( LENGTH_UNIT ( ) NAMED_UNIT ( * ) SI_UNIT ( .MILLI., .METRE. ) );
#651 = COLOUR_RGB ( '',0.7529411764705882248, 0.7529411764705882248, 0.7529411764705882248 ) ;
#652 = ORIENTED_EDGE ( 'NONE', *, *, #2493, .F. ) ;
#653 = DIRECTION ( 'NONE',  ( -1.000000000000000000, 0.0000000000000000000, 0.0000000000000000000 ) ) ;
#654 = COLOUR_RGB ( '',0.7921568627450980005, 0.8196078431372548767, 0.9333333333333333481 ) ;
#655 = FACE_OUTER_BOUND ( 'NONE', #278, .T. ) ;
#656 = CARTESIAN_POINT ( 'NONE',  ( -1.203252032520325310, 0.7000000000000000666, 0.3939701897018970111 ) ) ;
#657 = LINE ( 'NONE', #2510, #113 ) ;
#658 = ORIENTED_EDGE ( 'NONE', *, *, #711, .F. ) ;
#659 = DIRECTION ( 'NONE',  ( -2.168404344971008868E-16, -0.0000000000000000000, -1.000000000000000000 ) ) ;
#660 = ORIENTED_EDGE ( 'NONE', *, *, #115, .T. ) ;
#661 = SURFACE_STYLE_USAGE ( .BOTH. , #1132 ) ;
#662 = EDGE_CURVE ( 'NONE', #319, #701, #1723, .T. ) ;
#663 = ORIENTED_EDGE ( 'NONE', *, *, #1820, .T. ) ;
#664 = FILL_AREA_STYLE_COLOUR ( '', #835 ) ;
#665 = FACE_OUTER_BOUND ( 'NONE', #2068, .T. ) ;
#666 = SURFACE_STYLE_USAGE ( .BOTH. , #1122 ) ;
#667 = DIRECTION ( 'NONE',  ( -0.0000000000000000000, -1.000000000000000000, -0.0000000000000000000 ) ) ;
#668 = UNCERTAINTY_MEASURE_WITH_UNIT (LENGTH_MEASURE( 1.000000000000000082E-05 ), #2123, 'distance_accuracy_value', 'NONE');
#669 = FILL_AREA_STYLE_COLOUR ( '', #1437 ) ;
#670 = ORIENTED_EDGE ( 'NONE', *, *, #2343, .F. ) ;
#671 = LINE ( 'NONE', #1371, #161 ) ;
#672 = FILL_AREA_STYLE ('',( #1594 ) ) ;
#673 = ORIENTED_EDGE ( 'NONE', *, *, #1898, .T. ) ;
#674 = EDGE_CURVE ( 'NONE', #688, #1575, #2898, .T. ) ;
#675 = CARTESIAN_POINT ( 'NONE',  ( -0.9282520325203255096, 0.9000000000000001332, -0.3560298102981030444 ) ) ;
#676 = EDGE_CURVE ( 'NONE', #2604, #571, #1030, .T. ) ;
#677 = VECTOR ( 'NONE', #380, 1000.000000000000000 ) ;
#678 = STYLED_ITEM ( 'NONE', ( #2146 ), #697 ) ;
#679 = CARTESIAN_POINT ( 'NONE',  ( 1.796747967479674690, 0.8800000000000000044, -0.9810298102981029889 ) ) ;
#680 =( LENGTH_UNIT ( ) NAMED_UNIT ( * ) SI_UNIT ( .MILLI., .METRE. ) );
#681 = CARTESIAN_POINT ( 'NONE',  ( -0.9282520325203255096, 0.7000000000000000666, 0.3939701897018970111 ) ) ;
#682 = FILL_AREA_STYLE ('',( #2727 ) ) ;
#683 = ORIENTED_EDGE ( 'NONE', *, *, #2443, .F. ) ;
#684 = VECTOR ( 'NONE', #2383, 1000.000000000000000 ) ;
#685 = AXIS2_PLACEMENT_3D ( 'NONE', #764, #2769, #72 ) ;
#686 =( GEOMETRIC_REPRESENTATION_CONTEXT ( 3 ) GLOBAL_UNCERTAINTY_ASSIGNED_CONTEXT ( ( #472 ) ) GLOBAL_UNIT_ASSIGNED_CONTEXT ( ( #844, #630, #2200 ) ) REPRESENTATION_CONTEXT ( 'NONE', 'WORKASPACE' ) );
#687 = VECTOR ( 'NONE', #2846, 1000.000000000000000 ) ;
#688 = VERTEX_POINT ( 'NONE', #408 ) ;
#689 =( NAMED_UNIT ( * ) SI_UNIT ( $, .STERADIAN. ) SOLID_ANGLE_UNIT ( ) );
#690 = CIRCLE ( 'NONE', #122, 0.1250000000000000000 ) ;
#691 = MECHANICAL_DESIGN_GEOMETRIC_PRESENTATION_REPRESENTATION (  '', ( #2296 ), #123 ) ;
#692 = LINE ( 'NONE', #1848, #1495 ) ;
#693 = ORIENTED_EDGE ( 'NONE', *, *, #2308, .F. ) ;
#694 =( GEOMETRIC_REPRESENTATION_CONTEXT ( 3 ) GLOBAL_UNCERTAINTY_ASSIGNED_CONTEXT ( ( #1828 ) ) GLOBAL_UNIT_ASSIGNED_CONTEXT ( ( #1442, #2299, #1219 ) ) REPRESENTATION_CONTEXT ( 'NONE', 'WORKASPACE' ) );
#695 = STYLED_ITEM ( 'NONE', ( #2653 ), #2686 ) ;
#696 = SURFACE_SIDE_STYLE ('',( #2228 ) ) ;
#697 = ADVANCED_FACE ( 'NONE', ( #1082 ), #1978, .T. ) ;
#698 = SURFACE_STYLE_FILL_AREA ( #1326 ) ;
#699 = CARTESIAN_POINT ( 'NONE',  ( -1.203252032520325310, 0.8800000000000000044, -0.6060298102981029889 ) ) ;
#700 = CARTESIAN_POINT ( 'NONE',  ( 1.521747967479674335, 0.8800000000000000044, -0.2310298102981030166 ) ) ;
#701 = VERTEX_POINT ( 'NONE', #1090 ) ;
#702 = LINE ( 'NONE', #1621, #917 ) ;
#703 = DIRECTION ( 'NONE',  ( 0.0000000000000000000, 0.0000000000000000000, 1.000000000000000000 ) ) ;
#704 = VERTEX_POINT ( 'NONE', #2219 ) ;
#705 = FACE_OUTER_BOUND ( 'NONE', #1037, .T. ) ;
#706 = FACE_OUTER_BOUND ( 'NONE', #1920, .T. ) ;
#707 = FILL_AREA_STYLE_COLOUR ( '', #116 ) ;
#708 = PRESENTATION_STYLE_ASSIGNMENT (( #2276 ) ) ;
#709 = PRESENTATION_STYLE_ASSIGNMENT (( #2311 ) ) ;
#710 = FACE_OUTER_BOUND ( 'NONE', #509, .T. ) ;
#711 = EDGE_CURVE ( 'NONE', #957, #2675, #438, .T. ) ;
#712 = VERTEX_POINT ( 'NONE', #2035 ) ;
#713 = FILL_AREA_STYLE ('',( #1845 ) ) ;
#714 = LINE ( 'NONE', #1796, #349 ) ;
#715 = DIRECTION ( 'NONE',  ( 1.000000000000000000, 0.0000000000000000000, 0.0000000000000000000 ) ) ;
#716 = DIRECTION ( 'NONE',  ( 0.0000000000000000000, 1.000000000000000000, 0.0000000000000000000 ) ) ;
#717 = ORIENTED_EDGE ( 'NONE', *, *, #2611, .T. ) ;
#718 = PLANE ( 'NONE',  #2487 ) ;
#719 = ORIENTED_EDGE ( 'NONE', *, *, #1166, .T. ) ;
#720 = SURFACE_STYLE_USAGE ( .BOTH. , #1628 ) ;
#721 = DIRECTION ( 'NONE',  ( 0.0000000000000000000, 0.0000000000000000000, -1.000000000000000000 ) ) ;
#722 = MECHANICAL_DESIGN_GEOMETRIC_PRESENTATION_REPRESENTATION (  '', ( #1009 ), #1241 ) ;
#723 = CARTESIAN_POINT ( 'NONE',  ( 1.521747967479674335, 0.8800000000000000044, 0.3939701897018970111 ) ) ;
#724 =( LENGTH_UNIT ( ) NAMED_UNIT ( * ) SI_UNIT ( .MILLI., .METRE. ) );
#725 = CARTESIAN_POINT ( 'NONE',  ( 1.796747967479674690, 0.7000000000000000666, -0.6060298102981029889 ) ) ;
#726 = ORIENTED_EDGE ( 'NONE', *, *, #1196, .T. ) ;
#727 = EDGE_CURVE ( 'NONE', #1955, #2393, #657, .T. ) ;
#728 = FILL_AREA_STYLE_COLOUR ( '', #872 ) ;
#729 =( GEOMETRIC_REPRESENTATION_CONTEXT ( 3 ) GLOBAL_UNCERTAINTY_ASSIGNED_CONTEXT ( ( #1586 ) ) GLOBAL_UNIT_ASSIGNED_CONTEXT ( ( #520, #90, #788 ) ) REPRESENTATION_CONTEXT ( 'NONE', 'WORKASPACE' ) );
#730 = VECTOR ( 'NONE', #2476, 1000.000000000000000 ) ;
#731 = AXIS2_PLACEMENT_3D ( 'NONE', #353, #2892, #2183 ) ;
#732 = EDGE_CURVE ( 'NONE', #2689, #610, #1105, .T. ) ;
#733 = CARTESIAN_POINT ( 'NONE',  ( 0.0000000000000000000, 0.8800000000000000044, 0.3939701897018970111 ) ) ;
#734 = ORIENTED_EDGE ( 'NONE', *, *, #861, .T. ) ;
#735 = PRESENTATION_STYLE_ASSIGNMENT (( #2783 ) ) ;
#736 = FILL_AREA_STYLE_COLOUR ( '', #513 ) ;
#737 =( GEOMETRIC_REPRESENTATION_CONTEXT ( 3 ) GLOBAL_UNCERTAINTY_ASSIGNED_CONTEXT ( ( #2703 ) ) GLOBAL_UNIT_ASSIGNED_CONTEXT ( ( #1135, #2226, #1351 ) ) REPRESENTATION_CONTEXT ( 'NONE', 'WORKASPACE' ) );
#738 = STYLED_ITEM ( 'NONE', ( #2017 ), #1280 ) ;
#739 = VECTOR ( 'NONE', #2459, 1000.000000000000000 ) ;
#740 = AXIS2_PLACEMENT_3D ( 'NONE', #2672, #190, #364 ) ;
#741 = VERTEX_POINT ( 'NONE', #1806 ) ;
#742 = DIRECTION ( 'NONE',  ( 0.0000000000000000000, 1.000000000000000000, 0.0000000000000000000 ) ) ;
#743 = PRESENTATION_LAYER_ASSIGNMENT (  '', '', ( #1493 ) ) ;
#744 = ORIENTED_EDGE ( 'NONE', *, *, #1954, .T. ) ;
#745 = AXIS2_PLACEMENT_3D ( 'NONE', #261, #716, #2071 ) ;
#746 = LINE ( 'NONE', #770, #180 ) ;
#747 = DIRECTION ( 'NONE',  ( -1.000000000000000000, 0.0000000000000000000, -0.0000000000000000000 ) ) ;
#748 = EDGE_CURVE ( 'NONE', #1575, #2768, #909, .T. ) ;
#749 = ORIENTED_EDGE ( 'NONE', *, *, #1487, .T. ) ;
#750 = FACE_OUTER_BOUND ( 'NONE', #1415, .T. ) ;
#751 = EDGE_CURVE ( 'NONE', #2524, #1702, #38, .T. ) ;
#752 = VERTEX_POINT ( 'NONE', #468 ) ;
#753 =( NAMED_UNIT ( * ) SI_UNIT ( $, .STERADIAN. ) SOLID_ANGLE_UNIT ( ) );
#754 = CARTESIAN_POINT ( 'NONE',  ( 1.796747967479675134, 0.8800000000000000044, 0.8939701897018970111 ) ) ;
#755 = DIRECTION ( 'NONE',  ( -0.0000000000000000000, -0.0000000000000000000, 1.000000000000000000 ) ) ;
#756 = PRESENTATION_STYLE_ASSIGNMENT (( #2806 ) ) ;
#757 =( LENGTH_UNIT ( ) NAMED_UNIT ( * ) SI_UNIT ( .MILLI., .METRE. ) );
#758 = EDGE_LOOP ( 'NONE', ( #2121, #1433, #485, #2073, #2658, #1470 ) ) ;
#759 = CARTESIAN_POINT ( 'NONE',  ( -1.223252032520325328, 0.9000000000000001332, -0.1060298102981030305 ) ) ;
#760 = LINE ( 'NONE', #796, #423 ) ;
#761 = VERTEX_POINT ( 'NONE', #2496 ) ;
#762 = EDGE_CURVE ( 'NONE', #1714, #826, #255, .T. ) ;
#763 = ORIENTED_EDGE ( 'NONE', *, *, #2137, .F. ) ;
#764 = CARTESIAN_POINT ( 'NONE',  ( -0.9282520325203255096, 0.9000000000000001332, 0.7689701897018970111 ) ) ;
#765 = EDGE_CURVE ( 'NONE', #2885, #2768, #1378, .T. ) ;
#766 = FILL_AREA_STYLE ('',( #2815 ) ) ;
#767 = PLANE ( 'NONE',  #920 ) ;
#768 = VERTEX_POINT ( 'NONE', #895 ) ;
#769 = COLOUR_RGB ( '',0.2509803921568627416, 0.2509803921568627416, 0.2509803921568627416 ) ;
#770 = CARTESIAN_POINT ( 'NONE',  ( 1.521747967479674335, 0.9000000000000001332, 0.1439701897018969834 ) ) ;
#771 =( LENGTH_UNIT ( ) NAMED_UNIT ( * ) SI_UNIT ( .MILLI., .METRE. ) );
#772 = VERTEX_POINT ( 'NONE', #449 ) ;
#773 = VECTOR ( 'NONE', #1267, 1000.000000000000000 ) ;
#774 = CARTESIAN_POINT ( 'NONE',  ( -1.203252032520325310, 0.8800000000000000044, 0.6439701897018970111 ) ) ;
#775 = VECTOR ( 'NONE', #2230, 1000.000000000000000 ) ;
#776 = ORIENTED_EDGE ( 'NONE', *, *, #765, .F. ) ;
#777 = VECTOR ( 'NONE', #2229, 1000.000000000000000 ) ;
#778 =( GEOMETRIC_REPRESENTATION_CONTEXT ( 3 ) GLOBAL_UNCERTAINTY_ASSIGNED_CONTEXT ( ( #1204 ) ) GLOBAL_UNIT_ASSIGNED_CONTEXT ( ( #435, #1337, #2938 ) ) REPRESENTATION_CONTEXT ( 'NONE', 'WORKASPACE' ) );
#779 = EDGE_LOOP ( 'NONE', ( #193, #2950 ) ) ;
#780 = CARTESIAN_POINT ( 'NONE',  ( 1.521747967479674335, 0.9000000000000001332, -0.2310298102981030166 ) ) ;
#781 = CIRCLE ( 'NONE', #2539, 0.1250000000000000000 ) ;
#782 =( NAMED_UNIT ( * ) SI_UNIT ( $, .STERADIAN. ) SOLID_ANGLE_UNIT ( ) );
#783 = STYLED_ITEM ( 'NONE', ( #2705 ), #2269 ) ;
#784 =( LENGTH_UNIT ( ) NAMED_UNIT ( * ) SI_UNIT ( .MILLI., .METRE. ) );
#785 = MECHANICAL_DESIGN_GEOMETRIC_PRESENTATION_REPRESENTATION (  '', ( #2887 ), #225 ) ;
#786 = SURFACE_STYLE_FILL_AREA ( #599 ) ;
#787 = SURFACE_STYLE_USAGE ( .BOTH. , #117 ) ;
#788 =( NAMED_UNIT ( * ) SI_UNIT ( $, .STERADIAN. ) SOLID_ANGLE_UNIT ( ) );
#789 = VECTOR ( 'NONE', #1089, 1000.000000000000000 ) ;
#790 = VERTEX_POINT ( 'NONE', #1339 ) ;
#791 = UNCERTAINTY_MEASURE_WITH_UNIT (LENGTH_MEASURE( 1.000000000000000082E-05 ), #580, 'distance_accuracy_value', 'NONE');
#792 = EDGE_CURVE ( 'NONE', #1575, #1743, #1363, .T. ) ;
#793 = CARTESIAN_POINT ( 'NONE',  ( -1.203252032520325310, 0.8800000000000000044, -0.8560298102981029889 ) ) ;
#794 = VECTOR ( 'NONE', #550, 1000.000000000000000 ) ;
#795 = UNCERTAINTY_MEASURE_WITH_UNIT (LENGTH_MEASURE( 1.000000000000000082E-05 ), #680, 'distance_accuracy_value', 'NONE');
#796 = CARTESIAN_POINT ( 'NONE',  ( -1.203252032520325310, 0.8800000000000000044, -0.9810298102981029889 ) ) ;
#797 = FACE_OUTER_BOUND ( 'NONE', #2090, .T. ) ;
#798 = ORIENTED_EDGE ( 'NONE', *, *, #2529, .F. ) ;
#799 = FACE_OUTER_BOUND ( 'NONE', #855, .T. ) ;
#800 = FILL_AREA_STYLE_COLOUR ( '', #651 ) ;
#801 = LINE ( 'NONE', #846, #1401 ) ;
#802 = CYLINDRICAL_SURFACE ( 'NONE', #26, 0.1250000000000000000 ) ;
#803 = ORIENTED_EDGE ( 'NONE', *, *, #259, .T. ) ;
#804 = CARTESIAN_POINT ( 'NONE',  ( -0.9282520325203255096, 0.9000000000000001332, 0.3939701897018970111 ) ) ;
#805 = PRESENTATION_STYLE_ASSIGNMENT (( #172 ) ) ;
#806 = EDGE_CURVE ( 'NONE', #1860, #2836, #1792, .T. ) ;
#807 =( NAMED_UNIT ( * ) PLANE_ANGLE_UNIT ( ) SI_UNIT ( $, .RADIAN. ) );
#808 = DIRECTION ( 'NONE',  ( 0.0000000000000000000, -0.0000000000000000000, 1.000000000000000000 ) ) ;
#809 = EDGE_CURVE ( 'NONE', #704, #851, #2714, .T. ) ;
#810 = LINE ( 'NONE', #397, #2868 ) ;
#811 = ORIENTED_EDGE ( 'NONE', *, *, #1785, .F. ) ;
#812 = LINE ( 'NONE', #338, #687 ) ;
#813 = SURFACE_SIDE_STYLE ('',( #2894 ) ) ;
#814 = FACE_OUTER_BOUND ( 'NONE', #1078, .T. ) ;
#815 = DIRECTION ( 'NONE',  ( 0.0000000000000000000, 0.0000000000000000000, 1.000000000000000000 ) ) ;
#816 = ORIENTED_EDGE ( 'NONE', *, *, #48, .F. ) ;
#817 = CARTESIAN_POINT ( 'NONE',  ( 1.521747967479674335, 0.9000000000000001332, 0.7689701897018970111 ) ) ;
#818 = CARTESIAN_POINT ( 'NONE',  ( -0.9282520325203255096, 0.9000000000000001332, -0.3560298102981030444 ) ) ;
#819 =( NAMED_UNIT ( * ) SI_UNIT ( $, .STERADIAN. ) SOLID_ANGLE_UNIT ( ) );
#820 = ADVANCED_FACE ( 'NONE', ( #1823 ), #2456, .F. ) ;
#821 = VECTOR ( 'NONE', #2411, 1000.000000000000000 ) ;
#822 =( NAMED_UNIT ( * ) PLANE_ANGLE_UNIT ( ) SI_UNIT ( $, .RADIAN. ) );
#823 = DIRECTION ( 'NONE',  ( -2.168404344971008868E-16, -0.0000000000000000000, -1.000000000000000000 ) ) ;
#824 = ADVANCED_FACE ( 'NONE', ( #1398 ), #767, .T. ) ;
#825 = COLOUR_RGB ( '',0.7529411764705882248, 0.7529411764705882248, 0.7529411764705882248 ) ;
#826 = VERTEX_POINT ( 'NONE', #1007 ) ;
#827 = CARTESIAN_POINT ( 'NONE',  ( 1.521747967479674335, 0.9000000000000001332, -0.8560298102981029889 ) ) ;
#828 = CARTESIAN_POINT ( 'NONE',  ( 1.521747967479674335, 0.7000000000000000666, 0.1439701897018969834 ) ) ;
#829 = COLOUR_RGB ( '',0.7529411764705882248, 0.7529411764705882248, 0.7529411764705882248 ) ;
#830 =( NAMED_UNIT ( * ) SI_UNIT ( $, .STERADIAN. ) SOLID_ANGLE_UNIT ( ) );
#831 = PRESENTATION_LAYER_ASSIGNMENT (  '', '', ( #2930 ) ) ;
#832 = VECTOR ( 'NONE', #57, 1000.000000000000000 ) ;
#833 = LINE ( 'NONE', #632, #2633 ) ;
#834 = ORIENTED_EDGE ( 'NONE', *, *, #1561, .F. ) ;
#835 = COLOUR_RGB ( '',0.2509803921568627416, 0.2509803921568627416, 0.2509803921568627416 ) ;
#836 = VECTOR ( 'NONE', #2205, 1000.000000000000000 ) ;
#837 = LINE ( 'NONE', #2908, #2492 ) ;
#838 = ORIENTED_EDGE ( 'NONE', *, *, #2563, .T. ) ;
#839 = VECTOR ( 'NONE', #1397, 1000.000000000000000 ) ;
#840 = LINE ( 'NONE', #1727, #1994 ) ;
#841 = EDGE_CURVE ( 'NONE', #1230, #2693, #2558, .T. ) ;
#842 = VERTEX_POINT ( 'NONE', #76 ) ;
#843 = EDGE_CURVE ( 'NONE', #1923, #2061, #1451, .T. ) ;
#844 =( LENGTH_UNIT ( ) NAMED_UNIT ( * ) SI_UNIT ( .MILLI., .METRE. ) );
#845 = DIRECTION ( 'NONE',  ( 0.0000000000000000000, 0.0000000000000000000, -1.000000000000000000 ) ) ;
#846 = CARTESIAN_POINT ( 'NONE',  ( -1.223252032520325328, 0.9000000000000001332, -0.1060298102981030305 ) ) ;
#847 = DIRECTION ( 'NONE',  ( -0.0000000000000000000, -1.000000000000000000, -0.0000000000000000000 ) ) ;
#848 = LINE ( 'NONE', #1511, #2546 ) ;
#849 = CARTESIAN_POINT ( 'NONE',  ( -0.5157520325203255318, 0.9000000000000001332, 0.7314701897018971444 ) ) ;
#850 = LINE ( 'NONE', #2865, #2349 ) ;
#851 = VERTEX_POINT ( 'NONE', #2325 ) ;
#852 = UNCERTAINTY_MEASURE_WITH_UNIT (LENGTH_MEASURE( 1.000000000000000082E-05 ), #2678, 'distance_accuracy_value', 'NONE');
#853 = CARTESIAN_POINT ( 'NONE',  ( -0.9282520325203255096, 0.9000000000000001332, -0.2310298102981030166 ) ) ;
#854 = PRESENTATION_STYLE_ASSIGNMENT (( #2645 ) ) ;
#855 = EDGE_LOOP ( 'NONE', ( #2237, #1452, #798, #1746 ) ) ;
#856 = LINE ( 'NONE', #1531, #1536 ) ;
#857 = CARTESIAN_POINT ( 'NONE',  ( -0.9282520325203255096, 0.9000000000000001332, -0.7310298102981029889 ) ) ;
#858 = ADVANCED_FACE ( 'NONE', ( #2127 ), #1436, .F. ) ;
#859 = FILL_AREA_STYLE ('',( #1562 ) ) ;
#860 = CARTESIAN_POINT ( 'NONE',  ( 1.521747967479674335, 0.7000000000000000666, 0.3939701897018970111 ) ) ;
#861 = EDGE_CURVE ( 'NONE', #768, #1634, #187, .T. ) ;
#862 = DIRECTION ( 'NONE',  ( 1.000000000000000000, 0.0000000000000000000, -0.0000000000000000000 ) ) ;
#863 = FILL_AREA_STYLE ('',( #2907 ) ) ;
#864 = PLANE ( 'NONE',  #606 ) ;
#865 = VERTEX_POINT ( 'NONE', #1274 ) ;
#866 = SURFACE_STYLE_FILL_AREA ( #1329 ) ;
#867 = ORIENTED_EDGE ( 'NONE', *, *, #2102, .T. ) ;
#868 = FACE_OUTER_BOUND ( 'NONE', #1467, .T. ) ;
#869 = AXIS2_PLACEMENT_3D ( 'NONE', #2070, #1174, #1429 ) ;
#870 = EDGE_LOOP ( 'NONE', ( #2142, #554, #442, #1409 ) ) ;
#871 = DIRECTION ( 'NONE',  ( -0.0000000000000000000, -1.000000000000000000, -0.0000000000000000000 ) ) ;
#872 = COLOUR_RGB ( '',0.7529411764705882248, 0.7529411764705882248, 0.7529411764705882248 ) ;
#873 =( NAMED_UNIT ( * ) PLANE_ANGLE_UNIT ( ) SI_UNIT ( $, .RADIAN. ) );
#874 =( GEOMETRIC_REPRESENTATION_CONTEXT ( 3 ) GLOBAL_UNCERTAINTY_ASSIGNED_CONTEXT ( ( #2549 ) ) GLOBAL_UNIT_ASSIGNED_CONTEXT ( ( #724, #2816, #1171 ) ) REPRESENTATION_CONTEXT ( 'NONE', 'WORKASPACE' ) );
#875 = EDGE_CURVE ( 'NONE', #568, #416, #1491, .T. ) ;
#876 = COLOUR_RGB ( '',0.7529411764705882248, 0.7529411764705882248, 0.7529411764705882248 ) ;
#877 = VECTOR ( 'NONE', #2665, 1000.000000000000000 ) ;
#878 = LINE ( 'NONE', #437, #1778 ) ;
#879 = CARTESIAN_POINT ( 'NONE',  ( -0.5157520325203255318, 0.9000000000000001332, 0.7314701897018971444 ) ) ;
#880 = DIRECTION ( 'NONE',  ( 1.000000000000000000, -0.0000000000000000000, -0.0000000000000000000 ) ) ;
#881 =( GEOMETRIC_REPRESENTATION_CONTEXT ( 3 ) GLOBAL_UNCERTAINTY_ASSIGNED_CONTEXT ( ( #175 ) ) GLOBAL_UNIT_ASSIGNED_CONTEXT ( ( #198, #1552, #1839 ) ) REPRESENTATION_CONTEXT ( 'NONE', 'WORKASPACE' ) );
#882 = EDGE_CURVE ( 'NONE', #2518, #1720, #1239, .T. ) ;
#883 = STYLED_ITEM ( 'NONE', ( #1705 ), #1130 ) ;
#884 = STYLED_ITEM ( 'NONE', ( #1087 ), #2174 ) ;
#885 = CARTESIAN_POINT ( 'NONE',  ( 1.521747967479674335, 0.8800000000000000044, 0.6439701897018970111 ) ) ;
#886 = ORIENTED_EDGE ( 'NONE', *, *, #2620, .T. ) ;
#887 = CARTESIAN_POINT ( 'NONE',  ( 1.521747967479674335, 0.9000000000000001332, 0.3939701897018970111 ) ) ;
#888 = AXIS2_PLACEMENT_3D ( 'NONE', #274, #2775, #1417 ) ;
#889 = UNCERTAINTY_MEASURE_WITH_UNIT (LENGTH_MEASURE( 1.000000000000000082E-05 ), #1159, 'distance_accuracy_value', 'NONE');
#890 = MECHANICAL_DESIGN_GEOMETRIC_PRESENTATION_REPRESENTATION (  '', ( #1493 ), #2158 ) ;
#891 = ORIENTED_EDGE ( 'NONE', *, *, #2904, .T. ) ;
#892 = LINE ( 'NONE', #2935, #2739 ) ;
#893 = DIRECTION ( 'NONE',  ( 0.0000000000000000000, 0.0000000000000000000, 1.000000000000000000 ) ) ;
#894 =( LENGTH_UNIT ( ) NAMED_UNIT ( * ) SI_UNIT ( .MILLI., .METRE. ) );
#895 = CARTESIAN_POINT ( 'NONE',  ( 1.816747967479674264, 0.7000000000000000666, 0.1439701897018969834 ) ) ;
#896 = DIRECTION ( 'NONE',  ( 0.0000000000000000000, 0.0000000000000000000, -1.000000000000000000 ) ) ;
#897 = DIRECTION ( 'NONE',  ( -0.0000000000000000000, -1.000000000000000000, -0.0000000000000000000 ) ) ;
#898 = EDGE_CURVE ( 'NONE', #1827, #1943, #2172, .T. ) ;
#899 = DIRECTION ( 'NONE',  ( -0.0000000000000000000, -1.000000000000000000, -0.0000000000000000000 ) ) ;
#900 = ORIENTED_EDGE ( 'NONE', *, *, #2529, .T. ) ;
#901 = EDGE_CURVE ( 'NONE', #1245, #1448, #2161, .T. ) ;
#902 = CYLINDRICAL_SURFACE ( 'NONE', #522, 0.1750396297353078445 ) ;
#903 = ORIENTED_EDGE ( 'NONE', *, *, #2215, .F. ) ;
#904 =( LENGTH_UNIT ( ) NAMED_UNIT ( * ) SI_UNIT ( .MILLI., .METRE. ) );
#905 = LINE ( 'NONE', #2449, #1359 ) ;
#906 = SURFACE_SIDE_STYLE ('',( #2724 ) ) ;
#907 = SURFACE_STYLE_FILL_AREA ( #228 ) ;
#908 = CARTESIAN_POINT ( 'NONE',  ( 1.521747967479674335, 0.7000000000000000666, -0.1060298102981030305 ) ) ;
#909 = LINE ( 'NONE', #879, #502 ) ;
#910 = FILL_AREA_STYLE_COLOUR ( '', #556 ) ;
#911 = CARTESIAN_POINT ( 'NONE',  ( -1.223252032520325328, 0.9000000000000001332, -0.1060298102981030305 ) ) ;
#912 = ORIENTED_EDGE ( 'NONE', *, *, #2756, .T. ) ;
#913 = CARTESIAN_POINT ( 'NONE',  ( -1.203252032520325310, 0.8800000000000000044, 1.018970189701897011 ) ) ;
#914 = EDGE_LOOP ( 'NONE', ( #622, #1513, #1212, #1835 ) ) ;
#915 =( NAMED_UNIT ( * ) SI_UNIT ( $, .STERADIAN. ) SOLID_ANGLE_UNIT ( ) );
#916 = EDGE_CURVE ( 'NONE', #772, #2595, #356, .T. ) ;
#917 = VECTOR ( 'NONE', #2329, 1000.000000000000000 ) ;
#918 = CARTESIAN_POINT ( 'NONE',  ( -1.203252032520325310, 0.8800000000000000044, 1.018970189701897011 ) ) ;
#919 = VECTOR ( 'NONE', #92, 1000.000000000000000 ) ;
#920 = AXIS2_PLACEMENT_3D ( 'NONE', #60, #1674, #2541 ) ;
#921 = DIRECTION ( 'NONE',  ( 1.000000000000000000, 0.0000000000000000000, 0.0000000000000000000 ) ) ;
#922 = CARTESIAN_POINT ( 'NONE',  ( -0.9282520325203255096, 0.7000000000000000666, -0.8560298102981029889 ) ) ;
#923 = LINE ( 'NONE', #1340, #177 ) ;
#924 = AXIS2_PLACEMENT_3D ( 'NONE', #2405, #1066, #2666 ) ;
#925 = AXIS2_PLACEMENT_3D ( 'NONE', #641, #2507, #2917 ) ;
#926 = LINE ( 'NONE', #1588, #176 ) ;
#927 = VECTOR ( 'NONE', #742, 1000.000000000000000 ) ;
#928 = FACE_OUTER_BOUND ( 'NONE', #997, .T. ) ;
#929 = MECHANICAL_DESIGN_GEOMETRIC_PRESENTATION_REPRESENTATION (  '', ( #1638 ), #2838 ) ;
#930 = ORIENTED_EDGE ( 'NONE', *, *, #1780, .F. ) ;
#931 = DIRECTION ( 'NONE',  ( -0.0000000000000000000, -1.000000000000000000, -0.0000000000000000000 ) ) ;
#932 = AXIS2_PLACEMENT_3D ( 'NONE', #1998, #2245, #1149 ) ;
#933 =( NAMED_UNIT ( * ) PLANE_ANGLE_UNIT ( ) SI_UNIT ( $, .RADIAN. ) );
#934 = ORIENTED_EDGE ( 'NONE', *, *, #644, .T. ) ;
#935 =( GEOMETRIC_REPRESENTATION_CONTEXT ( 3 ) GLOBAL_UNCERTAINTY_ASSIGNED_CONTEXT ( ( #1416 ) ) GLOBAL_UNIT_ASSIGNED_CONTEXT ( ( #137, #1791, #2906 ) ) REPRESENTATION_CONTEXT ( 'NONE', 'WORKASPACE' ) );
#936 = LINE ( 'NONE', #573, #1685 ) ;
#937 = VECTOR ( 'NONE', #545, 1000.000000000000000 ) ;
#938 = EDGE_CURVE ( 'NONE', #282, #1163, #801, .T. ) ;
#939 = DIRECTION ( 'NONE',  ( -0.0000000000000000000, -1.000000000000000000, -0.0000000000000000000 ) ) ;
#940 = CARTESIAN_POINT ( 'NONE',  ( -0.9282520325203255096, 0.8800000000000000044, 0.8939701897018970111 ) ) ;
#941 = DIRECTION ( 'NONE',  ( 1.000000000000000000, 0.0000000000000000000, -0.0000000000000000000 ) ) ;
#942 = ORIENTED_EDGE ( 'NONE', *, *, #1871, .F. ) ;
#943 = CARTESIAN_POINT ( 'NONE',  ( -1.223252032520325328, 0.7000000000000000666, -0.6060298102981029889 ) ) ;
#944 = SURFACE_SIDE_STYLE ('',( #2710 ) ) ;
#945 = ORIENTED_EDGE ( 'NONE', *, *, #727, .T. ) ;
#946 =( NAMED_UNIT ( * ) SI_UNIT ( $, .STERADIAN. ) SOLID_ANGLE_UNIT ( ) );
#947 = SURFACE_STYLE_USAGE ( .BOTH. , #2562 ) ;
#948 = DIRECTION ( 'NONE',  ( 1.000000000000000000, 0.0000000000000000000, 0.0000000000000000000 ) ) ;
#949 = EDGE_CURVE ( 'NONE', #1743, #1555, #148, .T. ) ;
#950 = CARTESIAN_POINT ( 'NONE',  ( 1.521747967479674335, 0.9000000000000001332, 0.8939701897018970111 ) ) ;
#951 = LINE ( 'NONE', #1229, #2288 ) ;
#952 = ORIENTED_EDGE ( 'NONE', *, *, #2624, .F. ) ;
#953 = EDGE_CURVE ( 'NONE', #1286, #1127, #1750, .T. ) ;
#954 = CARTESIAN_POINT ( 'NONE',  ( 1.816747967479674264, 0.7000000000000000666, 0.8939701897018970111 ) ) ;
#955 =( NAMED_UNIT ( * ) PLANE_ANGLE_UNIT ( ) SI_UNIT ( $, .RADIAN. ) );
#956 = DIRECTION ( 'NONE',  ( -0.0000000000000000000, -1.000000000000000000, -0.0000000000000000000 ) ) ;
#957 = VERTEX_POINT ( 'NONE', #2404 ) ;
#958 = FACE_OUTER_BOUND ( 'NONE', #533, .T. ) ;
#959 = SURFACE_SIDE_STYLE ('',( #280 ) ) ;
#960 = ORIENTED_EDGE ( 'NONE', *, *, #676, .T. ) ;
#961 = CARTESIAN_POINT ( 'NONE',  ( -1.223252032520325328, 0.7000000000000000666, 0.3939701897018970111 ) ) ;
#962 = VECTOR ( 'NONE', #1500, 1000.000000000000000 ) ;
#963 = CARTESIAN_POINT ( 'NONE',  ( 0.0000000000000000000, 0.8800000000000000044, 0.1439701897018969834 ) ) ;
#964 = PRODUCT_DEFINITION ( 'UNKNOWN', '', #1697, #1710 ) ;
#965 = VECTOR ( 'NONE', #2762, 1000.000000000000000 ) ;
#966 = DIRECTION ( 'NONE',  ( -1.000000000000000000, 0.0000000000000000000, 0.0000000000000000000 ) ) ;
#967 = ORIENTED_EDGE ( 'NONE', *, *, #949, .F. ) ;
#968 = DIRECTION ( 'NONE',  ( -0.0000000000000000000, -0.0000000000000000000, 1.000000000000000000 ) ) ;
#969 = FACE_OUTER_BOUND ( 'NONE', #2390, .T. ) ;
#970 = ADVANCED_FACE ( 'NONE', ( #2615 ), #1025, .F. ) ;
#971 = VECTOR ( 'NONE', #847, 1000.000000000000000 ) ;
#972 = VECTOR ( 'NONE', #1752, 1000.000000000000000 ) ;
#973 = SURFACE_STYLE_FILL_AREA ( #2822 ) ;
#974 = ORIENTED_EDGE ( 'NONE', *, *, #1577, .T. ) ;
#975 = DIRECTION ( 'NONE',  ( 0.0000000000000000000, 1.000000000000000000, 0.0000000000000000000 ) ) ;
#976 = STYLED_ITEM ( 'NONE', ( #295 ), #2191 ) ;
#977 = STYLED_ITEM ( 'NONE', ( #252 ), #1338 ) ;
#978 = STYLED_ITEM ( 'NONE', ( #1781 ), #1510 ) ;
#979 = ORIENTED_EDGE ( 'NONE', *, *, #347, .T. ) ;
#980 = CYLINDRICAL_SURFACE ( 'NONE', #685, 0.1250000000000000000 ) ;
#981 = SURFACE_STYLE_FILL_AREA ( #2124 ) ;
#982 = MECHANICAL_DESIGN_GEOMETRIC_PRESENTATION_REPRESENTATION (  '', ( #2700 ), #128 ) ;
#983 =( NAMED_UNIT ( * ) PLANE_ANGLE_UNIT ( ) SI_UNIT ( $, .RADIAN. ) );
#984 = FILL_AREA_STYLE ('',( #1427 ) ) ;
#985 = ORIENTED_EDGE ( 'NONE', *, *, #2554, .T. ) ;
#986 = DIRECTION ( 'NONE',  ( -0.0000000000000000000, -1.000000000000000000, -0.0000000000000000000 ) ) ;
#987 = PLANE ( 'NONE',  #1574 ) ;
#988 = SURFACE_STYLE_USAGE ( .BOTH. , #83 ) ;
#989 = EDGE_CURVE ( 'NONE', #2061, #1004, #2418, .T. ) ;
#990 =( NAMED_UNIT ( * ) PLANE_ANGLE_UNIT ( ) SI_UNIT ( $, .RADIAN. ) );
#991 = EDGE_LOOP ( 'NONE', ( #2026, #56, #2149, #2462 ) ) ;
#992 = EDGE_CURVE ( 'NONE', #1260, #701, #389, .T. ) ;
#993 = ORIENTED_EDGE ( 'NONE', *, *, #504, .T. ) ;
#994 = SURFACE_STYLE_USAGE ( .BOTH. , #1882 ) ;
#995 = CARTESIAN_POINT ( 'NONE',  ( -0.9282520325203255096, 0.8800000000000000044, -0.6060298102981029889 ) ) ;
#996 = DIRECTION ( 'NONE',  ( -1.000000000000000000, -0.0000000000000000000, -0.0000000000000000000 ) ) ;
#997 = EDGE_LOOP ( 'NONE', ( #2818, #411, #2933, #1342, #2196, #2545 ) ) ;
#998 = UNCERTAINTY_MEASURE_WITH_UNIT (LENGTH_MEASURE( 1.000000000000000082E-05 ), #1987, 'distance_accuracy_value', 'NONE');
#999 = PLANE ( 'NONE',  #1912 ) ;
#1000 = CARTESIAN_POINT ( 'NONE',  ( 1.521747967479674335, 0.9000000000000001332, -0.6060298102981029889 ) ) ;
#1001 = PRESENTATION_STYLE_ASSIGNMENT (( #1858 ) ) ;
#1002 = LINE ( 'NONE', #774, #2844 ) ;
#1003 = ORIENTED_EDGE ( 'NONE', *, *, #2461, .F. ) ;
#1004 = VERTEX_POINT ( 'NONE', #1918 ) ;
#1005 = FILL_AREA_STYLE_COLOUR ( '', #2001 ) ;
#1006 = FACE_OUTER_BOUND ( 'NONE', #2575, .T. ) ;
#1007 = CARTESIAN_POINT ( 'NONE',  ( -1.203252032520325310, 0.8800000000000000044, -0.6060298102981029889 ) ) ;
#1008 = DIRECTION ( 'NONE',  ( -1.000000000000000000, 0.0000000000000000000, -0.0000000000000000000 ) ) ;
#1009 = STYLED_ITEM ( 'NONE', ( #854 ), #96 ) ;
#1010 = ORIENTED_EDGE ( 'NONE', *, *, #2866, .T. ) ;
#1011 = PRESENTATION_STYLE_ASSIGNMENT (( #2176 ) ) ;
#1012 = SURFACE_STYLE_USAGE ( .BOTH. , #523 ) ;
#1013 = PRESENTATION_LAYER_ASSIGNMENT (  '', '', ( #2283 ) ) ;
#1014 = PRESENTATION_STYLE_ASSIGNMENT (( #1466 ) ) ;
#1015 = MECHANICAL_DESIGN_GEOMETRIC_PRESENTATION_REPRESENTATION (  '', ( #1677 ), #874 ) ;
#1016 = COLOUR_RGB ( '',0.7529411764705882248, 0.7529411764705882248, 0.7529411764705882248 ) ;
#1017 = ORIENTED_EDGE ( 'NONE', *, *, #259, .F. ) ;
#1018 = CARTESIAN_POINT ( 'NONE',  ( -0.9282520325203255096, 0.9000000000000001332, 0.2689701897018969556 ) ) ;
#1019 = VECTOR ( 'NONE', #111, 1000.000000000000000 ) ;
#1020 = FILL_AREA_STYLE_COLOUR ( '', #2388 ) ;
#1021 = AXIS2_PLACEMENT_3D ( 'NONE', #1141, #1829, #2514 ) ;
#1022 = PLANE ( 'NONE',  #1120 ) ;
#1023 = ADVANCED_FACE ( 'NONE', ( #167 ), #1776, .F. ) ;
#1024 = VECTOR ( 'NONE', #1106, 1000.000000000000000 ) ;
#1025 = PLANE ( 'NONE',  #1870 ) ;
#1026 = CARTESIAN_POINT ( 'NONE',  ( -0.9081739123176676420, 0.0000000000000000000, 0.5457863853242307384 ) ) ;
#1027 = MECHANICAL_DESIGN_GEOMETRIC_PRESENTATION_REPRESENTATION (  '', ( #1070 ), #36 ) ;
#1028 = ORIENTED_EDGE ( 'NONE', *, *, #1360, .T. ) ;
#1029 = ADVANCED_FACE ( 'NONE', ( #665, #196 ), #2491, .T. ) ;
#1030 = LINE ( 'NONE', #2671, #2874 ) ;
#1031 = DIRECTION ( 'NONE',  ( -1.000000000000000000, -0.0000000000000000000, -0.0000000000000000000 ) ) ;
#1032 = ORIENTED_EDGE ( 'NONE', *, *, #898, .T. ) ;
#1033 = VECTOR ( 'NONE', #1223, 1000.000000000000000 ) ;
#1034 = UNCERTAINTY_MEASURE_WITH_UNIT (LENGTH_MEASURE( 1.000000000000000082E-05 ), #59, 'distance_accuracy_value', 'NONE');
#1035 = MECHANICAL_DESIGN_GEOMETRIC_PRESENTATION_REPRESENTATION (  '', ( #1966 ), #2257 ) ;
#1036 = CARTESIAN_POINT ( 'NONE',  ( 1.816747967479674264, 0.7000000000000000666, -0.1060298102981030305 ) ) ;
#1037 = EDGE_LOOP ( 'NONE', ( #1484, #551, #1423, #1747 ) ) ;
#1038 = ORIENTED_EDGE ( 'NONE', *, *, #2027, .F. ) ;
#1039 = FILL_AREA_STYLE ('',( #2156 ) ) ;
#1040 = DIRECTION ( 'NONE',  ( 1.000000000000000000, -0.0000000000000000000, 0.0000000000000000000 ) ) ;
#1041 = DIRECTION ( 'NONE',  ( 0.0000000000000000000, 0.0000000000000000000, -1.000000000000000000 ) ) ;
#1042 = CARTESIAN_POINT ( 'NONE',  ( 1.796747967479674690, 0.7000000000000000666, -0.9810298102981029889 ) ) ;
#1043 = ADVANCED_FACE ( 'NONE', ( #655 ), #2451, .T. ) ;
#1044 = ORIENTED_EDGE ( 'NONE', *, *, #953, .F. ) ;
#1045 = FILL_AREA_STYLE_COLOUR ( '', #593 ) ;
#1046 = SURFACE_STYLE_USAGE ( .BOTH. , #1946 ) ;
#1047 = EDGE_CURVE ( 'NONE', #2108, #1860, #2337, .T. ) ;
#1048 = DIRECTION ( 'NONE',  ( 0.0000000000000000000, 1.000000000000000000, 0.0000000000000000000 ) ) ;
#1049 = ORIENTED_EDGE ( 'NONE', *, *, #2308, .T. ) ;
#1050 = DIRECTION ( 'NONE',  ( 0.0000000000000000000, 0.0000000000000000000, 1.000000000000000000 ) ) ;
#1051 =( NAMED_UNIT ( * ) PLANE_ANGLE_UNIT ( ) SI_UNIT ( $, .RADIAN. ) );
#1052 = DIRECTION ( 'NONE',  ( -0.0000000000000000000, -1.000000000000000000, -0.0000000000000000000 ) ) ;
#1053 = ORIENTED_EDGE ( 'NONE', *, *, #2324, .F. ) ;
#1054 = SURFACE_STYLE_FILL_AREA ( #361 ) ;
#1055 = ORIENTED_EDGE ( 'NONE', *, *, #1556, .F. ) ;
#1056 = ORIENTED_EDGE ( 'NONE', *, *, #209, .T. ) ;
#1057 = LINE ( 'NONE', #1514, #2474 ) ;
#1058 = AXIS2_PLACEMENT_3D ( 'NONE', #2716, #475, #1846 ) ;
#1059 = COLOUR_RGB ( '',0.7529411764705882248, 0.7529411764705882248, 0.7529411764705882248 ) ;
#1060 = ORIENTED_EDGE ( 'NONE', *, *, #31, .F. ) ;
#1061 = SURFACE_STYLE_USAGE ( .BOTH. , #164 ) ;
#1062 = PRESENTATION_LAYER_ASSIGNMENT (  '', '', ( #2482 ) ) ;
#1063 = AXIS2_PLACEMENT_3D ( 'NONE', #283, #1180, #1865 ) ;
#1064 = PRESENTATION_LAYER_ASSIGNMENT (  '', '', ( #738 ) ) ;
#1065 = DIRECTION ( 'NONE',  ( 0.0000000000000000000, -1.000000000000000000, -0.0000000000000000000 ) ) ;
#1066 = DIRECTION ( 'NONE',  ( 0.0000000000000000000, -1.000000000000000000, 0.0000000000000000000 ) ) ;
#1067 = ORIENTED_EDGE ( 'NONE', *, *, #528, .T. ) ;
#1068 =( GEOMETRIC_REPRESENTATION_CONTEXT ( 3 ) GLOBAL_UNCERTAINTY_ASSIGNED_CONTEXT ( ( #1794 ) ) GLOBAL_UNIT_ASSIGNED_CONTEXT ( ( #2320, #2088, #1862 ) ) REPRESENTATION_CONTEXT ( 'NONE', 'WORKASPACE' ) );
#1069 = AXIS2_PLACEMENT_3D ( 'NONE', #2036, #2511, #2922 ) ;
#1070 = STYLED_ITEM ( 'NONE', ( #1011 ), #2396 ) ;
#1071 = LINE ( 'NONE', #1264, #1447 ) ;
#1072 = DIRECTION ( 'NONE',  ( 1.000000000000000000, 0.0000000000000000000, -0.0000000000000000000 ) ) ;
#1073 = ORIENTED_EDGE ( 'NONE', *, *, #334, .F. ) ;
#1074 = VERTEX_POINT ( 'NONE', #2074 ) ;
#1075 = STYLED_ITEM ( 'NONE', ( #1014 ), #2889 ) ;
#1076 = FILL_AREA_STYLE_COLOUR ( '', #2038 ) ;
#1077 = ADVANCED_FACE ( 'NONE', ( #2556 ), #980, .T. ) ;
#1078 = EDGE_LOOP ( 'NONE', ( #1655, #1010, #811, #660, #68, #2478 ) ) ;
#1079 = EDGE_CURVE ( 'NONE', #701, #2014, #1449, .T. ) ;
#1080 = SURFACE_STYLE_FILL_AREA ( #2381 ) ;
#1081 = DIRECTION ( 'NONE',  ( -1.000000000000000000, 0.0000000000000000000, 0.0000000000000000000 ) ) ;
#1082 = FACE_OUTER_BOUND ( 'NONE', #2578, .T. ) ;
#1083 = CARTESIAN_POINT ( 'NONE',  ( -1.203252032520325310, 0.8800000000000000044, 0.8939701897018970111 ) ) ;
#1084 = ORIENTED_EDGE ( 'NONE', *, *, #1898, .F. ) ;
#1085 = FILL_AREA_STYLE ('',( #346 ) ) ;
#1086 = VERTEX_POINT ( 'NONE', #1611 ) ;
#1087 = PRESENTATION_STYLE_ASSIGNMENT (( #240 ) ) ;
#1088 = ADVANCED_FACE ( 'NONE', ( #2109 ), #35, .F. ) ;
#1089 = DIRECTION ( 'NONE',  ( 0.0000000000000000000, 0.0000000000000000000, 1.000000000000000000 ) ) ;
#1090 = CARTESIAN_POINT ( 'NONE',  ( -1.223252032520325328, 0.7000000000000000666, 0.1439701897018969834 ) ) ;
#1091 = FILL_AREA_STYLE_COLOUR ( '', #220 ) ;
#1092 = ORIENTED_EDGE ( 'NONE', *, *, #1799, .T. ) ;
#1093 = PLANE ( 'NONE',  #1094 ) ;
#1094 = AXIS2_PLACEMENT_3D ( 'NONE', #2041, #2690, #1787 ) ;
#1095 = ORIENTED_EDGE ( 'NONE', *, *, #1101, .T. ) ;
#1096 =( NAMED_UNIT ( * ) PLANE_ANGLE_UNIT ( ) SI_UNIT ( $, .RADIAN. ) );
#1097 = AXIS2_PLACEMENT_3D ( 'NONE', #1292, #2875, #1474 ) ;
#1098 = FILL_AREA_STYLE_COLOUR ( '', #453 ) ;
#1099 = AXIS2_PLACEMENT_3D ( 'NONE', #1124, #2277, #1554 ) ;
#1100 = DIRECTION ( 'NONE',  ( 1.000000000000000000, -0.0000000000000000000, 0.0000000000000000000 ) ) ;
#1101 = EDGE_CURVE ( 'NONE', #2162, #2108, #781, .T. ) ;
#1102 = AXIS2_PLACEMENT_3D ( 'NONE', #2614, #432, #1816 ) ;
#1103 = MECHANICAL_DESIGN_GEOMETRIC_PRESENTATION_REPRESENTATION (  '', ( #1635 ), #1483 ) ;
#1104 = CARTESIAN_POINT ( 'NONE',  ( -1.203252032520325310, 0.8800000000000000044, -0.9810298102981029889 ) ) ;
#1105 = LINE ( 'NONE', #1582, #306 ) ;
#1106 = DIRECTION ( 'NONE',  ( -1.000000000000000000, 0.0000000000000000000, 0.0000000000000000000 ) ) ;
#1107 = DIRECTION ( 'NONE',  ( 0.0000000000000000000, 1.000000000000000000, 0.0000000000000000000 ) ) ;
#1108 =( GEOMETRIC_REPRESENTATION_CONTEXT ( 3 ) GLOBAL_UNCERTAINTY_ASSIGNED_CONTEXT ( ( #2234 ) ) GLOBAL_UNIT_ASSIGNED_CONTEXT ( ( #904, #2448, #915 ) ) REPRESENTATION_CONTEXT ( 'NONE', 'WORKASPACE' ) );
#1109 = STYLED_ITEM ( 'NONE', ( #1857 ), #2281 ) ;
#1110 = SURFACE_STYLE_FILL_AREA ( #1830 ) ;
#1111 = EDGE_LOOP ( 'NONE', ( #649, #1570, #626, #1725 ) ) ;
#1112 = DIRECTION ( 'NONE',  ( -0.0000000000000000000, -1.000000000000000000, -0.0000000000000000000 ) ) ;
#1113 =( GEOMETRIC_REPRESENTATION_CONTEXT ( 3 ) GLOBAL_UNCERTAINTY_ASSIGNED_CONTEXT ( ( #19 ) ) GLOBAL_UNIT_ASSIGNED_CONTEXT ( ( #2526, #1665, #2761 ) ) REPRESENTATION_CONTEXT ( 'NONE', 'WORKASPACE' ) );
#1114 = UNCERTAINTY_MEASURE_WITH_UNIT (LENGTH_MEASURE( 1.000000000000000082E-05 ), #771, 'distance_accuracy_value', 'NONE');
#1115 = PRESENTATION_LAYER_ASSIGNMENT (  '', '', ( #367 ) ) ;
#1116 = SURFACE_SIDE_STYLE ('',( #28 ) ) ;
#1117 = ORIENTED_EDGE ( 'NONE', *, *, #181, .T. ) ;
#1118 = SURFACE_STYLE_FILL_AREA ( #224 ) ;
#1119 = SURFACE_STYLE_FILL_AREA ( #445 ) ;
#1120 = AXIS2_PLACEMENT_3D ( 'NONE', #1939, #2830, #354 ) ;
#1121 = DIRECTION ( 'NONE',  ( 0.0000000000000000000, 1.000000000000000000, 0.0000000000000000000 ) ) ;
#1122 = SURFACE_SIDE_STYLE ('',( #907 ) ) ;
#1123 = PRESENTATION_STYLE_ASSIGNMENT (( #2218 ) ) ;
#1124 = CARTESIAN_POINT ( 'NONE',  ( 1.521747967479674335, 0.9000000000000001332, 0.7689701897018970111 ) ) ;
#1125 = EDGE_CURVE ( 'NONE', #2693, #2460, #2445, .T. ) ;
#1126 = CARTESIAN_POINT ( 'NONE',  ( -0.9081739123176676420, -0.001000000000000000021, 0.5457863853242307384 ) ) ;
#1127 = VERTEX_POINT ( 'NONE', #1252 ) ;
#1128 = SURFACE_STYLE_USAGE ( .BOTH. , #2279 ) ;
#1129 = SURFACE_STYLE_USAGE ( .BOTH. , #2479 ) ;
#1130 = ADVANCED_FACE ( 'NONE', ( #799 ), #146, .T. ) ;
#1131 = ORIENTED_EDGE ( 'NONE', *, *, #115, .F. ) ;
#1132 = SURFACE_SIDE_STYLE ('',( #1331 ) ) ;
#1133 = DIRECTION ( 'NONE',  ( -0.0000000000000000000, -1.000000000000000000, -0.0000000000000000000 ) ) ;
#1134 = VERTEX_POINT ( 'NONE', #2415 ) ;
#1135 =( LENGTH_UNIT ( ) NAMED_UNIT ( * ) SI_UNIT ( .MILLI., .METRE. ) );
#1136 = PLANE ( 'NONE',  #2047 ) ;
#1137 = CARTESIAN_POINT ( 'NONE',  ( 1.796747967479674690, 0.8800000000000000044, -0.8560298102981029889 ) ) ;
#1138 = CARTESIAN_POINT ( 'NONE',  ( 1.816747967479674264, 0.9000000000000001332, 0.3939701897018970111 ) ) ;
#1139 = DIRECTION ( 'NONE',  ( -2.168404344971008868E-16, -0.0000000000000000000, -1.000000000000000000 ) ) ;
#1140 = UNCERTAINTY_MEASURE_WITH_UNIT (LENGTH_MEASURE( 1.000000000000000082E-05 ), #1809, 'distance_accuracy_value', 'NONE');
#1141 = CARTESIAN_POINT ( 'NONE',  ( 1.521747967479674335, 0.9000000000000001332, -0.2310298102981030166 ) ) ;
#1142 = ORIENTED_EDGE ( 'NONE', *, *, #1125, .T. ) ;
#1143 = DIRECTION ( 'NONE',  ( -2.168404344971008868E-16, -0.0000000000000000000, -1.000000000000000000 ) ) ;
#1144 = UNCERTAINTY_MEASURE_WITH_UNIT (LENGTH_MEASURE( 1.000000000000000082E-05 ), #2428, 'distance_accuracy_value', 'NONE');
#1145 = EDGE_CURVE ( 'NONE', #282, #2378, #812, .T. ) ;
#1146 = LINE ( 'NONE', #10, #1261 ) ;
#1147 = VERTEX_POINT ( 'NONE', #595 ) ;
#1148 = FACE_OUTER_BOUND ( 'NONE', #70, .T. ) ;
#1149 = DIRECTION ( 'NONE',  ( 1.000000000000000000, 0.0000000000000000000, -0.0000000000000000000 ) ) ;
#1150 = VECTOR ( 'NONE', #1679, 1000.000000000000000 ) ;
#1151 = DIRECTION ( 'NONE',  ( -0.0000000000000000000, -1.000000000000000000, -0.0000000000000000000 ) ) ;
#1152 =( GEOMETRIC_REPRESENTATION_CONTEXT ( 3 ) GLOBAL_UNCERTAINTY_ASSIGNED_CONTEXT ( ( #537 ) ) GLOBAL_UNIT_ASSIGNED_CONTEXT ( ( #396, #822, #2888 ) ) REPRESENTATION_CONTEXT ( 'NONE', 'WORKASPACE' ) );
#1153 =( NAMED_UNIT ( * ) SI_UNIT ( $, .STERADIAN. ) SOLID_ANGLE_UNIT ( ) );
#1154 = SURFACE_SIDE_STYLE ('',( #1387 ) ) ;
#1155 = CARTESIAN_POINT ( 'NONE',  ( 1.521747967479674335, 0.9000000000000001332, -0.1060298102981030305 ) ) ;
#1156 = VECTOR ( 'NONE', #966, 1000.000000000000000 ) ;
#1157 = DIRECTION ( 'NONE',  ( 0.0000000000000000000, 0.0000000000000000000, -1.000000000000000000 ) ) ;
#1158 = CARTESIAN_POINT ( 'NONE',  ( 1.521747967479674335, 0.9000000000000001332, 0.8939701897018970111 ) ) ;
#1159 =( LENGTH_UNIT ( ) NAMED_UNIT ( * ) SI_UNIT ( .MILLI., .METRE. ) );
#1160 =( GEOMETRIC_REPRESENTATION_CONTEXT ( 3 ) GLOBAL_UNCERTAINTY_ASSIGNED_CONTEXT ( ( #852 ) ) GLOBAL_UNIT_ASSIGNED_CONTEXT ( ( #2678, #539, #2767 ) ) REPRESENTATION_CONTEXT ( 'NONE', 'WORKASPACE' ) );
#1161 = VECTOR ( 'NONE', #2164, 1000.000000000000000 ) ;
#1162 = FACE_OUTER_BOUND ( 'NONE', #1383, .T. ) ;
#1163 = VERTEX_POINT ( 'NONE', #2182 ) ;
#1164 = AXIS2_PLACEMENT_3D ( 'NONE', #817, #2618, #2840 ) ;
#1165 = DIRECTION ( 'NONE',  ( -0.0000000000000000000, -1.000000000000000000, -0.0000000000000000000 ) ) ;
#1166 = EDGE_CURVE ( 'NONE', #2768, #1555, #2662, .T. ) ;
#1167 = FILL_AREA_STYLE ('',( #736 ) ) ;
#1168 = CARTESIAN_POINT ( 'NONE',  ( -0.9282520325203255096, 0.8800000000000000044, 0.2689701897018969556 ) ) ;
#1169 = EDGE_CURVE ( 'NONE', #2502, #471, #1445, .T. ) ;
#1170 = CARTESIAN_POINT ( 'NONE',  ( -1.223252032520325328, 0.7000000000000000666, 0.8939701897018970111 ) ) ;
#1171 =( NAMED_UNIT ( * ) SI_UNIT ( $, .STERADIAN. ) SOLID_ANGLE_UNIT ( ) );
#1172 = VERTEX_POINT ( 'NONE', #2136 ) ;
#1173 = SURFACE_STYLE_FILL_AREA ( #2589 ) ;
#1174 = DIRECTION ( 'NONE',  ( 0.0000000000000000000, 1.000000000000000000, 0.0000000000000000000 ) ) ;
#1175 = DIRECTION ( 'NONE',  ( -0.0000000000000000000, 1.000000000000000000, 0.0000000000000000000 ) ) ;
#1176 = VERTEX_POINT ( 'NONE', #1914 ) ;
#1177 = CARTESIAN_POINT ( 'NONE',  ( -0.9282520325203255096, 0.9000000000000001332, 0.2689701897018969556 ) ) ;
#1178 = CARTESIAN_POINT ( 'NONE',  ( 0.0000000000000000000, 0.8800000000000000044, -0.1060298102981030305 ) ) ;
#1179 = ORIENTED_EDGE ( 'NONE', *, *, #473, .T. ) ;
#1180 = DIRECTION ( 'NONE',  ( -0.0000000000000000000, -1.000000000000000000, -0.0000000000000000000 ) ) ;
#1181 = EDGE_CURVE ( 'NONE', #1286, #741, #2871, .T. ) ;
#1182 = LINE ( 'NONE', #254, #1450 ) ;
#1183 = DIRECTION ( 'NONE',  ( 0.0000000000000000000, 0.0000000000000000000, -1.000000000000000000 ) ) ;
#1184 =( NAMED_UNIT ( * ) SI_UNIT ( $, .STERADIAN. ) SOLID_ANGLE_UNIT ( ) );
#1185 = VERTEX_POINT ( 'NONE', #2613 ) ;
#1186 = SURFACE_STYLE_USAGE ( .BOTH. , #2081 ) ;
#1187 =( NAMED_UNIT ( * ) SI_UNIT ( $, .STERADIAN. ) SOLID_ANGLE_UNIT ( ) );
#1188 = DIRECTION ( 'NONE',  ( 0.0000000000000000000, 0.0000000000000000000, -1.000000000000000000 ) ) ;
#1189 = ORIENTED_EDGE ( 'NONE', *, *, #429, .T. ) ;
#1190 = ORIENTED_EDGE ( 'NONE', *, *, #1820, .F. ) ;
#1191 = VECTOR ( 'NONE', #897, 1000.000000000000000 ) ;
#1192 = DIRECTION ( 'NONE',  ( -0.0000000000000000000, -1.000000000000000000, -0.0000000000000000000 ) ) ;
#1193 = FILL_AREA_STYLE ('',( #2758 ) ) ;
#1194 = MECHANICAL_DESIGN_GEOMETRIC_PRESENTATION_REPRESENTATION (  '', ( #2920 ), #2577 ) ;
#1195 = CARTESIAN_POINT ( 'NONE',  ( -0.9282520325203255096, 0.8800000000000000044, -0.3560298102981030444 ) ) ;
#1196 = EDGE_CURVE ( 'NONE', #1943, #416, #579, .T. ) ;
#1197 = ORIENTED_EDGE ( 'NONE', *, *, #1523, .F. ) ;
#1198 = PRESENTATION_LAYER_ASSIGNMENT (  '', '', ( #678 ) ) ;
#1199 = FILL_AREA_STYLE_COLOUR ( '', #125 ) ;
#1200 = SURFACE_STYLE_FILL_AREA ( #289 ) ;
#1201 = PRESENTATION_LAYER_ASSIGNMENT (  '', '', ( #1400 ) ) ;
#1202 = FACE_OUTER_BOUND ( 'NONE', #521, .T. ) ;
#1203 = VECTOR ( 'NONE', #1693, 1000.000000000000000 ) ;
#1204 = UNCERTAINTY_MEASURE_WITH_UNIT (LENGTH_MEASURE( 1.000000000000000082E-05 ), #435, 'distance_accuracy_value', 'NONE');
#1205 = AXIS2_PLACEMENT_3D ( 'NONE', #1395, #47, #721 ) ;
#1206 = CIRCLE ( 'NONE', #2884, 0.1250000000000000000 ) ;
#1207 = LINE ( 'NONE', #733, #2652 ) ;
#1208 = ORIENTED_EDGE ( 'NONE', *, *, #949, .T. ) ;
#1209 = STYLED_ITEM ( 'NONE', ( #2685 ), #1506 ) ;
#1210 = PRESENTATION_LAYER_ASSIGNMENT (  '', '', ( #2104 ) ) ;
#1211 =( GEOMETRIC_REPRESENTATION_CONTEXT ( 3 ) GLOBAL_UNCERTAINTY_ASSIGNED_CONTEXT ( ( #412 ) ) GLOBAL_UNIT_ASSIGNED_CONTEXT ( ( #439, #2702, #2477 ) ) REPRESENTATION_CONTEXT ( 'NONE', 'WORKASPACE' ) );
#1212 = ORIENTED_EDGE ( 'NONE', *, *, #806, .T. ) ;
#1213 = SURFACE_STYLE_FILL_AREA ( #2535 ) ;
#1214 = SURFACE_SIDE_STYLE ('',( #542 ) ) ;
#1215 = LINE ( 'NONE', #1650, #2745 ) ;
#1216 = COLOUR_RGB ( '',0.7529411764705882248, 0.7529411764705882248, 0.7529411764705882248 ) ;
#1217 = PRESENTATION_STYLE_ASSIGNMENT (( #1633 ) ) ;
#1218 = ORIENTED_EDGE ( 'NONE', *, *, #373, .F. ) ;
#1219 =( NAMED_UNIT ( * ) SI_UNIT ( $, .STERADIAN. ) SOLID_ANGLE_UNIT ( ) );
#1220 = FILL_AREA_STYLE ('',( #728 ) ) ;
#1221 = CARTESIAN_POINT ( 'NONE',  ( 1.521747967479674335, 0.8800000000000000044, 0.7689701897018970111 ) ) ;
#1222 = EDGE_CURVE ( 'NONE', #610, #44, #629, .T. ) ;
#1223 = DIRECTION ( 'NONE',  ( -0.0000000000000000000, -1.000000000000000000, -0.0000000000000000000 ) ) ;
#1224 = ORIENTED_EDGE ( 'NONE', *, *, #2831, .T. ) ;
#1225 = ORIENTED_EDGE ( 'NONE', *, *, #2709, .T. ) ;
#1226 = SURFACE_SIDE_STYLE ('',( #88 ) ) ;
#1227 =( NAMED_UNIT ( * ) PLANE_ANGLE_UNIT ( ) SI_UNIT ( $, .RADIAN. ) );
#1228 = DIRECTION ( 'NONE',  ( 0.0000000000000000000, -1.000000000000000000, -0.0000000000000000000 ) ) ;
#1229 = CARTESIAN_POINT ( 'NONE',  ( -0.5157520325203255318, 0.9000000000000001332, -0.6935298102981029000 ) ) ;
#1230 = VERTEX_POINT ( 'NONE', #2598 ) ;
#1231 = CARTESIAN_POINT ( 'NONE',  ( -0.5157520325203255318, 0.9000000000000001332, -0.6935298102981029000 ) ) ;
#1232 = LINE ( 'NONE', #525, #1546 ) ;
#1233 = ORIENTED_EDGE ( 'NONE', *, *, #2563, .F. ) ;
#1234 = ADVANCED_FACE ( 'NONE', ( #1731 ), #2649, .F. ) ;
#1235 = VERTEX_POINT ( 'NONE', #2677 ) ;
#1236 =( LENGTH_UNIT ( ) NAMED_UNIT ( * ) SI_UNIT ( .MILLI., .METRE. ) );
#1237 = CYLINDRICAL_SURFACE ( 'NONE', #1102, 0.1250000000000000000 ) ;
#1238 =( NAMED_UNIT ( * ) SI_UNIT ( $, .STERADIAN. ) SOLID_ANGLE_UNIT ( ) );
#1239 = LINE ( 'NONE', #2834, #1630 ) ;
#1240 = SURFACE_SIDE_STYLE ('',( #1537 ) ) ;
#1241 =( GEOMETRIC_REPRESENTATION_CONTEXT ( 3 ) GLOBAL_UNCERTAINTY_ASSIGNED_CONTEXT ( ( #1622 ) ) GLOBAL_UNIT_ASSIGNED_CONTEXT ( ( #2375, #1527, #2855 ) ) REPRESENTATION_CONTEXT ( 'NONE', 'WORKASPACE' ) );
#1242 = VERTEX_POINT ( 'NONE', #206 ) ;
#1243 = VECTOR ( 'NONE', #667, 1000.000000000000000 ) ;
#1244 = SURFACE_STYLE_USAGE ( .BOTH. , #2684 ) ;
#1245 = VERTEX_POINT ( 'NONE', #1758 ) ;
#1246 = DIRECTION ( 'NONE',  ( -1.000000000000000000, 0.0000000000000000000, 0.0000000000000000000 ) ) ;
#1247 = AXIS2_PLACEMENT_3D ( 'NONE', #1960, #1065, #2895 ) ;
#1248 = PRESENTATION_LAYER_ASSIGNMENT (  '', '', ( #2784 ) ) ;
#1249 = MECHANICAL_DESIGN_GEOMETRIC_PRESENTATION_REPRESENTATION (  '', ( #1308 ), #1680 ) ;
#1250 = ORIENTED_EDGE ( 'NONE', *, *, #1334, .T. ) ;
#1251 = COLOUR_RGB ( '',0.7529411764705882248, 0.7529411764705882248, 0.7529411764705882248 ) ;
#1252 = CARTESIAN_POINT ( 'NONE',  ( 1.816747967479674264, 0.9000000000000001332, -0.8560298102981029889 ) ) ;
#1253 = SURFACE_STYLE_USAGE ( .BOTH. , #2138 ) ;
#1254 = VECTOR ( 'NONE', #1379, 1000.000000000000000 ) ;
#1255 = EDGE_CURVE ( 'NONE', #2626, #1235, #892, .T. ) ;
#1256 = SURFACE_SIDE_STYLE ('',( #1273 ) ) ;
#1257 = SURFACE_STYLE_FILL_AREA ( #1507 ) ;
#1258 = LINE ( 'NONE', #188, #452 ) ;
#1259 = AXIS2_PLACEMENT_3D ( 'NONE', #1453, #2571, #499 ) ;
#1260 = VERTEX_POINT ( 'NONE', #2913 ) ;
#1261 = VECTOR ( 'NONE', #1175, 1000.000000000000000 ) ;
#1262 = CARTESIAN_POINT ( 'NONE',  ( 1.521747967479674335, 0.9000000000000001332, 0.1439701897018969834 ) ) ;
#1263 = DIRECTION ( 'NONE',  ( 0.0000000000000000000, -0.0000000000000000000, 1.000000000000000000 ) ) ;
#1264 = CARTESIAN_POINT ( 'NONE',  ( 0.0000000000000000000, 0.8800000000000000044, 0.8939701897018970111 ) ) ;
#1265 = ORIENTED_EDGE ( 'NONE', *, *, #2094, .T. ) ;
#1266 =( GEOMETRIC_REPRESENTATION_CONTEXT ( 3 ) GLOBAL_UNCERTAINTY_ASSIGNED_CONTEXT ( ( #1932 ) ) GLOBAL_UNIT_ASSIGNED_CONTEXT ( ( #784, #2858, #1902 ) ) REPRESENTATION_CONTEXT ( 'NONE', 'WORKASPACE' ) );
#1267 = DIRECTION ( 'NONE',  ( 1.000000000000000000, 0.0000000000000000000, -0.0000000000000000000 ) ) ;
#1268 = ORIENTED_EDGE ( 'NONE', *, *, #2012, .T. ) ;
#1269 = ORIENTED_EDGE ( 'NONE', *, *, #1556, .T. ) ;
#1270 = ORIENTED_EDGE ( 'NONE', *, *, #394, .F. ) ;
#1271 = SURFACE_STYLE_FILL_AREA ( #1039 ) ;
#1272 = SURFACE_STYLE_USAGE ( .BOTH. , #1973 ) ;
#1273 = SURFACE_STYLE_FILL_AREA ( #1473 ) ;
#1274 = CARTESIAN_POINT ( 'NONE',  ( -0.9081739123176676420, 0.0000000000000000000, 0.8958656447948464274 ) ) ;
#1275 = FILL_AREA_STYLE ('',( #1718 ) ) ;
#1276 = ORIENTED_EDGE ( 'NONE', *, *, #1354, .F. ) ;
#1277 = ADVANCED_FACE ( 'NONE', ( #1770 ), #2261, .F. ) ;
#1278 = CARTESIAN_POINT ( 'NONE',  ( -0.9282520325203255096, 0.9000000000000001332, -0.1060298102981030305 ) ) ;
#1279 = FILL_AREA_STYLE ('',( #1045 ) ) ;
#1280 = MANIFOLD_SOLID_BREP ( 'Mirror2', #444 ) ;
#1281 = DIRECTION ( 'NONE',  ( -0.0000000000000000000, 1.000000000000000000, 0.0000000000000000000 ) ) ;
#1282 = ORIENTED_EDGE ( 'NONE', *, *, #2588, .F. ) ;
#1283 = FACE_OUTER_BOUND ( 'NONE', #236, .T. ) ;
#1284 = ORIENTED_EDGE ( 'NONE', *, *, #2159, .F. ) ;
#1285 = SURFACE_SIDE_STYLE ('',( #2211 ) ) ;
#1286 = VERTEX_POINT ( 'NONE', #1306 ) ;
#1287 = SURFACE_STYLE_FILL_AREA ( #385 ) ;
#1288 = FACE_OUTER_BOUND ( 'NONE', #97, .T. ) ;
#1289 = SURFACE_SIDE_STYLE ('',( #2629 ) ) ;
#1290 =( LENGTH_UNIT ( ) NAMED_UNIT ( * ) SI_UNIT ( .MILLI., .METRE. ) );
#1291 = CARTESIAN_POINT ( 'NONE',  ( -0.9282520325203255096, 0.7000000000000000666, 0.1439701897018969834 ) ) ;
#1292 = CARTESIAN_POINT ( 'NONE',  ( 1.521747967479674335, 0.8800000000000000044, 0.2689701897018969556 ) ) ;
#1293 = ORIENTED_EDGE ( 'NONE', *, *, #1903, .T. ) ;
#1294 = UNCERTAINTY_MEASURE_WITH_UNIT (LENGTH_MEASURE( 1.000000000000000082E-05 ), #604, 'distance_accuracy_value', 'NONE');
#1295 = SURFACE_SIDE_STYLE ('',( #1054 ) ) ;
#1296 = EDGE_CURVE ( 'NONE', #1509, #2595, #2198, .T. ) ;
#1297 = COLOUR_RGB ( '',0.7529411764705882248, 0.7529411764705882248, 0.7529411764705882248 ) ;
#1298 =( NAMED_UNIT ( * ) PLANE_ANGLE_UNIT ( ) SI_UNIT ( $, .RADIAN. ) );
#1299 = UNCERTAINTY_MEASURE_WITH_UNIT (LENGTH_MEASURE( 1.000000000000000082E-05 ), #527, 'distance_accuracy_value', 'NONE');
#1300 = AXIS2_PLACEMENT_3D ( 'NONE', #1221, #1455, #524 ) ;
#1301 = CARTESIAN_POINT ( 'NONE',  ( 1.521747967479674335, 0.8800000000000000044, 0.8939701897018970111 ) ) ;
#1302 = DIRECTION ( 'NONE',  ( 0.0000000000000000000, -0.0000000000000000000, 1.000000000000000000 ) ) ;
#1303 = STYLED_ITEM ( 'NONE', ( #805 ), #648 ) ;
#1304 = VECTOR ( 'NONE', #558, 1000.000000000000000 ) ;
#1305 = ORIENTED_EDGE ( 'NONE', *, *, #413, .T. ) ;
#1306 = CARTESIAN_POINT ( 'NONE',  ( 1.521747967479674335, 0.9000000000000001332, -0.8560298102981029889 ) ) ;
#1307 = DIRECTION ( 'NONE',  ( 1.000000000000000000, 0.0000000000000000000, 0.0000000000000000000 ) ) ;
#1308 = STYLED_ITEM ( 'NONE', ( #1376 ), #1023 ) ;
#1309 = COLOUR_RGB ( '',0.7529411764705882248, 0.7529411764705882248, 0.7529411764705882248 ) ;
#1310 = MECHANICAL_DESIGN_GEOMETRIC_PRESENTATION_REPRESENTATION (  '', ( #738 ), #1108 ) ;
#1311 =( LENGTH_UNIT ( ) NAMED_UNIT ( * ) SI_UNIT ( .MILLI., .METRE. ) );
#1312 = DIRECTION ( 'NONE',  ( -1.000000000000000000, 0.0000000000000000000, 0.0000000000000000000 ) ) ;
#1313 = STYLED_ITEM ( 'NONE', ( #2044 ), #2212 ) ;
#1314 = DIRECTION ( 'NONE',  ( -0.0000000000000000000, -0.0000000000000000000, -1.000000000000000000 ) ) ;
#1315 = SURFACE_STYLE_FILL_AREA ( #409 ) ;
#1316 =( GEOMETRIC_REPRESENTATION_CONTEXT ( 3 ) GLOBAL_UNCERTAINTY_ASSIGNED_CONTEXT ( ( #998 ) ) GLOBAL_UNIT_ASSIGNED_CONTEXT ( ( #1987, #1564, #2475 ) ) REPRESENTATION_CONTEXT ( 'NONE', 'WORKASPACE' ) );
#1317 = SURFACE_SIDE_STYLE ('',( #866 ) ) ;
#1318 = ORIENTED_EDGE ( 'NONE', *, *, #2076, .F. ) ;
#1319 = CIRCLE ( 'NONE', #745, 0.1250000000000000000 ) ;
#1320 = CARTESIAN_POINT ( 'NONE',  ( 1.816747967479674264, 0.9000000000000001332, 0.8939701897018970111 ) ) ;
#1321 = EDGE_CURVE ( 'NONE', #2732, #2243, #856, .T. ) ;
#1322 = VERTEX_POINT ( 'NONE', #1463 ) ;
#1323 = SURFACE_SIDE_STYLE ('',( #2695 ) ) ;
#1324 = DIRECTION ( 'NONE',  ( -0.0000000000000000000, -1.000000000000000000, -0.0000000000000000000 ) ) ;
#1325 =( LENGTH_UNIT ( ) NAMED_UNIT ( * ) SI_UNIT ( .MILLI., .METRE. ) );
#1326 = FILL_AREA_STYLE ('',( #243 ) ) ;
#1327 = UNCERTAINTY_MEASURE_WITH_UNIT (LENGTH_MEASURE( 1.000000000000000082E-05 ), #2368, 'distance_accuracy_value', 'NONE');
#1328 = PLANE ( 'NONE',  #1485 ) ;
#1329 = FILL_AREA_STYLE ('',( #2621 ) ) ;
#1330 = ORIENTED_EDGE ( 'NONE', *, *, #2831, .F. ) ;
#1331 = SURFACE_STYLE_FILL_AREA ( #237 ) ;
#1332 = ORIENTED_EDGE ( 'NONE', *, *, #446, .T. ) ;
#1333 =( NAMED_UNIT ( * ) PLANE_ANGLE_UNIT ( ) SI_UNIT ( $, .RADIAN. ) );
#1334 = EDGE_CURVE ( 'NONE', #1134, #568, #294, .T. ) ;
#1335 = DIRECTION ( 'NONE',  ( 0.0000000000000000000, 0.0000000000000000000, 1.000000000000000000 ) ) ;
#1336 = SHAPE_DEFINITION_REPRESENTATION ( #2582, #1707 ) ;
#1337 =( NAMED_UNIT ( * ) PLANE_ANGLE_UNIT ( ) SI_UNIT ( $, .RADIAN. ) );
#1338 = ADVANCED_FACE ( 'NONE', ( #958 ), #718, .T. ) ;
#1339 = CARTESIAN_POINT ( 'NONE',  ( 1.796747967479674912, 0.7000000000000000666, 0.3939701897018970111 ) ) ;
#1340 = CARTESIAN_POINT ( 'NONE',  ( -0.9282520325203255096, 0.9000000000000001332, 0.1439701897018969834 ) ) ;
#1341 = DIRECTION ( 'NONE',  ( -0.0000000000000000000, -1.000000000000000000, -0.0000000000000000000 ) ) ;
#1342 = ORIENTED_EDGE ( 'NONE', *, *, #1760, .T. ) ;
#1343 = DIRECTION ( 'NONE',  ( 0.0000000000000000000, -1.000000000000000000, 0.0000000000000000000 ) ) ;
#1344 =( NAMED_UNIT ( * ) PLANE_ANGLE_UNIT ( ) SI_UNIT ( $, .RADIAN. ) );
#1345 = ORIENTED_EDGE ( 'NONE', *, *, #2525, .T. ) ;
#1346 = CARTESIAN_POINT ( 'NONE',  ( 1.521747967479674335, 0.7000000000000000666, -0.7310298102981029889 ) ) ;
#1347 = DIRECTION ( 'NONE',  ( -0.0000000000000000000, 1.000000000000000000, -0.0000000000000000000 ) ) ;
#1348 = PRESENTATION_LAYER_ASSIGNMENT (  '', '', ( #166 ) ) ;
#1349 = ORIENTED_EDGE ( 'NONE', *, *, #2664, .T. ) ;
#1350 = DIRECTION ( 'NONE',  ( 0.0000000000000000000, 0.0000000000000000000, 1.000000000000000000 ) ) ;
#1351 =( NAMED_UNIT ( * ) SI_UNIT ( $, .STERADIAN. ) SOLID_ANGLE_UNIT ( ) );
#1352 = VECTOR ( 'NONE', #2726, 1000.000000000000000 ) ;
#1353 = PRODUCT_CONTEXT ( 'NONE', #543, 'mechanical' ) ;
#1354 = EDGE_CURVE ( 'NONE', #1494, #842, #124, .T. ) ;
#1355 = VECTOR ( 'NONE', #118, 1000.000000000000000 ) ;
#1356 = CARTESIAN_POINT ( 'NONE',  ( 0.0000000000000000000, 0.8800000000000000044, 0.0000000000000000000 ) ) ;
#1357 = AXIS2_PLACEMENT_3D ( 'NONE', #301, #1183, #2586 ) ;
#1358 = DIRECTION ( 'NONE',  ( 0.0000000000000000000, -0.0000000000000000000, 1.000000000000000000 ) ) ;
#1359 = VECTOR ( 'NONE', #653, 1000.000000000000000 ) ;
#1360 = EDGE_CURVE ( 'NONE', #2622, #761, #1206, .T. ) ;
#1361 = VECTOR ( 'NONE', #2803, 1000.000000000000000 ) ;
#1362 = PLANE ( 'NONE',  #2647 ) ;
#1363 = LINE ( 'NONE', #244, #775 ) ;
#1364 = PRESENTATION_LAYER_ASSIGNMENT (  '', '', ( #2197 ) ) ;
#1365 = PRESENTATION_LAYER_ASSIGNMENT (  '', '', ( #977 ) ) ;
#1366 = UNCERTAINTY_MEASURE_WITH_UNIT (LENGTH_MEASURE( 1.000000000000000082E-05 ), #1837, 'distance_accuracy_value', 'NONE');
#1367 = CIRCLE ( 'NONE', #1490, 0.1750396297353078445 ) ;
#1368 = DIRECTION ( 'NONE',  ( 0.0000000000000000000, 0.0000000000000000000, -1.000000000000000000 ) ) ;
#1369 = CYLINDRICAL_SURFACE ( 'NONE', #65, 0.1250000000000000000 ) ;
#1370 = ORIENTED_EDGE ( 'NONE', *, *, #1672, .F. ) ;
#1371 = CARTESIAN_POINT ( 'NONE',  ( -0.9282520325203255096, 0.9000000000000001332, -0.6060298102981029889 ) ) ;
#1372 = LINE ( 'NONE', #913, #1782 ) ;
#1373 = ORIENTED_EDGE ( 'NONE', *, *, #2421, .T. ) ;
#1374 = DIRECTION ( 'NONE',  ( -1.000000000000000000, 0.0000000000000000000, 2.168404344971008621E-16 ) ) ;
#1375 = DIRECTION ( 'NONE',  ( -0.0000000000000000000, -1.000000000000000000, -0.0000000000000000000 ) ) ;
#1376 = PRESENTATION_STYLE_ASSIGNMENT (( #2003 ) ) ;
#1377 = DIRECTION ( 'NONE',  ( -1.000000000000000000, 0.0000000000000000000, 0.0000000000000000000 ) ) ;
#1378 = LINE ( 'NONE', #2701, #2046 ) ;
#1379 = DIRECTION ( 'NONE',  ( 0.0000000000000000000, 0.0000000000000000000, 1.000000000000000000 ) ) ;
#1380 = ADVANCED_FACE ( 'NONE', ( #1148 ), #2086, .T. ) ;
#1381 = ORIENTED_EDGE ( 'NONE', *, *, #843, .F. ) ;
#1382 = DIRECTION ( 'NONE',  ( -0.0000000000000000000, -1.000000000000000000, -0.0000000000000000000 ) ) ;
#1383 = EDGE_LOOP ( 'NONE', ( #2910, #1603, #1786, #1891 ) ) ;
#1384 = FILL_AREA_STYLE ('',( #344 ) ) ;
#1385 = FACE_OUTER_BOUND ( 'NONE', #1844, .T. ) ;
#1386 = CARTESIAN_POINT ( 'NONE',  ( -1.203252032520325310, 0.7000000000000000666, -0.1060298102981030305 ) ) ;
#1387 = SURFACE_STYLE_FILL_AREA ( #483 ) ;
#1388 = CARTESIAN_POINT ( 'NONE',  ( -0.9081739123176676420, -0.001000000000000000021, 0.7208260150595385829 ) ) ;
#1389 = EDGE_CURVE ( 'NONE', #1074, #2168, #936, .T. ) ;
#1390 = PRESENTATION_STYLE_ASSIGNMENT (( #1128 ) ) ;
#1391 = PLANE ( 'NONE',  #2134 ) ;
#1392 = ORIENTED_EDGE ( 'NONE', *, *, #62, .F. ) ;
#1393 = FILL_AREA_STYLE ('',( #2519 ) ) ;
#1394 = CIRCLE ( 'NONE', #1300, 0.1250000000000000000 ) ;
#1395 = CARTESIAN_POINT ( 'NONE',  ( -1.223252032520325328, 0.9000000000000001332, -0.1060298102981030305 ) ) ;
#1396 = AXIS2_PLACEMENT_3D ( 'NONE', #2501, #1569, #7 ) ;
#1397 = DIRECTION ( 'NONE',  ( 0.0000000000000000000, -1.000000000000000000, -0.0000000000000000000 ) ) ;
#1398 = FACE_OUTER_BOUND ( 'NONE', #2752, .T. ) ;
#1399 = ORIENTED_EDGE ( 'NONE', *, *, #1255, .T. ) ;
#1400 = STYLED_ITEM ( 'NONE', ( #1217 ), #1695 ) ;
#1401 = VECTOR ( 'NONE', #1517, 1000.000000000000000 ) ;
#1402 = PRESENTATION_STYLE_ASSIGNMENT (( #2099 ) ) ;
#1403 = MECHANICAL_DESIGN_GEOMETRIC_PRESENTATION_REPRESENTATION (  '', ( #355 ), #120 ) ;
#1404 = STYLED_ITEM ( 'NONE', ( #2485 ), #1277 ) ;
#1405 = CARTESIAN_POINT ( 'NONE',  ( -0.9282520325203255096, 0.9000000000000001332, -0.3560298102981030444 ) ) ;
#1406 = ADVANCED_FACE ( 'NONE', ( #705 ), #1609, .T. ) ;
#1407 = CARTESIAN_POINT ( 'NONE',  ( -0.5157520325203255318, 0.8800000000000000044, 0.7314701897018971444 ) ) ;
#1408 = ORIENTED_EDGE ( 'NONE', *, *, #989, .T. ) ;
#1409 = ORIENTED_EDGE ( 'NONE', *, *, #1456, .F. ) ;
#1410 = CARTESIAN_POINT ( 'NONE',  ( 0.0000000000000000000, 0.0000000000000000000, 0.0000000000000000000 ) ) ;
#1411 = EDGE_CURVE ( 'NONE', #1590, #430, #837, .T. ) ;
#1412 = ORIENTED_EDGE ( 'NONE', *, *, #1543, .F. ) ;
#1413 = MECHANICAL_DESIGN_GEOMETRIC_PRESENTATION_REPRESENTATION (  '', ( #2940 ), #1266 ) ;
#1414 = LINE ( 'NONE', #2111, #937 ) ;
#1415 = EDGE_LOOP ( 'NONE', ( #1642, #1218, #2862, #1049, #11, #912 ) ) ;
#1416 = UNCERTAINTY_MEASURE_WITH_UNIT (LENGTH_MEASURE( 1.000000000000000082E-05 ), #137, 'distance_accuracy_value', 'NONE');
#1417 = DIRECTION ( 'NONE',  ( 0.0000000000000000000, 0.0000000000000000000, 1.000000000000000000 ) ) ;
#1418 = LINE ( 'NONE', #1405, #2576 ) ;
#1419 = UNCERTAINTY_MEASURE_WITH_UNIT (LENGTH_MEASURE( 1.000000000000000082E-05 ), #2359, 'distance_accuracy_value', 'NONE');
#1420 = ORIENTED_EDGE ( 'NONE', *, *, #916, .F. ) ;
#1421 = DIRECTION ( 'NONE',  ( -1.000000000000000000, 0.0000000000000000000, 0.0000000000000000000 ) ) ;
#1422 = EDGE_CURVE ( 'NONE', #2162, #2604, #850, .T. ) ;
#1423 = ORIENTED_EDGE ( 'NONE', *, *, #1101, .F. ) ;
#1424 =( LENGTH_UNIT ( ) NAMED_UNIT ( * ) SI_UNIT ( .MILLI., .METRE. ) );
#1425 = PRESENTATION_STYLE_ASSIGNMENT (( #2770 ) ) ;
#1426 = EDGE_CURVE ( 'NONE', #1230, #1260, #2619, .T. ) ;
#1427 = FILL_AREA_STYLE_COLOUR ( '', #403 ) ;
#1428 = ORIENTED_EDGE ( 'NONE', *, *, #2777, .F. ) ;
#1429 = DIRECTION ( 'NONE',  ( 0.0000000000000000000, 0.0000000000000000000, 1.000000000000000000 ) ) ;
#1430 = LINE ( 'NONE', #335, #794 ) ;
#1431 = ORIENTED_EDGE ( 'NONE', *, *, #2179, .T. ) ;
#1432 = SURFACE_STYLE_FILL_AREA ( #2063 ) ;
#1433 = ORIENTED_EDGE ( 'NONE', *, *, #1659, .T. ) ;
#1434 =( NAMED_UNIT ( * ) SI_UNIT ( $, .STERADIAN. ) SOLID_ANGLE_UNIT ( ) );
#1435 = DIRECTION ( 'NONE',  ( 0.0000000000000000000, 1.000000000000000000, 0.0000000000000000000 ) ) ;
#1436 = PLANE ( 'NONE',  #1247 ) ;
#1437 = COLOUR_RGB ( '',0.7529411764705882248, 0.7529411764705882248, 0.7529411764705882248 ) ;
#1438 = CARTESIAN_POINT ( 'NONE',  ( -0.9081739123176676420, -0.001000000000000000021, 0.5457863853242307384 ) ) ;
#1439 = ORIENTED_EDGE ( 'NONE', *, *, #1573, .F. ) ;
#1440 = UNCERTAINTY_MEASURE_WITH_UNIT (LENGTH_MEASURE( 1.000000000000000082E-05 ), #99, 'distance_accuracy_value', 'NONE');
#1441 = EDGE_CURVE ( 'NONE', #2612, #1827, #1071, .T. ) ;
#1442 =( LENGTH_UNIT ( ) NAMED_UNIT ( * ) SI_UNIT ( .MILLI., .METRE. ) );
#1443 = CARTESIAN_POINT ( 'NONE',  ( -1.223252032520325328, 0.9000000000000001332, 0.3939701897018970111 ) ) ;
#1444 = VECTOR ( 'NONE', #302, 1000.000000000000000 ) ;
#1445 = CIRCLE ( 'NONE', #174, 0.1250000000000000000 ) ;
#1446 = ORIENTED_EDGE ( 'NONE', *, *, #1360, .F. ) ;
#1447 = VECTOR ( 'NONE', #1742, 1000.000000000000000 ) ;
#1448 = VERTEX_POINT ( 'NONE', #2220 ) ;
#1449 = LINE ( 'NONE', #961, #598 ) ;
#1450 = VECTOR ( 'NONE', #2790, 1000.000000000000000 ) ;
#1451 = LINE ( 'NONE', #330, #2532 ) ;
#1452 = ORIENTED_EDGE ( 'NONE', *, *, #2566, .F. ) ;
#1453 = CARTESIAN_POINT ( 'NONE',  ( 1.109247967479674246, 0.9000000000000001332, -0.6935298102981029000 ) ) ;
#1454 = CARTESIAN_POINT ( 'NONE',  ( -0.9282520325203255096, 0.9000000000000001332, -0.6060298102981029889 ) ) ;
#1455 = DIRECTION ( 'NONE',  ( 0.0000000000000000000, 1.000000000000000000, 0.0000000000000000000 ) ) ;
#1456 = EDGE_CURVE ( 'NONE', #416, #1900, #1480, .T. ) ;
#1457 = ORIENTED_EDGE ( 'NONE', *, *, #2179, .F. ) ;
#1458 = EDGE_LOOP ( 'NONE', ( #489, #2355, #1282, #2802, #930, #1526 ) ) ;
#1459 = DIRECTION ( 'NONE',  ( -0.0000000000000000000, -1.000000000000000000, -0.0000000000000000000 ) ) ;
#1460 = DIRECTION ( 'NONE',  ( 0.0000000000000000000, 0.0000000000000000000, 1.000000000000000000 ) ) ;
#1461 = VERTEX_POINT ( 'NONE', #393 ) ;
#1462 = PRESENTATION_STYLE_ASSIGNMENT (( #2606 ) ) ;
#1463 = CARTESIAN_POINT ( 'NONE',  ( -1.223252032520325328, 0.9000000000000001332, 0.3939701897018970111 ) ) ;
#1464 = UNCERTAINTY_MEASURE_WITH_UNIT (LENGTH_MEASURE( 1.000000000000000082E-05 ), #650, 'distance_accuracy_value', 'NONE');
#1465 = EDGE_CURVE ( 'NONE', #826, #1923, #635, .T. ) ;
#1466 = SURFACE_STYLE_USAGE ( .BOTH. , #2799 ) ;
#1467 = EDGE_LOOP ( 'NONE', ( #1730, #129, #249, #2165 ) ) ;
#1468 = PLANE ( 'NONE',  #2331 ) ;
#1469 = EDGE_CURVE ( 'NONE', #1461, #1827, #1522, .T. ) ;
#1470 = ORIENTED_EDGE ( 'NONE', *, *, #2421, .F. ) ;
#1471 = DIRECTION ( 'NONE',  ( -0.0000000000000000000, -1.000000000000000000, -0.0000000000000000000 ) ) ;
#1472 = FILL_AREA_STYLE_COLOUR ( '', #654 ) ;
#1473 = FILL_AREA_STYLE ('',( #800 ) ) ;
#1474 = DIRECTION ( 'NONE',  ( 0.0000000000000000000, 0.0000000000000000000, 1.000000000000000000 ) ) ;
#1475 = MECHANICAL_DESIGN_GEOMETRIC_PRESENTATION_REPRESENTATION (  '', ( #1988 ), #2821 ) ;
#1476 = VERTEX_POINT ( 'NONE', #1724 ) ;
#1477 =( GEOMETRIC_REPRESENTATION_CONTEXT ( 3 ) GLOBAL_UNCERTAINTY_ASSIGNED_CONTEXT ( ( #2764 ) ) GLOBAL_UNIT_ASSIGNED_CONTEXT ( ( #2316, #290, #1187 ) ) REPRESENTATION_CONTEXT ( 'NONE', 'WORKASPACE' ) );
#1478 =( LENGTH_UNIT ( ) NAMED_UNIT ( * ) SI_UNIT ( .MILLI., .METRE. ) );
#1479 = SURFACE_SIDE_STYLE ('',( #152 ) ) ;
#1480 = LINE ( 'NONE', #2438, #1161 ) ;
#1481 =( GEOMETRIC_REPRESENTATION_CONTEXT ( 3 ) GLOBAL_UNCERTAINTY_ASSIGNED_CONTEXT ( ( #2208 ) ) GLOBAL_UNIT_ASSIGNED_CONTEXT ( ( #894, #436, #1579 ) ) REPRESENTATION_CONTEXT ( 'NONE', 'WORKASPACE' ) );
#1482 = VECTOR ( 'NONE', #815, 1000.000000000000000 ) ;
#1483 =( GEOMETRIC_REPRESENTATION_CONTEXT ( 3 ) GLOBAL_UNCERTAINTY_ASSIGNED_CONTEXT ( ( #1034 ) ) GLOBAL_UNIT_ASSIGNED_CONTEXT ( ( #59, #531, #753 ) ) REPRESENTATION_CONTEXT ( 'NONE', 'WORKASPACE' ) );
#1484 = ORIENTED_EDGE ( 'NONE', *, *, #806, .F. ) ;
#1485 = AXIS2_PLACEMENT_3D ( 'NONE', #21, #1157, #247 ) ;
#1486 = CARTESIAN_POINT ( 'NONE',  ( 0.2967479674796744682, 0.8800000000000000044, 0.7314701897018971444 ) ) ;
#1487 = EDGE_CURVE ( 'NONE', #1172, #2559, #1965, .T. ) ;
#1488 = FILL_AREA_STYLE_COLOUR ( '', #555 ) ;
#1489 = MECHANICAL_DESIGN_GEOMETRIC_PRESENTATION_REPRESENTATION (  '', ( #2201 ), #935 ) ;
#1490 = AXIS2_PLACEMENT_3D ( 'NONE', #1388, #2053, #2759 ) ;
#1491 = LINE ( 'NONE', #1929, #2926 ) ;
#1492 = CARTESIAN_POINT ( 'NONE',  ( 1.521747967479674335, 0.9000000000000001332, -0.3560298102981030444 ) ) ;
#1493 = STYLED_ITEM ( 'NONE', ( #2066 ), #2650 ) ;
#1494 = VERTEX_POINT ( 'NONE', #2882 ) ;
#1495 = VECTOR ( 'NONE', #1382, 1000.000000000000000 ) ;
#1496 = CARTESIAN_POINT ( 'NONE',  ( -1.223252032520325328, 0.9000000000000001332, 0.1439701897018969834 ) ) ;
#1497 = ORIENTED_EDGE ( 'NONE', *, *, #1181, .T. ) ;
#1498 =( GEOMETRIC_REPRESENTATION_CONTEXT ( 3 ) GLOBAL_UNCERTAINTY_ASSIGNED_CONTEXT ( ( #405 ) ) GLOBAL_UNIT_ASSIGNED_CONTEXT ( ( #1557, #990, #2317 ) ) REPRESENTATION_CONTEXT ( 'NONE', 'WORKASPACE' ) );
#1499 = UNCERTAINTY_MEASURE_WITH_UNIT (LENGTH_MEASURE( 1.000000000000000082E-05 ), #2743, 'distance_accuracy_value', 'NONE');
#1500 = DIRECTION ( 'NONE',  ( -0.0000000000000000000, -0.0000000000000000000, 1.000000000000000000 ) ) ;
#1501 = ORIENTED_EDGE ( 'NONE', *, *, #809, .F. ) ;
#1502 = PLANE ( 'NONE',  #546 ) ;
#1503 = ORIENTED_EDGE ( 'NONE', *, *, #901, .F. ) ;
#1504 =( NAMED_UNIT ( * ) PLANE_ANGLE_UNIT ( ) SI_UNIT ( $, .RADIAN. ) );
#1505 =( NAMED_UNIT ( * ) PLANE_ANGLE_UNIT ( ) SI_UNIT ( $, .RADIAN. ) );
#1506 = ADVANCED_FACE ( 'NONE', ( #2899 ), #864, .T. ) ;
#1507 = FILL_AREA_STYLE ('',( #402 ) ) ;
#1508 = DIRECTION ( 'NONE',  ( 0.0000000000000000000, 0.0000000000000000000, 1.000000000000000000 ) ) ;
#1509 = VERTEX_POINT ( 'NONE', #1807 ) ;
#1510 = ADVANCED_FACE ( 'NONE', ( #212 ), #1566, .T. ) ;
#1511 = CARTESIAN_POINT ( 'NONE',  ( 1.521747967479674335, 0.7000000000000000666, -0.8560298102981029889 ) ) ;
#1512 = DIRECTION ( 'NONE',  ( 0.0000000000000000000, 0.0000000000000000000, 1.000000000000000000 ) ) ;
#1513 = ORIENTED_EDGE ( 'NONE', *, *, #2839, .F. ) ;
#1514 = CARTESIAN_POINT ( 'NONE',  ( 1.796747967479674690, 0.7000000000000000666, -0.9810298102981029889 ) ) ;
#1515 = ORIENTED_EDGE ( 'NONE', *, *, #322, .F. ) ;
#1516 = SURFACE_SIDE_STYLE ('',( #1118 ) ) ;
#1517 = DIRECTION ( 'NONE',  ( -0.0000000000000000000, -1.000000000000000000, -0.0000000000000000000 ) ) ;
#1518 = CARTESIAN_POINT ( 'NONE',  ( 1.109247967479674246, 0.9000000000000001332, 0.7314701897018971444 ) ) ;
#1519 = PRESENTATION_STYLE_ASSIGNMENT (( #103 ) ) ;
#1520 = FACE_OUTER_BOUND ( 'NONE', #2891, .T. ) ;
#1521 = COLOUR_RGB ( '',0.7529411764705882248, 0.7529411764705882248, 0.7529411764705882248 ) ;
#1522 = LINE ( 'NONE', #1083, #514 ) ;
#1523 = EDGE_CURVE ( 'NONE', #2414, #319, #923, .T. ) ;
#1524 = ORIENTED_EDGE ( 'NONE', *, *, #2488, .F. ) ;
#1525 = CARTESIAN_POINT ( 'NONE',  ( 1.521747967479674335, 0.9000000000000001332, -0.1060298102981030305 ) ) ;
#1526 = ORIENTED_EDGE ( 'NONE', *, *, #732, .T. ) ;
#1527 =( NAMED_UNIT ( * ) PLANE_ANGLE_UNIT ( ) SI_UNIT ( $, .RADIAN. ) );
#1528 = CIRCLE ( 'NONE', #1396, 0.1250000000000000000 ) ;
#1529 = MECHANICAL_DESIGN_GEOMETRIC_PRESENTATION_REPRESENTATION (  '', ( #168 ), #69 ) ;
#1530 = ORIENTED_EDGE ( 'NONE', *, *, #1296, .F. ) ;
#1531 = CARTESIAN_POINT ( 'NONE',  ( -1.203252032520325310, 0.8800000000000000044, -0.9810298102981029889 ) ) ;
#1532 = CARTESIAN_POINT ( 'NONE',  ( -0.9081739123176676420, 0.0000000000000000000, 0.7208260150595385829 ) ) ;
#1533 = COLOUR_RGB ( '',0.7529411764705882248, 0.7529411764705882248, 0.7529411764705882248 ) ;
#1534 = MECHANICAL_DESIGN_GEOMETRIC_PRESENTATION_REPRESENTATION (  '', ( #455 ), #217 ) ;
#1535 = MECHANICAL_DESIGN_GEOMETRIC_PRESENTATION_REPRESENTATION (  '', ( #2049 ), #686 ) ;
#1536 = VECTOR ( 'NONE', #1700, 1000.000000000000000 ) ;
#1537 = SURFACE_STYLE_FILL_AREA ( #1275 ) ;
#1538 = MECHANICAL_DESIGN_GEOMETRIC_PRESENTATION_REPRESENTATION (  '', ( #783 ), #2295 ) ;
#1539 = PRESENTATION_LAYER_ASSIGNMENT (  '', '', ( #1209 ) ) ;
#1540 = DIRECTION ( 'NONE',  ( -0.0000000000000000000, -1.000000000000000000, -0.0000000000000000000 ) ) ;
#1541 = COLOUR_RGB ( '',0.2509803921568627416, 0.2509803921568627416, 0.2509803921568627416 ) ;
#1542 = AXIS2_PLACEMENT_3D ( 'NONE', #2034, #1600, #17 ) ;
#1543 = EDGE_CURVE ( 'NONE', #615, #1797, #245, .T. ) ;
#1544 = PLANE ( 'NONE',  #1259 ) ;
#1545 = EDGE_LOOP ( 'NONE', ( #719, #967, #2155, #2845 ) ) ;
#1546 = VECTOR ( 'NONE', #2131, 1000.000000000000000 ) ;
#1547 = FILL_AREA_STYLE_COLOUR ( '', #1297 ) ;
#1548 = EDGE_CURVE ( 'NONE', #2014, #2446, #2232, .T. ) ;
#1549 = EDGE_LOOP ( 'NONE', ( #1270, #2849, #384, #776 ) ) ;
#1550 = DIRECTION ( 'NONE',  ( 2.168404344971008621E-16, 0.0000000000000000000, 1.000000000000000000 ) ) ;
#1551 =( NAMED_UNIT ( * ) SI_UNIT ( $, .STERADIAN. ) SOLID_ANGLE_UNIT ( ) );
#1552 =( NAMED_UNIT ( * ) PLANE_ANGLE_UNIT ( ) SI_UNIT ( $, .RADIAN. ) );
#1553 = FACE_OUTER_BOUND ( 'NONE', #491, .T. ) ;
#1554 = DIRECTION ( 'NONE',  ( 0.0000000000000000000, 0.0000000000000000000, -1.000000000000000000 ) ) ;
#1555 = VERTEX_POINT ( 'NONE', #1602 ) ;
#1556 = EDGE_CURVE ( 'NONE', #704, #1714, #2010, .T. ) ;
#1557 =( LENGTH_UNIT ( ) NAMED_UNIT ( * ) SI_UNIT ( .MILLI., .METRE. ) );
#1558 = ORIENTED_EDGE ( 'NONE', *, *, #2719, .T. ) ;
#1559 =( LENGTH_UNIT ( ) NAMED_UNIT ( * ) SI_UNIT ( .MILLI., .METRE. ) );
#1560 = CARTESIAN_POINT ( 'NONE',  ( 0.0000000000000000000, 0.8800000000000000044, -0.6060298102981029889 ) ) ;
#1561 = EDGE_CURVE ( 'NONE', #1667, #1890, #1583, .T. ) ;
#1562 = FILL_AREA_STYLE_COLOUR ( '', #1772 ) ;
#1563 = DIRECTION ( 'NONE',  ( 1.000000000000000000, 0.0000000000000000000, -0.0000000000000000000 ) ) ;
#1564 =( NAMED_UNIT ( * ) PLANE_ANGLE_UNIT ( ) SI_UNIT ( $, .RADIAN. ) );
#1565 = DIRECTION ( 'NONE',  ( -0.0000000000000000000, -1.000000000000000000, -0.0000000000000000000 ) ) ;
#1566 = PLANE ( 'NONE',  #1641 ) ;
#1567 = FACE_OUTER_BOUND ( 'NONE', #530, .T. ) ;
#1568 = FACE_OUTER_BOUND ( 'NONE', #2256, .T. ) ;
#1569 = DIRECTION ( 'NONE',  ( -0.0000000000000000000, -1.000000000000000000, -0.0000000000000000000 ) ) ;
#1570 = ORIENTED_EDGE ( 'NONE', *, *, #1561, .T. ) ;
#1571 = MECHANICAL_DESIGN_GEOMETRIC_PRESENTATION_REPRESENTATION (  '', ( #2625 ), #1152 ) ;
#1572 = CARTESIAN_POINT ( 'NONE',  ( -0.9081739123176676420, -0.001000000000000000021, 0.7208260150595385829 ) ) ;
#1573 = EDGE_CURVE ( 'NONE', #1260, #2446, #232, .T. ) ;
#1574 = AXIS2_PLACEMENT_3D ( 'NONE', #1231, #1666, #2572 ) ;
#1575 = VERTEX_POINT ( 'NONE', #2021 ) ;
#1576 =( GEOMETRIC_REPRESENTATION_CONTEXT ( 3 ) GLOBAL_UNCERTAINTY_ASSIGNED_CONTEXT ( ( #795 ) ) GLOBAL_UNIT_ASSIGNED_CONTEXT ( ( #680, #2466, #2009 ) ) REPRESENTATION_CONTEXT ( 'NONE', 'WORKASPACE' ) );
#1577 = EDGE_CURVE ( 'NONE', #2524, #2750, #2294, .T. ) ;
#1578 = STYLED_ITEM ( 'NONE', ( #241 ), #1043 ) ;
#1579 =( NAMED_UNIT ( * ) SI_UNIT ( $, .STERADIAN. ) SOLID_ANGLE_UNIT ( ) );
#1580 = AXIS2_PLACEMENT_3D ( 'NONE', #1984, #1374, #1550 ) ;
#1581 = DIRECTION ( 'NONE',  ( -0.0000000000000000000, -1.000000000000000000, -0.0000000000000000000 ) ) ;
#1582 = CARTESIAN_POINT ( 'NONE',  ( 1.521747967479674335, 0.9000000000000001332, -0.6060298102981029889 ) ) ;
#1583 = LINE ( 'NONE', #1126, #1957 ) ;
#1584 = PRESENTATION_LAYER_ASSIGNMENT (  '', '', ( #976 ) ) ;
#1585 = SURFACE_STYLE_FILL_AREA ( #682 ) ;
#1586 = UNCERTAINTY_MEASURE_WITH_UNIT (LENGTH_MEASURE( 1.000000000000000082E-05 ), #520, 'distance_accuracy_value', 'NONE');
#1587 = VECTOR ( 'NONE', #968, 1000.000000000000000 ) ;
#1588 = CARTESIAN_POINT ( 'NONE',  ( 1.521747967479674335, 0.9000000000000001332, 0.8939701897018970111 ) ) ;
#1589 = CARTESIAN_POINT ( 'NONE',  ( -1.203252032520325310, 0.7000000000000000666, -0.9810298102981029889 ) ) ;
#1590 = VERTEX_POINT ( 'NONE', #2747 ) ;
#1591 = FACE_OUTER_BOUND ( 'NONE', #2648, .T. ) ;
#1592 = VECTOR ( 'NONE', #1133, 1000.000000000000000 ) ;
#1593 = MECHANICAL_DESIGN_GEOMETRIC_PRESENTATION_REPRESENTATION (  '', ( #369 ), #2253 ) ;
#1594 = FILL_AREA_STYLE_COLOUR ( '', #1645 ) ;
#1595 = EDGE_LOOP ( 'NONE', ( #342, #2530, #2721, #272 ) ) ;
#1596 = FILL_AREA_STYLE ('',( #2531 ) ) ;
#1597 = SURFACE_SIDE_STYLE ('',( #1119 ) ) ;
#1598 = CARTESIAN_POINT ( 'NONE',  ( 1.521747967479674335, 0.8800000000000000044, -0.1060298102981030305 ) ) ;
#1599 = EDGE_CURVE ( 'NONE', #2378, #85, #34, .T. ) ;
#1600 = DIRECTION ( 'NONE',  ( 0.0000000000000000000, 1.000000000000000000, 0.0000000000000000000 ) ) ;
#1601 = FILL_AREA_STYLE_COLOUR ( '', #2581 ) ;
#1602 = CARTESIAN_POINT ( 'NONE',  ( 1.109247967479674246, 0.8800000000000000044, 0.7314701897018971444 ) ) ;
#1603 = ORIENTED_EDGE ( 'NONE', *, *, #322, .T. ) ;
#1604 = EDGE_CURVE ( 'NONE', #1667, #712, #1367, .T. ) ;
#1605 = SURFACE_STYLE_USAGE ( .BOTH. , #2254 ) ;
#1606 =( NAMED_UNIT ( * ) PLANE_ANGLE_UNIT ( ) SI_UNIT ( $, .RADIAN. ) );
#1607 = CARTESIAN_POINT ( 'NONE',  ( 1.796747967479674912, 0.8800000000000000044, -0.1060298102981030305 ) ) ;
#1608 = ORIENTED_EDGE ( 'NONE', *, *, #2801, .T. ) ;
#1609 = PLANE ( 'NONE',  #740 ) ;
#1610 = FILL_AREA_STYLE_COLOUR ( '', #2054 ) ;
#1611 = CARTESIAN_POINT ( 'NONE',  ( -1.223252032520325328, 0.7000000000000000666, -0.6060298102981029889 ) ) ;
#1612 = PLANE ( 'NONE',  #2691 ) ;
#1613 = CARTESIAN_POINT ( 'NONE',  ( -1.203252032520325310, 0.8800000000000000044, -0.8560298102981029889 ) ) ;
#1614 = SURFACE_SIDE_STYLE ('',( #1883 ) ) ;
#1615 = PRODUCT_RELATED_PRODUCT_CATEGORY ( 'part', '', ( #2881 ) ) ;
#1616 = SURFACE_STYLE_USAGE ( .BOTH. , #1989 ) ;
#1617 = ORIENTED_EDGE ( 'NONE', *, *, #2159, .T. ) ;
#1618 = SURFACE_STYLE_FILL_AREA ( #713 ) ;
#1619 = FACE_OUTER_BOUND ( 'NONE', #625, .T. ) ;
#1620 = ADVANCED_FACE ( 'NONE', ( #710 ), #2523, .T. ) ;
#1621 = CARTESIAN_POINT ( 'NONE',  ( -1.223252032520325328, 0.7000000000000000666, -0.1060298102981030305 ) ) ;
#1622 = UNCERTAINTY_MEASURE_WITH_UNIT (LENGTH_MEASURE( 1.000000000000000082E-05 ), #2375, 'distance_accuracy_value', 'NONE');
#1623 = FILL_AREA_STYLE_COLOUR ( '', #466 ) ;
#1624 = VERTEX_POINT ( 'NONE', #725 ) ;
#1625 = DIRECTION ( 'NONE',  ( 0.0000000000000000000, -0.0000000000000000000, 1.000000000000000000 ) ) ;
#1626 = STYLED_ITEM ( 'NONE', ( #2267 ), #336 ) ;
#1627 = ORIENTED_EDGE ( 'NONE', *, *, #1548, .F. ) ;
#1628 = SURFACE_SIDE_STYLE ('',( #1864 ) ) ;
#1629 = MECHANICAL_DESIGN_GEOMETRIC_PRESENTATION_REPRESENTATION (  '', ( #1726 ), #1481 ) ;
#1630 = VECTOR ( 'NONE', #1717, 1000.000000000000000 ) ;
#1631 = CARTESIAN_POINT ( 'NONE',  ( 1.816747967479674264, 0.7000000000000000666, 0.6439701897018970111 ) ) ;
#1632 = SURFACE_STYLE_FILL_AREA ( #1193 ) ;
#1633 = SURFACE_STYLE_USAGE ( .BOTH. , #2095 ) ;
#1634 = VERTEX_POINT ( 'NONE', #2326 ) ;
#1635 = STYLED_ITEM ( 'NONE', ( #2786 ), #1077 ) ;
#1636 = CARTESIAN_POINT ( 'NONE',  ( 1.521747967479674335, 0.9000000000000001332, 0.6439701897018970111 ) ) ;
#1637 = CIRCLE ( 'NONE', #1063, 0.1750396297353078445 ) ;
#1638 = STYLED_ITEM ( 'NONE', ( #1956 ), #1234 ) ;
#1639 = CARTESIAN_POINT ( 'NONE',  ( 1.521747967479674335, 0.7000000000000000666, -0.3560298102981030444 ) ) ;
#1640 = EDGE_CURVE ( 'NONE', #2728, #772, #2371, .T. ) ;
#1641 = AXIS2_PLACEMENT_3D ( 'NONE', #1155, #484, #941 ) ;
#1642 = ORIENTED_EDGE ( 'NONE', *, *, #2863, .F. ) ;
#1643 = STYLED_ITEM ( 'NONE', ( #1402 ), #2365 ) ;
#1644 = SURFACE_STYLE_USAGE ( .BOTH. , #479 ) ;
#1645 = COLOUR_RGB ( '',1.000000000000000000, 1.000000000000000000, 1.000000000000000000 ) ;
#1646 = ORIENTED_EDGE ( 'NONE', *, *, #938, .F. ) ;
#1647 = PRESENTATION_STYLE_ASSIGNMENT (( #994 ) ) ;
#1648 = CARTESIAN_POINT ( 'NONE',  ( -1.223252032520325328, 0.7000000000000000666, 0.3939701897018970111 ) ) ;
#1649 = AXIS2_PLACEMENT_3D ( 'NONE', #617, #1040, #845 ) ;
#1650 = CARTESIAN_POINT ( 'NONE',  ( -1.203252032520325310, 0.8800000000000000044, -0.9810298102981029889 ) ) ;
#1651 = SURFACE_SIDE_STYLE ('',( #2773 ) ) ;
#1652 = EDGE_LOOP ( 'NONE', ( #578, #2812, #1392, #325, #1969, #2760, #2673, #2469, #2876, #749, #2439, #979, #816, #2297, #942, #1268, #1970, #744, #145, #2953 ) ) ;
#1653 = SURFACE_STYLE_FILL_AREA ( #548 ) ;
#1654 = CARTESIAN_POINT ( 'NONE',  ( -1.223252032520325328, 0.9000000000000001332, 0.6439701897018970111 ) ) ;
#1655 = ORIENTED_EDGE ( 'NONE', *, *, #2227, .F. ) ;
#1656 = EDGE_CURVE ( 'NONE', #40, #688, #951, .T. ) ;
#1657 = PLANE ( 'NONE',  #2005 ) ;
#1658 = VERTEX_POINT ( 'NONE', #1195 ) ;
#1659 = EDGE_CURVE ( 'NONE', #2524, #741, #1663, .T. ) ;
#1660 = FILL_AREA_STYLE_COLOUR ( '', #1309 ) ;
#1661 = CARTESIAN_POINT ( 'NONE',  ( 1.796747967479674912, 0.7000000000000000666, 0.1439701897018969834 ) ) ;
#1662 =( NAMED_UNIT ( * ) SI_UNIT ( $, .STERADIAN. ) SOLID_ANGLE_UNIT ( ) );
#1663 = LINE ( 'NONE', #2312, #1156 ) ;
#1664 = VERTEX_POINT ( 'NONE', #287 ) ;
#1665 =( NAMED_UNIT ( * ) PLANE_ANGLE_UNIT ( ) SI_UNIT ( $, .RADIAN. ) );
#1666 = DIRECTION ( 'NONE',  ( 0.0000000000000000000, 0.0000000000000000000, 1.000000000000000000 ) ) ;
#1667 = VERTEX_POINT ( 'NONE', #1438 ) ;
#1668 = ORIENTED_EDGE ( 'NONE', *, *, #48, .T. ) ;
#1669 = CARTESIAN_POINT ( 'NONE',  ( 1.521747967479674335, 0.9000000000000001332, 0.1439701897018969834 ) ) ;
#1670 = PRESENTATION_STYLE_ASSIGNMENT (( #2091 ) ) ;
#1671 =( GEOMETRIC_REPRESENTATION_CONTEXT ( 3 ) GLOBAL_UNCERTAINTY_ASSIGNED_CONTEXT ( ( #2708 ) ) GLOBAL_UNIT_ASSIGNED_CONTEXT ( ( #2573, #2350, #2639 ) ) REPRESENTATION_CONTEXT ( 'NONE', 'WORKASPACE' ) );
#1672 = EDGE_CURVE ( 'NONE', #377, #2168, #1854, .T. ) ;
#1673 = SURFACE_STYLE_FILL_AREA ( #766 ) ;
#1674 = DIRECTION ( 'NONE',  ( 0.0000000000000000000, 0.0000000000000000000, -1.000000000000000000 ) ) ;
#1675 = PRESENTATION_LAYER_ASSIGNMENT (  '', '', ( #108 ) ) ;
#1676 = ORIENTED_EDGE ( 'NONE', *, *, #347, .F. ) ;
#1677 = STYLED_ITEM ( 'NONE', ( #1842 ), #820 ) ;
#1678 = DIRECTION ( 'NONE',  ( -0.0000000000000000000, -1.000000000000000000, -0.0000000000000000000 ) ) ;
#1679 = DIRECTION ( 'NONE',  ( 0.0000000000000000000, 0.0000000000000000000, 1.000000000000000000 ) ) ;
#1680 =( GEOMETRIC_REPRESENTATION_CONTEXT ( 3 ) GLOBAL_UNCERTAINTY_ASSIGNED_CONTEXT ( ( #2330 ) ) GLOBAL_UNIT_ASSIGNED_CONTEXT ( ( #1325, #873, #2679 ) ) REPRESENTATION_CONTEXT ( 'NONE', 'WORKASPACE' ) );
#1681 = AXIS2_PLACEMENT_3D ( 'NONE', #2651, #1688, #1733 ) ;
#1682 = LINE ( 'NONE', #2811, #1740 ) ;
#1683 = ORIENTED_EDGE ( 'NONE', *, *, #512, .F. ) ;
#1684 = PRESENTATION_LAYER_ASSIGNMENT (  '', '', ( #884 ) ) ;
#1685 = VECTOR ( 'NONE', #1836, 1000.000000000000000 ) ;
#1686 = ORIENTED_EDGE ( 'NONE', *, *, #2756, .F. ) ;
#1687 = CARTESIAN_POINT ( 'NONE',  ( -1.203252032520325310, 0.8800000000000000044, 1.018970189701897011 ) ) ;
#1688 = DIRECTION ( 'NONE',  ( 0.0000000000000000000, -0.0000000000000000000, 1.000000000000000000 ) ) ;
#1689 = VECTOR ( 'NONE', #1192, 1000.000000000000000 ) ;
#1690 =( NAMED_UNIT ( * ) PLANE_ANGLE_UNIT ( ) SI_UNIT ( $, .RADIAN. ) );
#1691 = DIRECTION ( 'NONE',  ( -1.000000000000000000, 0.0000000000000000000, -0.0000000000000000000 ) ) ;
#1692 = AXIS2_PLACEMENT_3D ( 'NONE', #66, #292, #1188 ) ;
#1693 = DIRECTION ( 'NONE',  ( -1.000000000000000000, 0.0000000000000000000, 0.0000000000000000000 ) ) ;
#1694 = CARTESIAN_POINT ( 'NONE',  ( 0.0000000000000000000, 0.8800000000000000044, 0.6439701897018970111 ) ) ;
#1695 = ADVANCED_FACE ( 'NONE', ( #2360 ), #2342, .T. ) ;
#1696 = ORIENTED_EDGE ( 'NONE', *, *, #2719, .F. ) ;
#1697 = PRODUCT_DEFINITION_FORMATION_WITH_SPECIFIED_SOURCE ( 'ANY', '', #2881, .NOT_KNOWN. ) ;
#1698 = FILL_AREA_STYLE_COLOUR ( '', #1541 ) ;
#1699 = DIRECTION ( 'NONE',  ( 0.0000000000000000000, 0.0000000000000000000, -1.000000000000000000 ) ) ;
#1700 = DIRECTION ( 'NONE',  ( 0.0000000000000000000, 0.0000000000000000000, 1.000000000000000000 ) ) ;
#1701 = CARTESIAN_POINT ( 'NONE',  ( 1.816747967479674264, 0.9000000000000001332, 0.1439701897018969834 ) ) ;
#1702 = VERTEX_POINT ( 'NONE', #1904 ) ;
#1703 = SURFACE_SIDE_STYLE ('',( #2153 ) ) ;
#1704 = ORIENTED_EDGE ( 'NONE', *, *, #843, .T. ) ;
#1705 = PRESENTATION_STYLE_ASSIGNMENT (( #2356 ) ) ;
#1706 =( NAMED_UNIT ( * ) SI_UNIT ( $, .STERADIAN. ) SOLID_ANGLE_UNIT ( ) );
#1707 = ADVANCED_BREP_SHAPE_REPRESENTATION ( '210E404F-D18D-4F91-9611-ECCBB130F892', ( #1280, #1838 ), #613 ) ;
#1708 = SURFACE_STYLE_USAGE ( .BOTH. , #1240 ) ;
#1709 = EDGE_LOOP ( 'NONE', ( #652, #886, #1894, #203, #1412, #2406 ) ) ;
#1710 = PRODUCT_DEFINITION_CONTEXT ( 'detailed design', #2667, 'design' ) ;
#1711 = UNCERTAINTY_MEASURE_WITH_UNIT (LENGTH_MEASURE( 1.000000000000000082E-05 ), #1559, 'distance_accuracy_value', 'NONE');
#1712 = EDGE_CURVE ( 'NONE', #2243, #2122, #2067, .T. ) ;
#1713 = DIRECTION ( 'NONE',  ( 0.0000000000000000000, 1.000000000000000000, 0.0000000000000000000 ) ) ;
#1714 = VERTEX_POINT ( 'NONE', #49 ) ;
#1715 = SURFACE_SIDE_STYLE ('',( #1271 ) ) ;
#1716 = FILL_AREA_STYLE ('',( #372 ) ) ;
#1717 = DIRECTION ( 'NONE',  ( 1.000000000000000000, -0.0000000000000000000, -0.0000000000000000000 ) ) ;
#1718 = FILL_AREA_STYLE_COLOUR ( '', #876 ) ;
#1719 = MECHANICAL_DESIGN_GEOMETRIC_PRESENTATION_REPRESENTATION (  '', ( #107 ), #1477 ) ;
#1720 = VERTEX_POINT ( 'NONE', #1736 ) ;
#1721 = VECTOR ( 'NONE', #2442, 1000.000000000000000 ) ;
#1722 = FILL_AREA_STYLE ('',( #634 ) ) ;
#1723 = LINE ( 'NONE', #1496, #67 ) ;
#1724 = CARTESIAN_POINT ( 'NONE',  ( -0.9282520325203255096, 0.9000000000000001332, 0.3939701897018970111 ) ) ;
#1725 = ORIENTED_EDGE ( 'NONE', *, *, #644, .F. ) ;
#1726 = STYLED_ITEM ( 'NONE', ( #2 ), #1936 ) ;
#1727 = CARTESIAN_POINT ( 'NONE',  ( -0.5157520325203255318, 0.8800000000000000044, -0.6935298102981029000 ) ) ;
#1728 = PRESENTATION_LAYER_ASSIGNMENT (  '', '', ( #1635 ) ) ;
#1729 = MECHANICAL_DESIGN_GEOMETRIC_PRESENTATION_REPRESENTATION (  '', ( #2930 ), #2738 ) ;
#1730 = ORIENTED_EDGE ( 'NONE', *, *, #2516, .T. ) ;
#1731 = FACE_OUTER_BOUND ( 'NONE', #1652, .T. ) ;
#1732 = MECHANICAL_DESIGN_GEOMETRIC_PRESENTATION_REPRESENTATION (  '', ( #977 ), #2098 ) ;
#1733 = DIRECTION ( 'NONE',  ( 1.000000000000000000, 0.0000000000000000000, -0.0000000000000000000 ) ) ;
#1734 = COLOUR_RGB ( '',0.7529411764705882248, 0.7529411764705882248, 0.7529411764705882248 ) ;
#1735 = VECTOR ( 'NONE', #1139, 1000.000000000000000 ) ;
#1736 = CARTESIAN_POINT ( 'NONE',  ( -0.9282520325203255096, 0.9000000000000001332, -0.6060298102981029889 ) ) ;
#1737 = VECTOR ( 'NONE', #2540, 1000.000000000000000 ) ;
#1738 = VERTEX_POINT ( 'NONE', #1961 ) ;
#1739 = UNCERTAINTY_MEASURE_WITH_UNIT (LENGTH_MEASURE( 1.000000000000000082E-05 ), #2503, 'distance_accuracy_value', 'NONE');
#1740 = VECTOR ( 'NONE', #1246, 1000.000000000000000 ) ;
#1741 = LINE ( 'NONE', #1922, #677 ) ;
#1742 = DIRECTION ( 'NONE',  ( -1.000000000000000000, 0.0000000000000000000, 0.0000000000000000000 ) ) ;
#1743 = VERTEX_POINT ( 'NONE', #1518 ) ;
#1744 = UNCERTAINTY_MEASURE_WITH_UNIT (LENGTH_MEASURE( 1.000000000000000082E-05 ), #2323, 'distance_accuracy_value', 'NONE');
#1745 = LINE ( 'NONE', #142, #821 ) ;
#1746 = ORIENTED_EDGE ( 'NONE', *, *, #373, .T. ) ;
#1747 = ORIENTED_EDGE ( 'NONE', *, *, #2080, .F. ) ;
#1748 = PRESENTATION_STYLE_ASSIGNMENT (( #2369 ) ) ;
#1749 = EDGE_CURVE ( 'NONE', #1235, #1230, #2631, .T. ) ;
#1750 = LINE ( 'NONE', #2432, #877 ) ;
#1751 = LINE ( 'NONE', #2905, #2734 ) ;
#1752 = DIRECTION ( 'NONE',  ( -0.0000000000000000000, -0.0000000000000000000, 1.000000000000000000 ) ) ;
#1753 =( LENGTH_UNIT ( ) NAMED_UNIT ( * ) SI_UNIT ( .MILLI., .METRE. ) );
#1754 = ORIENTED_EDGE ( 'NONE', *, *, #488, .F. ) ;
#1755 = LINE ( 'NONE', #2909, #348 ) ;
#1756 = ORIENTED_EDGE ( 'NONE', *, *, #1916, .F. ) ;
#1757 = ORIENTED_EDGE ( 'NONE', *, *, #2351, .T. ) ;
#1758 = CARTESIAN_POINT ( 'NONE',  ( -1.223252032520325328, 0.9000000000000001332, 0.8939701897018970111 ) ) ;
#1759 = LINE ( 'NONE', #2680, #1818 ) ;
#1760 = EDGE_CURVE ( 'NONE', #2518, #1086, #1751, .T. ) ;
#1761 = LINE ( 'NONE', #2509, #789 ) ;
#1762 = SURFACE_STYLE_FILL_AREA ( #863 ) ;
#1763 = PRESENTATION_LAYER_ASSIGNMENT (  '', '', ( #1988 ) ) ;
#1764 = SURFACE_STYLE_USAGE ( .BOTH. , #2207 ) ;
#1765 = STYLED_ITEM ( 'NONE', ( #1888 ), #284 ) ;
#1766 = ORIENTED_EDGE ( 'NONE', *, *, #488, .T. ) ;
#1767 = AXIS2_PLACEMENT_3D ( 'NONE', #2392, #1713, #808 ) ;
#1768 =( GEOMETRIC_REPRESENTATION_CONTEXT ( 3 ) GLOBAL_UNCERTAINTY_ASSIGNED_CONTEXT ( ( #291 ) ) GLOBAL_UNIT_ASSIGNED_CONTEXT ( ( #2341, #2112, #495 ) ) REPRESENTATION_CONTEXT ( 'NONE', 'WORKASPACE' ) );
#1769 = ORIENTED_EDGE ( 'NONE', *, *, #1799, .F. ) ;
#1770 = FACE_OUTER_BOUND ( 'NONE', #350, .T. ) ;
#1771 = LINE ( 'NONE', #1560, #2150 ) ;
#1772 = COLOUR_RGB ( '',0.7529411764705882248, 0.7529411764705882248, 0.7529411764705882248 ) ;
#1773 = APPLICATION_PROTOCOL_DEFINITION ( 'draft international standard', 'automotive_design', 1998, #2667 ) ;
#1774 = PRESENTATION_LAYER_ASSIGNMENT (  '', '', ( #410 ) ) ;
#1775 =( GEOMETRIC_REPRESENTATION_CONTEXT ( 3 ) GLOBAL_UNCERTAINTY_ASSIGNED_CONTEXT ( ( #588 ) ) GLOBAL_UNIT_ASSIGNED_CONTEXT ( ( #1236, #2627, #1901 ) ) REPRESENTATION_CONTEXT ( 'NONE', 'WORKASPACE' ) );
#1776 = PLANE ( 'NONE',  #925 ) ;
#1777 = VECTOR ( 'NONE', #2178, 1000.000000000000000 ) ;
#1778 = VECTOR ( 'NONE', #862, 1000.000000000000000 ) ;
#1779 = DIRECTION ( 'NONE',  ( 0.0000000000000000000, -1.000000000000000000, 0.0000000000000000000 ) ) ;
#1780 = EDGE_CURVE ( 'NONE', #2689, #842, #1977, .T. ) ;
#1781 = PRESENTATION_STYLE_ASSIGNMENT (( #1616 ) ) ;
#1782 = VECTOR ( 'NONE', #2259, 1000.000000000000000 ) ;
#1783 = FACE_OUTER_BOUND ( 'NONE', #2737, .T. ) ;
#1784 =( LENGTH_UNIT ( ) NAMED_UNIT ( * ) SI_UNIT ( .MILLI., .METRE. ) );
#1785 = EDGE_CURVE ( 'NONE', #471, #2823, #1942, .T. ) ;
#1786 = ORIENTED_EDGE ( 'NONE', *, *, #1855, .F. ) ;
#1787 = DIRECTION ( 'NONE',  ( 0.0000000000000000000, 0.0000000000000000000, 1.000000000000000000 ) ) ;
#1788 = ORIENTED_EDGE ( 'NONE', *, *, #1573, .T. ) ;
#1789 = FILL_AREA_STYLE ('',( #1802 ) ) ;
#1790 = DIRECTION ( 'NONE',  ( -0.0000000000000000000, -1.000000000000000000, -0.0000000000000000000 ) ) ;
#1791 =( NAMED_UNIT ( * ) PLANE_ANGLE_UNIT ( ) SI_UNIT ( $, .RADIAN. ) );
#1792 = LINE ( 'NONE', #1138, #1948 ) ;
#1793 = CARTESIAN_POINT ( 'NONE',  ( -0.9282520325203255096, 0.9000000000000001332, -0.8560298102981029889 ) ) ;
#1794 = UNCERTAINTY_MEASURE_WITH_UNIT (LENGTH_MEASURE( 1.000000000000000082E-05 ), #2320, 'distance_accuracy_value', 'NONE');
#1795 =( NAMED_UNIT ( * ) SI_UNIT ( $, .STERADIAN. ) SOLID_ANGLE_UNIT ( ) );
#1796 = CARTESIAN_POINT ( 'NONE',  ( 1.796747967479674690, 0.8800000000000000044, -0.9810298102981029889 ) ) ;
#1797 = VERTEX_POINT ( 'NONE', #169 ) ;
#1798 = SURFACE_STYLE_FILL_AREA ( #219 ) ;
#1799 = EDGE_CURVE ( 'NONE', #712, #1667, #505, .T. ) ;
#1800 = LINE ( 'NONE', #221, #1592 ) ;
#1801 = ORIENTED_EDGE ( 'NONE', *, *, #1760, .F. ) ;
#1802 = FILL_AREA_STYLE_COLOUR ( '', #314 ) ;
#1803 = CARTESIAN_POINT ( 'NONE',  ( -0.9282520325203255096, 0.8800000000000000044, 0.6439701897018970111 ) ) ;
#1804 = PRESENTATION_STYLE_ASSIGNMENT (( #2464 ) ) ;
#1805 = CARTESIAN_POINT ( 'NONE',  ( -1.223252032520325328, 0.9000000000000001332, -0.6060298102981029889 ) ) ;
#1806 = CARTESIAN_POINT ( 'NONE',  ( 1.521747967479674335, 0.8800000000000000044, -0.8560298102981029889 ) ) ;
#1807 = CARTESIAN_POINT ( 'NONE',  ( 1.816747967479674264, 0.9000000000000001332, 0.6439701897018970111 ) ) ;
#1808 = CARTESIAN_POINT ( 'NONE',  ( 1.816747967479674264, 0.9000000000000001332, -0.1060298102981030305 ) ) ;
#1809 =( LENGTH_UNIT ( ) NAMED_UNIT ( * ) SI_UNIT ( .MILLI., .METRE. ) );
#1810 = EDGE_LOOP ( 'NONE', ( #1881, #127, #1446, #163 ) ) ;
#1811 = VECTOR ( 'NONE', #536, 1000.000000000000000 ) ;
#1812 = CARTESIAN_POINT ( 'NONE',  ( 1.796747967479674690, 0.8800000000000000044, -0.9810298102981029889 ) ) ;
#1813 = ORIENTED_EDGE ( 'NONE', *, *, #2919, .F. ) ;
#1814 = CARTESIAN_POINT ( 'NONE',  ( 1.816747967479674264, 0.9000000000000001332, 0.6439701897018970111 ) ) ;
#1815 = EDGE_CURVE ( 'NONE', #594, #2604, #2148, .T. ) ;
#1816 = DIRECTION ( 'NONE',  ( 0.0000000000000000000, 0.0000000000000000000, -1.000000000000000000 ) ) ;
#1817 = SURFACE_SIDE_STYLE ('',( #1080 ) ) ;
#1818 = VECTOR ( 'NONE', #643, 1000.000000000000000 ) ;
#1819 = SURFACE_STYLE_FILL_AREA ( #2019 ) ;
#1820 = EDGE_CURVE ( 'NONE', #1658, #460, #171, .T. ) ;
#1821 = SURFACE_STYLE_FILL_AREA ( #465 ) ;
#1822 = MECHANICAL_DESIGN_GEOMETRIC_PRESENTATION_REPRESENTATION (  '', ( #312 ), #2345 ) ;
#1823 = FACE_OUTER_BOUND ( 'NONE', #1545, .T. ) ;
#1824 = DIRECTION ( 'NONE',  ( 0.0000000000000000000, 0.0000000000000000000, 1.000000000000000000 ) ) ;
#1825 = MECHANICAL_DESIGN_GEOMETRIC_PRESENTATION_REPRESENTATION (  '', ( #884 ), #1160 ) ;
#1826 = PRESENTATION_LAYER_ASSIGNMENT (  '', '', ( #2296 ) ) ;
#1827 = VERTEX_POINT ( 'NONE', #341 ) ;
#1828 = UNCERTAINTY_MEASURE_WITH_UNIT (LENGTH_MEASURE( 1.000000000000000082E-05 ), #1442, 'distance_accuracy_value', 'NONE');
#1829 = DIRECTION ( 'NONE',  ( 0.0000000000000000000, 1.000000000000000000, 0.0000000000000000000 ) ) ;
#1830 = FILL_AREA_STYLE ('',( #487 ) ) ;
#1831 = ORIENTED_EDGE ( 'NONE', *, *, #662, .F. ) ;
#1832 = SURFACE_SIDE_STYLE ('',( #1798 ) ) ;
#1833 =( GEOMETRIC_REPRESENTATION_CONTEXT ( 3 ) GLOBAL_UNCERTAINTY_ASSIGNED_CONTEXT ( ( #1440 ) ) GLOBAL_UNIT_ASSIGNED_CONTEXT ( ( #99, #2171, #1706 ) ) REPRESENTATION_CONTEXT ( 'NONE', 'WORKASPACE' ) );
#1834 = MECHANICAL_DESIGN_GEOMETRIC_PRESENTATION_REPRESENTATION (  '', ( #1075 ), #565 ) ;
#1835 = ORIENTED_EDGE ( 'NONE', *, *, #2076, .T. ) ;
#1836 = DIRECTION ( 'NONE',  ( -2.168404344971008868E-16, -0.0000000000000000000, -1.000000000000000000 ) ) ;
#1837 =( LENGTH_UNIT ( ) NAMED_UNIT ( * ) SI_UNIT ( .MILLI., .METRE. ) );
#1838 = AXIS2_PLACEMENT_3D ( 'NONE', #2915, #434, #1974 ) ;
#1839 =( NAMED_UNIT ( * ) SI_UNIT ( $, .STERADIAN. ) SOLID_ANGLE_UNIT ( ) );
#1840 = EDGE_CURVE ( 'NONE', #1086, #1714, #376, .T. ) ;
#1841 = FILL_AREA_STYLE_COLOUR ( '', #2453 ) ;
#1842 = PRESENTATION_STYLE_ASSIGNMENT (( #2052 ) ) ;
#1843 = CARTESIAN_POINT ( 'NONE',  ( -1.203252032520325310, 0.7000000000000000666, -0.9810298102981029889 ) ) ;
#1844 = EDGE_LOOP ( 'NONE', ( #417, #50, #262, #658, #1524, #1332 ) ) ;
#1845 = FILL_AREA_STYLE_COLOUR ( '', #1734 ) ;
#1846 = DIRECTION ( 'NONE',  ( 0.0000000000000000000, 0.0000000000000000000, 1.000000000000000000 ) ) ;
#1847 = CARTESIAN_POINT ( 'NONE',  ( 1.816747967479674264, 0.9000000000000001332, -0.1060298102981030305 ) ) ;
#1848 = CARTESIAN_POINT ( 'NONE',  ( -0.9282520325203255096, 0.9000000000000001332, -0.8560298102981029889 ) ) ;
#1849 = ORIENTED_EDGE ( 'NONE', *, *, #989, .F. ) ;
#1850 = DIRECTION ( 'NONE',  ( 0.0000000000000000000, 0.0000000000000000000, -1.000000000000000000 ) ) ;
#1851 =( NAMED_UNIT ( * ) PLANE_ANGLE_UNIT ( ) SI_UNIT ( $, .RADIAN. ) );
#1852 = DIRECTION ( 'NONE',  ( 0.0000000000000000000, 1.000000000000000000, 0.0000000000000000000 ) ) ;
#1853 = SURFACE_SIDE_STYLE ('',( #1632 ) ) ;
#1854 = LINE ( 'NONE', #2113, #309 ) ;
#1855 = EDGE_CURVE ( 'NONE', #2502, #1955, #833, .T. ) ;
#1856 = ORIENTED_EDGE ( 'NONE', *, *, #1441, .F. ) ;
#1857 = PRESENTATION_STYLE_ASSIGNMENT (( #1895 ) ) ;
#1858 = SURFACE_STYLE_USAGE ( .BOTH. , #2118 ) ;
#1859 = CARTESIAN_POINT ( 'NONE',  ( 1.521747967479674335, 0.8800000000000000044, -0.3560298102981030444 ) ) ;
#1860 = VERTEX_POINT ( 'NONE', #2187 ) ;
#1861 = SURFACE_SIDE_STYLE ('',( #510 ) ) ;
#1862 =( NAMED_UNIT ( * ) SI_UNIT ( $, .STERADIAN. ) SOLID_ANGLE_UNIT ( ) );
#1863 = ORIENTED_EDGE ( 'NONE', *, *, #2801, .F. ) ;
#1864 = SURFACE_STYLE_FILL_AREA ( #2579 ) ;
#1865 = DIRECTION ( 'NONE',  ( 0.0000000000000000000, 0.0000000000000000000, 1.000000000000000000 ) ) ;
#1866 = VECTOR ( 'NONE', #2373, 1000.000000000000000 ) ;
#1867 = DIRECTION ( 'NONE',  ( -0.0000000000000000000, -0.0000000000000000000, 1.000000000000000000 ) ) ;
#1868 = EDGE_LOOP ( 'NONE', ( #1757, #1801, #106, #311 ) ) ;
#1869 = VECTOR ( 'NONE', #400, 1000.000000000000000 ) ;
#1870 = AXIS2_PLACEMENT_3D ( 'NONE', #2654, #1041, #620 ) ;
#1871 = EDGE_CURVE ( 'NONE', #2675, #772, #357, .T. ) ;
#1872 = VECTOR ( 'NONE', #1375, 1000.000000000000000 ) ;
#1873 =( NAMED_UNIT ( * ) SI_UNIT ( $, .STERADIAN. ) SOLID_ANGLE_UNIT ( ) );
#1874 = VECTOR ( 'NONE', #183, 1000.000000000000000 ) ;
#1875 = EDGE_CURVE ( 'NONE', #2728, #508, #390, .T. ) ;
#1876 = LINE ( 'NONE', #1701, #1033 ) ;
#1877 = ORIENTED_EDGE ( 'NONE', *, *, #2119, .T. ) ;
#1878 = VECTOR ( 'NONE', #1852, 1000.000000000000000 ) ;
#1879 = DIRECTION ( 'NONE',  ( 0.0000000000000000000, -0.0000000000000000000, 1.000000000000000000 ) ) ;
#1880 = PRESENTATION_LAYER_ASSIGNMENT (  '', '', ( #1075 ) ) ;
#1881 = ORIENTED_EDGE ( 'NONE', *, *, #209, .F. ) ;
#1882 = SURFACE_SIDE_STYLE ('',( #1213 ) ) ;
#1883 = SURFACE_STYLE_FILL_AREA ( #984 ) ;
#1884 = CARTESIAN_POINT ( 'NONE',  ( 1.796747967479675134, 0.8800000000000000044, 0.6439701897018970111 ) ) ;
#1885 = EDGE_LOOP ( 'NONE', ( #834, #1769, #934, #867 ) ) ;
#1886 = DIRECTION ( 'NONE',  ( 0.0000000000000000000, 0.0000000000000000000, 1.000000000000000000 ) ) ;
#1887 =( LENGTH_UNIT ( ) NAMED_UNIT ( * ) SI_UNIT ( .MILLI., .METRE. ) );
#1888 = PRESENTATION_STYLE_ASSIGNMENT (( #988 ) ) ;
#1889 =( LENGTH_UNIT ( ) NAMED_UNIT ( * ) SI_UNIT ( .MILLI., .METRE. ) );
#1890 = VERTEX_POINT ( 'NONE', #1026 ) ;
#1891 = ORIENTED_EDGE ( 'NONE', *, *, #1169, .T. ) ;
#1892 = CARTESIAN_POINT ( 'NONE',  ( 1.816747967479674264, 0.9000000000000001332, 0.3939701897018970111 ) ) ;
#1893 = PLANE ( 'NONE',  #2400 ) ;
#1894 = ORIENTED_EDGE ( 'NONE', *, *, #809, .T. ) ;
#1895 = SURFACE_STYLE_USAGE ( .BOTH. , #2795 ) ;
#1896 = SURFACE_SIDE_STYLE ('',( #1200 ) ) ;
#1897 = ORIENTED_EDGE ( 'NONE', *, *, #1640, .F. ) ;
#1898 = EDGE_CURVE ( 'NONE', #1176, #1004, #1919, .T. ) ;
#1899 = PRESENTATION_LAYER_ASSIGNMENT (  '', '', ( #63 ) ) ;
#1900 = VERTEX_POINT ( 'NONE', #2203 ) ;
#1901 =( NAMED_UNIT ( * ) SI_UNIT ( $, .STERADIAN. ) SOLID_ANGLE_UNIT ( ) );
#1902 =( NAMED_UNIT ( * ) SI_UNIT ( $, .STERADIAN. ) SOLID_ANGLE_UNIT ( ) );
#1903 = EDGE_CURVE ( 'NONE', #842, #1624, #1258, .T. ) ;
#1904 = CARTESIAN_POINT ( 'NONE',  ( 1.796747967479674690, 0.7000000000000000666, -0.8560298102981029889 ) ) ;
#1905 = ORIENTED_EDGE ( 'NONE', *, *, #1047, .T. ) ;
#1906 = MECHANICAL_DESIGN_GEOMETRIC_PRESENTATION_REPRESENTATION (  '', ( #1578 ), #2688 ) ;
#1907 = CIRCLE ( 'NONE', #645, 0.1250000000000000000 ) ;
#1908 = PRESENTATION_LAYER_ASSIGNMENT (  '', '', ( #883 ) ) ;
#1909 = CARTESIAN_POINT ( 'NONE',  ( 1.109247967479674246, 0.8800000000000000044, -0.6935298102981029000 ) ) ;
#1910 = ORIENTED_EDGE ( 'NONE', *, *, #1599, .T. ) ;
#1911 = MECHANICAL_DESIGN_GEOMETRIC_PRESENTATION_REPRESENTATION (  '', ( #978 ), #1211 ) ;
#1912 = AXIS2_PLACEMENT_3D ( 'NONE', #1262, #379, #2670 ) ;
#1913 = EDGE_LOOP ( 'NONE', ( #985, #1503, #2114, #2902 ) ) ;
#1914 = CARTESIAN_POINT ( 'NONE',  ( -1.223252032520325328, 0.9000000000000001332, -0.3560298102981030444 ) ) ;
#1915 = FILL_AREA_STYLE ('',( #1488 ) ) ;
#1916 = EDGE_CURVE ( 'NONE', #1634, #790, #2861, .T. ) ;
#1917 = COLOUR_RGB ( '',0.7529411764705882248, 0.7529411764705882248, 0.7529411764705882248 ) ;
#1918 = CARTESIAN_POINT ( 'NONE',  ( -1.223252032520325328, 0.7000000000000000666, -0.3560298102981030444 ) ) ;
#1919 = LINE ( 'NONE', #2173, #2339 ) ;
#1920 = EDGE_LOOP ( 'NONE', ( #1849, #2410, #2321, #1983 ) ) ;
#1921 = EDGE_CURVE ( 'NONE', #303, #1980, #1759, .T. ) ;
#1922 = CARTESIAN_POINT ( 'NONE',  ( 1.796747967479674690, 0.7000000000000000666, -0.9810298102981029889 ) ) ;
#1923 = VERTEX_POINT ( 'NONE', #582 ) ;
#1924 = CARTESIAN_POINT ( 'NONE',  ( -0.9282520325203255096, 0.7000000000000000666, -0.1060298102981030305 ) ) ;
#1925 = ORIENTED_EDGE ( 'NONE', *, *, #2443, .T. ) ;
#1926 = DIRECTION ( 'NONE',  ( 0.0000000000000000000, 0.0000000000000000000, -1.000000000000000000 ) ) ;
#1927 = PRESENTATION_STYLE_ASSIGNMENT (( #1959 ) ) ;
#1928 = DIRECTION ( 'NONE',  ( 0.0000000000000000000, 1.000000000000000000, 0.0000000000000000000 ) ) ;
#1929 = CARTESIAN_POINT ( 'NONE',  ( -1.203252032520325310, 0.0000000000000000000, -0.9810298102981029889 ) ) ;
#1930 = DIRECTION ( 'NONE',  ( -1.000000000000000000, 0.0000000000000000000, 0.0000000000000000000 ) ) ;
#1931 = EDGE_LOOP ( 'NONE', ( #1457, #428, #326, #2372, #1189, #1399 ) ) ;
#1932 = UNCERTAINTY_MEASURE_WITH_UNIT (LENGTH_MEASURE( 1.000000000000000082E-05 ), #784, 'distance_accuracy_value', 'NONE');
#1933 = ADVANCED_FACE ( 'NONE', ( #134 ), #802, .T. ) ;
#1934 = UNCERTAINTY_MEASURE_WITH_UNIT (LENGTH_MEASURE( 1.000000000000000082E-05 ), #1753, 'distance_accuracy_value', 'NONE');
#1935 = LINE ( 'NONE', #1158, #965 ) ;
#1936 = ADVANCED_FACE ( 'NONE', ( #2004 ), #1136, .F. ) ;
#1937 = FILL_AREA_STYLE ('',( #1076 ) ) ;
#1938 = ORIENTED_EDGE ( 'NONE', *, *, #1875, .F. ) ;
#1939 = CARTESIAN_POINT ( 'NONE',  ( -1.223252032520325328, 0.9000000000000001332, 0.3939701897018970111 ) ) ;
#1940 =( GEOMETRIC_REPRESENTATION_CONTEXT ( 3 ) GLOBAL_UNCERTAINTY_ASSIGNED_CONTEXT ( ( #1144 ) ) GLOBAL_UNIT_ASSIGNED_CONTEXT ( ( #2428, #160, #2660 ) ) REPRESENTATION_CONTEXT ( 'NONE', 'WORKASPACE' ) );
#1941 = DIRECTION ( 'NONE',  ( 0.0000000000000000000, 0.0000000000000000000, -1.000000000000000000 ) ) ;
#1942 = LINE ( 'NONE', #1492, #971 ) ;
#1943 = VERTEX_POINT ( 'NONE', #918 ) ;
#1944 = SURFACE_SIDE_STYLE ('',( #1618 ) ) ;
#1945 = DIRECTION ( 'NONE',  ( 1.000000000000000000, 0.0000000000000000000, -0.0000000000000000000 ) ) ;
#1946 = SURFACE_SIDE_STYLE ('',( #2387 ) ) ;
#1947 = ORIENTED_EDGE ( 'NONE', *, *, #433, .F. ) ;
#1948 = VECTOR ( 'NONE', #18, 1000.000000000000000 ) ;
#1949 = AXIS2_PLACEMENT_3D ( 'NONE', #149, #621, #1508 ) ;
#1950 = CYLINDRICAL_SURFACE ( 'NONE', #2380, 0.1250000000000000000 ) ;
#1951 = AXIS2_PLACEMENT_3D ( 'NONE', #1356, #1121, #2247 ) ;
#1952 = DIRECTION ( 'NONE',  ( -2.168404344971008621E-16, 0.0000000000000000000, -1.000000000000000000 ) ) ;
#1953 = PRESENTATION_LAYER_ASSIGNMENT (  '', '', ( #2049 ) ) ;
#1954 = EDGE_CURVE ( 'NONE', #1074, #1900, #2263, .T. ) ;
#1955 = VERTEX_POINT ( 'NONE', #1598 ) ;
#1956 = PRESENTATION_STYLE_ASSIGNMENT (( #1061 ) ) ;
#1957 = VECTOR ( 'NONE', #469, 1000.000000000000000 ) ;
#1958 = VECTOR ( 'NONE', #986, 1000.000000000000000 ) ;
#1959 = SURFACE_STYLE_USAGE ( .BOTH. , #813 ) ;
#1960 = CARTESIAN_POINT ( 'NONE',  ( 0.0000000000000000000, 0.9000000000000001332, 0.0000000000000000000 ) ) ;
#1961 = CARTESIAN_POINT ( 'NONE',  ( -0.9282520325203255096, 0.9000000000000001332, 0.8939701897018970111 ) ) ;
#1962 = STYLED_ITEM ( 'NONE', ( #708 ), #2669 ) ;
#1963 = FACE_OUTER_BOUND ( 'NONE', #1810, .T. ) ;
#1964 = DIRECTION ( 'NONE',  ( -0.0000000000000000000, -1.000000000000000000, -0.0000000000000000000 ) ) ;
#1965 = LINE ( 'NONE', #154, #2394 ) ;
#1966 = STYLED_ITEM ( 'NONE', ( #2000 ), #1707 ) ;
#1967 = UNCERTAINTY_MEASURE_WITH_UNIT (LENGTH_MEASURE( 1.000000000000000082E-05 ), #2857, 'distance_accuracy_value', 'NONE');
#1968 = DIRECTION ( 'NONE',  ( -1.000000000000000000, -0.0000000000000000000, -0.0000000000000000000 ) ) ;
#1969 = ORIENTED_EDGE ( 'NONE', *, *, #207, .F. ) ;
#1970 = ORIENTED_EDGE ( 'NONE', *, *, #1389, .F. ) ;
#1971 = DIRECTION ( 'NONE',  ( 0.0000000000000000000, 1.000000000000000000, 0.0000000000000000000 ) ) ;
#1972 = ADVANCED_FACE ( 'NONE', ( #2473 ), #2699, .F. ) ;
#1973 = SURFACE_SIDE_STYLE ('',( #371 ) ) ;
#1974 = DIRECTION ( 'NONE',  ( 1.000000000000000000, 0.0000000000000000000, 0.0000000000000000000 ) ) ;
#1975 =( NAMED_UNIT ( * ) PLANE_ANGLE_UNIT ( ) SI_UNIT ( $, .RADIAN. ) );
#1976 = ADVANCED_FACE ( 'NONE', ( #2291 ), #268, .F. ) ;
#1977 = LINE ( 'NONE', #2433, #2924 ) ;
#1978 = CYLINDRICAL_SURFACE ( 'NONE', #1099, 0.1250000000000000000 ) ;
#1979 = CARTESIAN_POINT ( 'NONE',  ( -0.9282520325203255096, 0.8800000000000000044, -0.7310298102981029889 ) ) ;
#1980 = VERTEX_POINT ( 'NONE', #74 ) ;
#1981 = ORIENTED_EDGE ( 'NONE', *, *, #2064, .F. ) ;
#1982 = FACE_OUTER_BOUND ( 'NONE', #1709, .T. ) ;
#1983 = ORIENTED_EDGE ( 'NONE', *, *, #181, .F. ) ;
#1984 = CARTESIAN_POINT ( 'NONE',  ( 1.796747967479674690, 0.8800000000000000044, -0.9810298102981029889 ) ) ;
#1985 = ADVANCED_FACE ( 'NONE', ( #2828 ), #1612, .T. ) ;
#1986 = EDGE_CURVE ( 'NONE', #1890, #865, #1637, .T. ) ;
#1987 =( LENGTH_UNIT ( ) NAMED_UNIT ( * ) SI_UNIT ( .MILLI., .METRE. ) );
#1988 = STYLED_ITEM ( 'NONE', ( #2951 ), #131 ) ;
#1989 = SURFACE_SIDE_STYLE ('',( #2944 ) ) ;
#1990 = MECHANICAL_DESIGN_GEOMETRIC_PRESENTATION_REPRESENTATION (  '', ( #1765 ), #1671 ) ;
#1991 = LINE ( 'NONE', #426, #315 ) ;
#1992 = DIRECTION ( 'NONE',  ( -0.0000000000000000000, -0.0000000000000000000, 1.000000000000000000 ) ) ;
#1993 = ORIENTED_EDGE ( 'NONE', *, *, #233, .F. ) ;
#1994 = VECTOR ( 'NONE', #1968, 1000.000000000000000 ) ;
#1995 = MECHANICAL_DESIGN_GEOMETRIC_PRESENTATION_REPRESENTATION (  '', ( #1400 ), #729 ) ;
#1996 = VECTOR ( 'NONE', #2186, 1000.000000000000000 ) ;
#1997 = EDGE_LOOP ( 'NONE', ( #2306, #1055, #2016, #1330, #838, #191, #2284, #8, #2912, #110, #2273, #391, #1686, #1439, #2661, #293, #178, #2040, #1381, #395 ) ) ;
#1998 = CARTESIAN_POINT ( 'NONE',  ( 1.521747967479674335, 0.9000000000000001332, 0.8939701897018970111 ) ) ;
#1999 = PRESENTATION_LAYER_ASSIGNMENT (  '', '', ( #355 ) ) ;
#2000 = PRESENTATION_STYLE_ASSIGNMENT (( #14 ) ) ;
#2001 = COLOUR_RGB ( '',0.7529411764705882248, 0.7529411764705882248, 0.7529411764705882248 ) ;
#2002 = AXIS2_PLACEMENT_3D ( 'NONE', #431, #1971, #1350 ) ;
#2003 = SURFACE_STYLE_USAGE ( .BOTH. , #906 ) ;
#2004 = FACE_OUTER_BOUND ( 'NONE', #2188, .T. ) ;
#2005 = AXIS2_PLACEMENT_3D ( 'NONE', #234, #1368, #486 ) ;
#2006 = COLOUR_RGB ( '',0.7529411764705882248, 0.7529411764705882248, 0.7529411764705882248 ) ;
#2007 = LINE ( 'NONE', #2941, #2698 ) ;
#2008 = VECTOR ( 'NONE', #534, 1000.000000000000000 ) ;
#2009 =( NAMED_UNIT ( * ) SI_UNIT ( $, .STERADIAN. ) SOLID_ANGLE_UNIT ( ) );
#2010 = LINE ( 'NONE', #1843, #1254 ) ;
#2011 = LINE ( 'NONE', #1808, #1191 ) ;
#2012 = EDGE_CURVE ( 'NONE', #2675, #2168, #2787, .T. ) ;
#2013 = LINE ( 'NONE', #2236, #2628 ) ;
#2014 = VERTEX_POINT ( 'NONE', #1648 ) ;
#2015 = SURFACE_STYLE_USAGE ( .BOTH. , #1832 ) ;
#2016 = ORIENTED_EDGE ( 'NONE', *, *, #2620, .F. ) ;
#2017 = PRESENTATION_STYLE_ASSIGNMENT (( #2225 ) ) ;
#2018 = CARTESIAN_POINT ( 'NONE',  ( 1.521747967479674335, 0.9000000000000001332, 0.3939701897018970111 ) ) ;
#2019 = FILL_AREA_STYLE ('',( #227 ) ) ;
#2020 = CARTESIAN_POINT ( 'NONE',  ( 1.521747967479674335, 0.9000000000000001332, -0.7310298102981029889 ) ) ;
#2021 = CARTESIAN_POINT ( 'NONE',  ( -0.5157520325203255318, 0.9000000000000001332, 0.7314701897018971444 ) ) ;
#2022 = ORIENTED_EDGE ( 'NONE', *, *, #841, .T. ) ;
#2023 = ADVANCED_FACE ( 'NONE', ( #2557 ), #2338, .T. ) ;
#2024 = CARTESIAN_POINT ( 'NONE',  ( -1.203252032520325310, 0.8800000000000000044, 0.6439701897018970111 ) ) ;
#2025 = FILL_AREA_STYLE ('',( #669 ) ) ;
#2026 = ORIENTED_EDGE ( 'NONE', *, *, #792, .T. ) ;
#2027 = EDGE_CURVE ( 'NONE', #1245, #1738, #2430, .T. ) ;
#2028 = DIRECTION ( 'NONE',  ( -1.000000000000000000, 0.0000000000000000000, 0.0000000000000000000 ) ) ;
#2029 = ORIENTED_EDGE ( 'NONE', *, *, #433, .T. ) ;
#2030 = PLANE ( 'NONE',  #362 ) ;
#2031 =( LENGTH_UNIT ( ) NAMED_UNIT ( * ) SI_UNIT ( .MILLI., .METRE. ) );
#2032 =( LENGTH_UNIT ( ) NAMED_UNIT ( * ) SI_UNIT ( .MILLI., .METRE. ) );
#2033 = CARTESIAN_POINT ( 'NONE',  ( -0.9282520325203255096, 0.9000000000000001332, 0.6439701897018970111 ) ) ;
#2034 = CARTESIAN_POINT ( 'NONE',  ( -0.9282520325203255096, 0.9000000000000001332, 0.2689701897018969556 ) ) ;
#2035 = CARTESIAN_POINT ( 'NONE',  ( -0.9081739123176676420, -0.001000000000000000021, 0.8958656447948464274 ) ) ;
#2036 = CARTESIAN_POINT ( 'NONE',  ( -0.9282520325203255096, 0.9000000000000001332, -0.2310298102981030166 ) ) ;
#2037 = ORIENTED_EDGE ( 'NONE', *, *, #1321, .T. ) ;
#2038 = COLOUR_RGB ( '',0.7529411764705882248, 0.7529411764705882248, 0.7529411764705882248 ) ;
#2039 = DIRECTION ( 'NONE',  ( -0.0000000000000000000, -1.000000000000000000, -0.0000000000000000000 ) ) ;
#2040 = ORIENTED_EDGE ( 'NONE', *, *, #9, .F. ) ;
#2041 = CARTESIAN_POINT ( 'NONE',  ( 1.521747967479674335, 0.7000000000000000666, -0.2310298102981030166 ) ) ;
#2042 = AXIS2_PLACEMENT_3D ( 'NONE', #700, #1107, #2923 ) ;
#2043 = ORIENTED_EDGE ( 'NONE', *, *, #992, .F. ) ;
#2044 = PRESENTATION_STYLE_ASSIGNMENT (( #947 ) ) ;
#2045 = ADVANCED_FACE ( 'NONE', ( #2416 ), #2399, .T. ) ;
#2046 = VECTOR ( 'NONE', #2265, 1000.000000000000000 ) ;
#2047 = AXIS2_PLACEMENT_3D ( 'NONE', #2033, #1358, #1563 ) ;
#2048 = VECTOR ( 'NONE', #2602, 1000.000000000000000 ) ;
#2049 = STYLED_ITEM ( 'NONE', ( #2169 ), #2065 ) ;
#2050 = COLOUR_RGB ( '',0.7921568627450980005, 0.8196078431372548767, 0.9333333333333333481 ) ;
#2051 = CARTESIAN_POINT ( 'NONE',  ( -1.223252032520325328, 0.9000000000000001332, 0.8939701897018970111 ) ) ;
#2052 = SURFACE_STYLE_USAGE ( .BOTH. , #1154 ) ;
#2053 = DIRECTION ( 'NONE',  ( 0.0000000000000000000, -1.000000000000000000, 0.0000000000000000000 ) ) ;
#2054 = COLOUR_RGB ( '',0.7529411764705882248, 0.7529411764705882248, 0.7529411764705882248 ) ;
#2055 = ORIENTED_EDGE ( 'NONE', *, *, #633, .F. ) ;
#2056 =( NAMED_UNIT ( * ) PLANE_ANGLE_UNIT ( ) SI_UNIT ( $, .RADIAN. ) );
#2057 = SURFACE_STYLE_FILL_AREA ( #2025 ) ;
#2058 = DIRECTION ( 'NONE',  ( -2.168404344971008868E-16, -0.0000000000000000000, -1.000000000000000000 ) ) ;
#2059 = COLOUR_RGB ( '',0.7529411764705882248, 0.7529411764705882248, 0.7529411764705882248 ) ;
#2060 = CYLINDRICAL_SURFACE ( 'NONE', #1692, 0.1250000000000000000 ) ;
#2061 = VERTEX_POINT ( 'NONE', #165 ) ;
#2062 = DIRECTION ( 'NONE',  ( 0.0000000000000000000, 0.0000000000000000000, 1.000000000000000000 ) ) ;
#2063 = FILL_AREA_STYLE ('',( #1610 ) ) ;
#2064 = EDGE_CURVE ( 'NONE', #2559, #768, #112, .T. ) ;
#2065 = ADVANCED_FACE ( 'NONE', ( #1288 ), #1237, .T. ) ;
#2066 = PRESENTATION_STYLE_ASSIGNMENT (( #2340 ) ) ;
#2067 = LINE ( 'NONE', #1694, #2240 ) ;
#2068 = EDGE_LOOP ( 'NONE', ( #2569, #974, #1925, #1224, #2135, #2706, #1265, #399, #2029, #663, #1431, #2213, #2022, #1142, #91, #2037, #497, #58, #135, #1032, #1225, #640, #1370, #1993, #1938, #1668, #2782, #2467, #952, #1179, #2587, #1515, #2096, #2106, #2079, #1863 ) ) ;
#2069 = LINE ( 'NONE', #1636, #1958 ) ;
#2070 = CARTESIAN_POINT ( 'NONE',  ( 1.521747967479674335, 0.7000000000000000666, 0.7689701897018970111 ) ) ;
#2071 = DIRECTION ( 'NONE',  ( 0.0000000000000000000, 0.0000000000000000000, 1.000000000000000000 ) ) ;
#2072 = ORIENTED_EDGE ( 'NONE', *, *, #233, .T. ) ;
#2073 = ORIENTED_EDGE ( 'NONE', *, *, #953, .T. ) ;
#2074 = CARTESIAN_POINT ( 'NONE',  ( 1.796747967479675134, 0.8800000000000000044, 1.018970189701897011 ) ) ;
#2075 =( LENGTH_UNIT ( ) NAMED_UNIT ( * ) SI_UNIT ( .MILLI., .METRE. ) );
#2076 = EDGE_CURVE ( 'NONE', #2836, #1634, #2722, .T. ) ;
#2077 = LINE ( 'NONE', #494, #1737 ) ;
#2078 = DIRECTION ( 'NONE',  ( 1.000000000000000000, 0.0000000000000000000, -0.0000000000000000000 ) ) ;
#2079 = ORIENTED_EDGE ( 'NONE', *, *, #2798, .F. ) ;
#2080 = EDGE_CURVE ( 'NONE', #2836, #2162, #905, .T. ) ;
#2081 = SURFACE_SIDE_STYLE ('',( #1110 ) ) ;
#2082 = CARTESIAN_POINT ( 'NONE',  ( -1.203252032520325310, 0.8800000000000000044, -0.9810298102981029889 ) ) ;
#2083 = COLOUR_RGB ( '',0.7529411764705882248, 0.7529411764705882248, 0.7529411764705882248 ) ;
#2084 = FILL_AREA_STYLE_COLOUR ( '', #2454 ) ;
#2085 = ORIENTED_EDGE ( 'NONE', *, *, #2566, .T. ) ;
#2086 = PLANE ( 'NONE',  #363 ) ;
#2087 = PRESENTATION_LAYER_ASSIGNMENT (  '', '', ( #1765 ) ) ;
#2088 =( NAMED_UNIT ( * ) PLANE_ANGLE_UNIT ( ) SI_UNIT ( $, .RADIAN. ) );
#2089 = COLOUR_RGB ( '',0.7529411764705882248, 0.7529411764705882248, 0.7529411764705882248 ) ;
#2090 = EDGE_LOOP ( 'NONE', ( #1293, #170, #1373, #2313 ) ) ;
#2091 = SURFACE_STYLE_USAGE ( .BOTH. , #2521 ) ;
#2092 = COLOUR_RGB ( '',0.7529411764705882248, 0.7529411764705882248, 0.7529411764705882248 ) ;
#2093 = DIRECTION ( 'NONE',  ( -0.0000000000000000000, -1.000000000000000000, -0.0000000000000000000 ) ) ;
#2094 = EDGE_CURVE ( 'NONE', #2632, #826, #1771, .T. ) ;
#2095 = SURFACE_SIDE_STYLE ('',( #2542 ) ) ;
#2096 = ORIENTED_EDGE ( 'NONE', *, *, #2866, .F. ) ;
#2097 = AXIS2_PLACEMENT_3D ( 'NONE', #1532, #1790, #1335 ) ;
#2098 =( GEOMETRIC_REPRESENTATION_CONTEXT ( 3 ) GLOBAL_UNCERTAINTY_ASSIGNED_CONTEXT ( ( #2513 ) ) GLOBAL_UNIT_ASSIGNED_CONTEXT ( ( #2147, #2766, #946 ) ) REPRESENTATION_CONTEXT ( 'NONE', 'WORKASPACE' ) );
#2099 = SURFACE_STYLE_USAGE ( .BOTH. , #51 ) ;
#2100 = PRESENTATION_LAYER_ASSIGNMENT (  '', '', ( #1313 ) ) ;
#2101 =( NAMED_UNIT ( * ) PLANE_ANGLE_UNIT ( ) SI_UNIT ( $, .RADIAN. ) );
#2102 = EDGE_CURVE ( 'NONE', #865, #1890, #71, .T. ) ;
#2103 = FILL_AREA_STYLE ('',( #323 ) ) ;
#2104 = STYLED_ITEM ( 'NONE', ( #1123 ), #2512 ) ;
#2105 =( NAMED_UNIT ( * ) SI_UNIT ( $, .STERADIAN. ) SOLID_ANGLE_UNIT ( ) );
#2106 = ORIENTED_EDGE ( 'NONE', *, *, #207, .T. ) ;
#2107 = VECTOR ( 'NONE', #1581, 1000.000000000000000 ) ;
#2108 = VERTEX_POINT ( 'NONE', #253 ) ;
#2109 = FACE_OUTER_BOUND ( 'NONE', #2765, .T. ) ;
#2110 = PRESENTATION_STYLE_ASSIGNMENT (( #2357 ) ) ;
#2111 = CARTESIAN_POINT ( 'NONE',  ( -0.9282520325203255096, 0.7000000000000000666, 0.8939701897018970111 ) ) ;
#2112 =( NAMED_UNIT ( * ) PLANE_ANGLE_UNIT ( ) SI_UNIT ( $, .RADIAN. ) );
#2113 = CARTESIAN_POINT ( 'NONE',  ( 0.0000000000000000000, 0.8800000000000000044, 0.8939701897018970111 ) ) ;
#2114 = ORIENTED_EDGE ( 'NONE', *, *, #2664, .F. ) ;
#2115 = UNCERTAINTY_MEASURE_WITH_UNIT (LENGTH_MEASURE( 1.000000000000000082E-05 ), #2031, 'distance_accuracy_value', 'NONE');
#2116 = CYLINDRICAL_SURFACE ( 'NONE', #888, 0.1750396297353078445 ) ;
#2117 = CARTESIAN_POINT ( 'NONE',  ( 1.521747967479674335, 0.8800000000000000044, 0.1439701897018969834 ) ) ;
#2118 = SURFACE_SIDE_STYLE ('',( #2763 ) ) ;
#2119 = EDGE_CURVE ( 'NONE', #610, #1286, #1907, .T. ) ;
#2120 = DIRECTION ( 'NONE',  ( 0.0000000000000000000, 1.000000000000000000, 0.0000000000000000000 ) ) ;
#2121 = ORIENTED_EDGE ( 'NONE', *, *, #751, .F. ) ;
#2122 = VERTEX_POINT ( 'NONE', #1803 ) ;
#2123 =( LENGTH_UNIT ( ) NAMED_UNIT ( * ) SI_UNIT ( .MILLI., .METRE. ) );
#2124 = FILL_AREA_STYLE ('',( #2580 ) ) ;
#2125 = APPLICATION_PROTOCOL_DEFINITION ( 'draft international standard', 'automotive_design', 1998, #543 ) ;
#2126 = CARTESIAN_POINT ( 'NONE',  ( 1.816747967479674264, 0.9000000000000001332, -0.6060298102981029889 ) ) ;
#2127 = FACE_OUTER_BOUND ( 'NONE', #991, .T. ) ;
#2128 = DIRECTION ( 'NONE',  ( 0.0000000000000000000, 0.0000000000000000000, -1.000000000000000000 ) ) ;
#2129 = ORIENTED_EDGE ( 'NONE', *, *, #1921, .T. ) ;
#2130 = LINE ( 'NONE', #1443, #919 ) ;
#2131 = DIRECTION ( 'NONE',  ( -0.0000000000000000000, -1.000000000000000000, -0.0000000000000000000 ) ) ;
#2132 = ORIENTED_EDGE ( 'NONE', *, *, #1079, .T. ) ;
#2133 = ADVANCED_FACE ( 'NONE', ( #1385 ), #2275, .T. ) ;
#2134 = AXIS2_PLACEMENT_3D ( 'NONE', #887, #2707, #2468 ) ;
#2135 = ORIENTED_EDGE ( 'NONE', *, *, #2493, .T. ) ;
#2136 = CARTESIAN_POINT ( 'NONE',  ( 1.796747967479674912, 0.8800000000000000044, 0.1439701897018969834 ) ) ;
#2137 = EDGE_CURVE ( 'NONE', #85, #1658, #2463, .T. ) ;
#2138 = SURFACE_SIDE_STYLE ('',( #386 ) ) ;
#2139 = FACE_OUTER_BOUND ( 'NONE', #2260, .T. ) ;
#2140 =( GEOMETRIC_REPRESENTATION_CONTEXT ( 3 ) GLOBAL_UNCERTAINTY_ASSIGNED_CONTEXT ( ( #2517 ) ) GLOBAL_UNIT_ASSIGNED_CONTEXT ( ( #1784, #1344, #248 ) ) REPRESENTATION_CONTEXT ( 'NONE', 'WORKASPACE' ) );
#2141 = CARTESIAN_POINT ( 'NONE',  ( -1.203252032520325310, 0.8800000000000000044, -0.9810298102981029889 ) ) ;
#2142 = ORIENTED_EDGE ( 'NONE', *, *, #875, .F. ) ;
#2143 = UNCERTAINTY_MEASURE_WITH_UNIT (LENGTH_MEASURE( 1.000000000000000082E-05 ), #2170, 'distance_accuracy_value', 'NONE');
#2144 =( GEOMETRIC_REPRESENTATION_CONTEXT ( 3 ) GLOBAL_UNCERTAINTY_ASSIGNED_CONTEXT ( ( #25 ) ) GLOBAL_UNIT_ASSIGNED_CONTEXT ( ( #2408, #2636, #2436 ) ) REPRESENTATION_CONTEXT ( 'NONE', 'WORKASPACE' ) );
#2145 = PLANE ( 'NONE',  #2937 ) ;
#2146 = PRESENTATION_STYLE_ASSIGNMENT (( #1244 ) ) ;
#2147 =( LENGTH_UNIT ( ) NAMED_UNIT ( * ) SI_UNIT ( .MILLI., .METRE. ) );
#2148 = CIRCLE ( 'NONE', #1097, 0.1250000000000000000 ) ;
#2149 = ORIENTED_EDGE ( 'NONE', *, *, #1656, .T. ) ;
#2150 = VECTOR ( 'NONE', #480, 1000.000000000000000 ) ;
#2151 = PRESENTATION_LAYER_ASSIGNMENT (  '', '', ( #1404 ) ) ;
#2152 = CARTESIAN_POINT ( 'NONE',  ( 1.109247967479674246, 0.8800000000000000044, -0.6935298102981029000 ) ) ;
#2153 = SURFACE_STYLE_FILL_AREA ( #1937 ) ;
#2154 = MECHANICAL_DESIGN_GEOMETRIC_PRESENTATION_REPRESENTATION (  '', ( #1209 ), #2490 ) ;
#2155 = ORIENTED_EDGE ( 'NONE', *, *, #792, .F. ) ;
#2156 = FILL_AREA_STYLE_COLOUR ( '', #267 ) ;
#2157 = CARTESIAN_POINT ( 'NONE',  ( -0.9282520325203255096, 0.9000000000000001332, 0.8939701897018970111 ) ) ;
#2158 =( GEOMETRIC_REPRESENTATION_CONTEXT ( 3 ) GLOBAL_UNCERTAINTY_ASSIGNED_CONTEXT ( ( #102 ) ) GLOBAL_UNIT_ASSIGNED_CONTEXT ( ( #2757, #983, #1153 ) ) REPRESENTATION_CONTEXT ( 'NONE', 'WORKASPACE' ) );
#2159 = EDGE_CURVE ( 'NONE', #1720, #615, #690, .T. ) ;
#2160 = PLANE ( 'NONE',  #2495 ) ;
#2161 = LINE ( 'NONE', #2202, #214 ) ;
#2162 = VERTEX_POINT ( 'NONE', #2018 ) ;
#2163 = CARTESIAN_POINT ( 'NONE',  ( 1.109247967479674246, 0.9000000000000001332, -0.6935298102981029000 ) ) ;
#2164 = DIRECTION ( 'NONE',  ( 1.000000000000000000, 0.0000000000000000000, 0.0000000000000000000 ) ) ;
#2165 = ORIENTED_EDGE ( 'NONE', *, *, #1411, .T. ) ;
#2166 = CARTESIAN_POINT ( 'NONE',  ( -1.223252032520325328, 0.9000000000000001332, -0.6060298102981029889 ) ) ;
#2167 = CARTESIAN_POINT ( 'NONE',  ( 1.521747967479674335, 0.8800000000000000044, -0.6060298102981029889 ) ) ;
#2168 = VERTEX_POINT ( 'NONE', #2712 ) ;
#2169 = PRESENTATION_STYLE_ASSIGNMENT (( #1272 ) ) ;
#2170 =( LENGTH_UNIT ( ) NAMED_UNIT ( * ) SI_UNIT ( .MILLI., .METRE. ) );
#2171 =( NAMED_UNIT ( * ) PLANE_ANGLE_UNIT ( ) SI_UNIT ( $, .RADIAN. ) );
#2172 = LINE ( 'NONE', #2370, #1482 ) ;
#2173 = CARTESIAN_POINT ( 'NONE',  ( -1.223252032520325328, 0.9000000000000001332, -0.3560298102981030444 ) ) ;
#2174 = ADVANCED_FACE ( 'NONE', ( #2954, #2486 ), #2030, .F. ) ;
#2175 = ORIENTED_EDGE ( 'NONE', *, *, #992, .T. ) ;
#2176 = SURFACE_STYLE_USAGE ( .BOTH. , #2879 ) ;
#2177 = LINE ( 'NONE', #2851, #1866 ) ;
#2178 = DIRECTION ( 'NONE',  ( 0.0000000000000000000, -1.000000000000000000, -0.0000000000000000000 ) ) ;
#2179 = EDGE_CURVE ( 'NONE', #460, #1235, #529, .T. ) ;
#2180 = PLANE ( 'NONE',  #1767 ) ;
#2181 = ORIENTED_EDGE ( 'NONE', *, *, #2351, .F. ) ;
#2182 = CARTESIAN_POINT ( 'NONE',  ( -1.223252032520325328, 0.7000000000000000666, -0.1060298102981030305 ) ) ;
#2183 = DIRECTION ( 'NONE',  ( 0.0000000000000000000, 0.0000000000000000000, -1.000000000000000000 ) ) ;
#2184 = PRESENTATION_LAYER_ASSIGNMENT (  '', '', ( #1009 ) ) ;
#2185 = SURFACE_STYLE_USAGE ( .BOTH. , #2601 ) ;
#2186 = DIRECTION ( 'NONE',  ( 0.0000000000000000000, 0.0000000000000000000, 1.000000000000000000 ) ) ;
#2187 = CARTESIAN_POINT ( 'NONE',  ( 1.816747967479674264, 0.9000000000000001332, 0.1439701897018969834 ) ) ;
#2188 = EDGE_LOOP ( 'NONE', ( #2656, #891, #1558, #2774, #2361, #337 ) ) ;
#2189 =( GEOMETRIC_REPRESENTATION_CONTEXT ( 3 ) GLOBAL_UNCERTAINTY_ASSIGNED_CONTEXT ( ( #54 ) ) GLOBAL_UNIT_ASSIGNED_CONTEXT ( ( #2328, #52, #1873 ) ) REPRESENTATION_CONTEXT ( 'NONE', 'WORKASPACE' ) );
#2190 =( NAMED_UNIT ( * ) SI_UNIT ( $, .STERADIAN. ) SOLID_ANGLE_UNIT ( ) );
#2191 = ADVANCED_FACE ( 'NONE', ( #706 ), #86, .F. ) ;
#2192 =( LENGTH_UNIT ( ) NAMED_UNIT ( * ) SI_UNIT ( .MILLI., .METRE. ) );
#2193 = DIRECTION ( 'NONE',  ( 1.000000000000000000, 0.0000000000000000000, -0.0000000000000000000 ) ) ;
#2194 = MECHANICAL_DESIGN_GEOMETRIC_PRESENTATION_REPRESENTATION (  '', ( #410 ), #2837 ) ;
#2195 = MECHANICAL_DESIGN_GEOMETRIC_PRESENTATION_REPRESENTATION (  '', ( #883 ), #1775 ) ;
#2196 = ORIENTED_EDGE ( 'NONE', *, *, #1840, .T. ) ;
#2197 = STYLED_ITEM ( 'NONE', ( #2697 ), #2133 ) ;
#2198 = LINE ( 'NONE', #1814, #1874 ) ;
#2199 = MECHANICAL_DESIGN_GEOMETRIC_PRESENTATION_REPRESENTATION (  '', ( #2936 ), #114 ) ;
#2200 =( NAMED_UNIT ( * ) SI_UNIT ( $, .STERADIAN. ) SOLID_ANGLE_UNIT ( ) );
#2201 = STYLED_ITEM ( 'NONE', ( #1462 ), #2437 ) ;
#2202 = CARTESIAN_POINT ( 'NONE',  ( -1.223252032520325328, 0.9000000000000001332, 0.8939701897018970111 ) ) ;
#2203 = CARTESIAN_POINT ( 'NONE',  ( 1.796747967479675134, 0.0000000000000000000, 1.018970189701897011 ) ) ;
#2204 = VECTOR ( 'NONE', #1377, 1000.000000000000000 ) ;
#2205 = DIRECTION ( 'NONE',  ( -1.000000000000000000, -0.0000000000000000000, -0.0000000000000000000 ) ) ;
#2206 = DIRECTION ( 'NONE',  ( 1.000000000000000000, 0.0000000000000000000, -0.0000000000000000000 ) ) ;
#2207 = SURFACE_SIDE_STYLE ('',( #1315 ) ) ;
#2208 = UNCERTAINTY_MEASURE_WITH_UNIT (LENGTH_MEASURE( 1.000000000000000082E-05 ), #894, 'distance_accuracy_value', 'NONE');
#2209 =( NAMED_UNIT ( * ) SI_UNIT ( $, .STERADIAN. ) SOLID_ANGLE_UNIT ( ) );
#2210 = ORIENTED_EDGE ( 'NONE', *, *, #2461, .T. ) ;
#2211 = SURFACE_STYLE_FILL_AREA ( #1085 ) ;
#2212 = ADVANCED_FACE ( 'NONE', ( #750 ), #1657, .F. ) ;
#2213 = ORIENTED_EDGE ( 'NONE', *, *, #1749, .T. ) ;
#2214 = SURFACE_STYLE_USAGE ( .BOTH. , #1323 ) ;
#2215 = EDGE_CURVE ( 'NONE', #2622, #377, #926, .T. ) ;
#2216 =( NAMED_UNIT ( * ) SI_UNIT ( $, .STERADIAN. ) SOLID_ANGLE_UNIT ( ) );
#2217 = SURFACE_STYLE_USAGE ( .BOTH. , #2508 ) ;
#2218 = SURFACE_STYLE_USAGE ( .BOTH. , #211 ) ;
#2219 = CARTESIAN_POINT ( 'NONE',  ( -1.203252032520325310, 0.7000000000000000666, -0.8560298102981029889 ) ) ;
#2220 = CARTESIAN_POINT ( 'NONE',  ( -1.223252032520325328, 0.7000000000000000666, 0.8939701897018970111 ) ) ;
#2221 = SURFACE_STYLE_USAGE ( .BOTH. , #1317 ) ;
#2222 = EDGE_LOOP ( 'NONE', ( #1696, #993, #2352, #2480 ) ) ;
#2223 = LINE ( 'NONE', #2238, #2431 ) ;
#2224 = ORIENTED_EDGE ( 'NONE', *, *, #109, .F. ) ;
#2225 = SURFACE_STYLE_USAGE ( .BOTH. , #1516 ) ;
#2226 =( NAMED_UNIT ( * ) PLANE_ANGLE_UNIT ( ) SI_UNIT ( $, .RADIAN. ) );
#2227 = EDGE_CURVE ( 'NONE', #80, #752, #1991, .T. ) ;
#2228 = SURFACE_STYLE_FILL_AREA ( #2472 ) ;
#2229 = DIRECTION ( 'NONE',  ( -0.0000000000000000000, -1.000000000000000000, -0.0000000000000000000 ) ) ;
#2230 = DIRECTION ( 'NONE',  ( 1.000000000000000000, -0.0000000000000000000, -0.0000000000000000000 ) ) ;
#2231 = CIRCLE ( 'NONE', #2334, 0.1250000000000000000 ) ;
#2232 = LINE ( 'NONE', #681, #2544 ) ;
#2233 = LINE ( 'NONE', #5, #1243 ) ;
#2234 = UNCERTAINTY_MEASURE_WITH_UNIT (LENGTH_MEASURE( 1.000000000000000082E-05 ), #904, 'distance_accuracy_value', 'NONE');
#2235 = COLOUR_RGB ( '',0.7529411764705882248, 0.7529411764705882248, 0.7529411764705882248 ) ;
#2236 = CARTESIAN_POINT ( 'NONE',  ( -0.5157520325203255318, 0.9000000000000001332, -0.6935298102981029000 ) ) ;
#2237 = ORIENTED_EDGE ( 'NONE', *, *, #1125, .F. ) ;
#2238 = CARTESIAN_POINT ( 'NONE',  ( 1.109247967479674246, 0.9000000000000001332, -0.6935298102981029000 ) ) ;
#2239 = MECHANICAL_DESIGN_GEOMETRIC_PRESENTATION_REPRESENTATION (  '', ( #1303 ), #2144 ) ;
#2240 = VECTOR ( 'NONE', #2603, 1000.000000000000000 ) ;
#2241 = AXIS2_PLACEMENT_3D ( 'NONE', #2423, #392, #343 ) ;
#2242 = CARTESIAN_POINT ( 'NONE',  ( -0.9282520325203255096, 0.7000000000000000666, 0.6439701897018970111 ) ) ;
#2243 = VERTEX_POINT ( 'NONE', #2024 ) ;
#2244 = FILL_AREA_STYLE_COLOUR ( '', #2050 ) ;
#2245 = DIRECTION ( 'NONE',  ( 0.0000000000000000000, -0.0000000000000000000, 1.000000000000000000 ) ) ;
#2246 = COLOUR_RGB ( '',0.7529411764705882248, 0.7529411764705882248, 0.7529411764705882248 ) ;
#2247 = DIRECTION ( 'NONE',  ( 0.0000000000000000000, -0.0000000000000000000, 1.000000000000000000 ) ) ;
#2248 = EDGE_CURVE ( 'NONE', #303, #2122, #215, .T. ) ;
#2249 = PRESENTATION_LAYER_ASSIGNMENT (  '', '', ( #695 ) ) ;
#2250 = CARTESIAN_POINT ( 'NONE',  ( 1.796747967479674690, 0.8800000000000000044, -0.8560298102981029889 ) ) ;
#2251 = DIRECTION ( 'NONE',  ( -1.000000000000000000, 0.0000000000000000000, 0.0000000000000000000 ) ) ;
#2252 = ADVANCED_FACE ( 'NONE', ( #2687 ), #1328, .F. ) ;
#2253 =( GEOMETRIC_REPRESENTATION_CONTEXT ( 3 ) GLOBAL_UNCERTAINTY_ASSIGNED_CONTEXT ( ( #320 ) ) GLOBAL_UNIT_ASSIGNED_CONTEXT ( ( #2401, #1505, #329 ) ) REPRESENTATION_CONTEXT ( 'NONE', 'WORKASPACE' ) );
#2254 = SURFACE_SIDE_STYLE ('',( #6 ) ) ;
#2255 = DIRECTION ( 'NONE',  ( 0.0000000000000000000, 0.0000000000000000000, -1.000000000000000000 ) ) ;
#2256 = EDGE_LOOP ( 'NONE', ( #2870, #2224, #2055, #1208 ) ) ;
#2257 =( GEOMETRIC_REPRESENTATION_CONTEXT ( 3 ) GLOBAL_UNCERTAINTY_ASSIGNED_CONTEXT ( ( #2115 ) ) GLOBAL_UNIT_ASSIGNED_CONTEXT ( ( #2031, #185, #1551 ) ) REPRESENTATION_CONTEXT ( 'NONE', 'WORKASPACE' ) );
#2258 = FILL_AREA_STYLE_COLOUR ( '', #1521 ) ;
#2259 = DIRECTION ( 'NONE',  ( 1.000000000000000000, 0.0000000000000000000, 0.0000000000000000000 ) ) ;
#2260 = EDGE_LOOP ( 'NONE', ( #2043, #1788, #1627, #150 ) ) ;
#2261 = PLANE ( 'NONE',  #2002 ) ;
#2262 = SURFACE_SIDE_STYLE ('',( #195 ) ) ;
#2263 = LINE ( 'NONE', #2465, #777 ) ;
#2264 = CARTESIAN_POINT ( 'NONE',  ( -0.9282520325203255096, 0.9000000000000001332, -0.2310298102981030166 ) ) ;
#2265 = DIRECTION ( 'NONE',  ( -0.0000000000000000000, -0.0000000000000000000, 1.000000000000000000 ) ) ;
#2266 = CARTESIAN_POINT ( 'NONE',  ( 1.796747967479674690, 0.8800000000000000044, -0.9810298102981029889 ) ) ;
#2267 = PRESENTATION_STYLE_ASSIGNMENT (( #470 ) ) ;
#2268 = PLANE ( 'NONE',  #1021 ) ;
#2269 = ADVANCED_FACE ( 'NONE', ( #1783 ), #2268, .T. ) ;
#2270 = ORIENTED_EDGE ( 'NONE', *, *, #1296, .T. ) ;
#2271 = LINE ( 'NONE', #250, #2916 ) ;
#2272 = DIRECTION ( 'NONE',  ( -1.000000000000000000, 0.0000000000000000000, -0.0000000000000000000 ) ) ;
#2273 = ORIENTED_EDGE ( 'NONE', *, *, #2904, .F. ) ;
#2274 =( NAMED_UNIT ( * ) SI_UNIT ( $, .STERADIAN. ) SOLID_ANGLE_UNIT ( ) );
#2275 = PLANE ( 'NONE',  #932 ) ;
#2276 = SURFACE_STYLE_USAGE ( .BOTH. , #2585 ) ;
#2277 = DIRECTION ( 'NONE',  ( -0.0000000000000000000, -1.000000000000000000, -0.0000000000000000000 ) ) ;
#2278 = CARTESIAN_POINT ( 'NONE',  ( 1.816747967479674264, 0.9000000000000001332, -0.6060298102981029889 ) ) ;
#2279 = SURFACE_SIDE_STYLE ('',( #2748 ) ) ;
#2280 = VECTOR ( 'NONE', #956, 1000.000000000000000 ) ;
#2281 = ADVANCED_FACE ( 'NONE', ( #1568 ), #1544, .F. ) ;
#2282 = DIRECTION ( 'NONE',  ( 1.000000000000000000, 0.0000000000000000000, -0.0000000000000000000 ) ) ;
#2283 = STYLED_ITEM ( 'NONE', ( #2363 ), #560 ) ;
#2284 = ORIENTED_EDGE ( 'NONE', *, *, #1196, .F. ) ;
#2285 = DIRECTION ( 'NONE',  ( 0.0000000000000000000, -0.0000000000000000000, -1.000000000000000000 ) ) ;
#2286 = DIRECTION ( 'NONE',  ( 0.0000000000000000000, -0.0000000000000000000, 1.000000000000000000 ) ) ;
#2287 = PRESENTATION_LAYER_ASSIGNMENT (  '', '', ( #1677 ) ) ;
#2288 = VECTOR ( 'NONE', #996, 1000.000000000000000 ) ;
#2289 = DIRECTION ( 'NONE',  ( 0.0000000000000000000, -0.0000000000000000000, 1.000000000000000000 ) ) ;
#2290 = AXIS2_PLACEMENT_3D ( 'NONE', #46, #948, #1850 ) ;
#2291 = FACE_OUTER_BOUND ( 'NONE', #218, .T. ) ;
#2292 = AXIS2_PLACEMENT_3D ( 'NONE', #1018, #130, #1926 ) ;
#2293 = SURFACE_STYLE_FILL_AREA ( #89 ) ;
#2294 = LINE ( 'NONE', #2266, #1735 ) ;
#2295 =( GEOMETRIC_REPRESENTATION_CONTEXT ( 3 ) GLOBAL_UNCERTAINTY_ASSIGNED_CONTEXT ( ( #1140 ) ) GLOBAL_UNIT_ASSIGNED_CONTEXT ( ( #1809, #2056, #1795 ) ) REPRESENTATION_CONTEXT ( 'NONE', 'WORKASPACE' ) );
#2296 = STYLED_ITEM ( 'NONE', ( #735 ), #1380 ) ;
#2297 = ORIENTED_EDGE ( 'NONE', *, *, #1640, .T. ) ;
#2298 = MECHANICAL_DESIGN_GEOMETRIC_PRESENTATION_REPRESENTATION (  '', ( #318 ), #2395 ) ;
#2299 =( NAMED_UNIT ( * ) PLANE_ANGLE_UNIT ( ) SI_UNIT ( $, .RADIAN. ) );
#2300 = PLANE ( 'NONE',  #210 ) ;
#2301 = LINE ( 'NONE', #93, #1150 ) ;
#2302 = VECTOR ( 'NONE', #459, 1000.000000000000000 ) ;
#2303 = SURFACE_STYLE_USAGE ( .BOTH. , #1116 ) ;
#2304 = ORIENTED_EDGE ( 'NONE', *, *, #2839, .T. ) ;
#2305 = EDGE_CURVE ( 'NONE', #761, #508, #2069, .T. ) ;
#2306 = ORIENTED_EDGE ( 'NONE', *, *, #762, .F. ) ;
#2307 = DIRECTION ( 'NONE',  ( 0.0000000000000000000, 0.0000000000000000000, 1.000000000000000000 ) ) ;
#2308 = EDGE_CURVE ( 'NONE', #1322, #2014, #2819, .T. ) ;
#2309 = DIRECTION ( 'NONE',  ( 0.0000000000000000000, 0.0000000000000000000, -1.000000000000000000 ) ) ;
#2310 = LINE ( 'NONE', #1613, #839 ) ;
#2311 = SURFACE_STYLE_USAGE ( .BOTH. , #1853 ) ;
#2312 = CARTESIAN_POINT ( 'NONE',  ( 0.0000000000000000000, 0.8800000000000000044, -0.8560298102981029889 ) ) ;
#2313 = ORIENTED_EDGE ( 'NONE', *, *, #1354, .T. ) ;
#2314 = CARTESIAN_POINT ( 'NONE',  ( -0.9282520325203255096, 0.8800000000000000044, -0.8560298102981029889 ) ) ;
#2315 = FILL_AREA_STYLE_COLOUR ( '', #305 ) ;
#2316 =( LENGTH_UNIT ( ) NAMED_UNIT ( * ) SI_UNIT ( .MILLI., .METRE. ) );
#2317 =( NAMED_UNIT ( * ) SI_UNIT ( $, .STERADIAN. ) SOLID_ANGLE_UNIT ( ) );
#2318 = ORIENTED_EDGE ( 'NONE', *, *, #618, .T. ) ;
#2319 = DIRECTION ( 'NONE',  ( 0.0000000000000000000, 1.000000000000000000, 0.0000000000000000000 ) ) ;
#2320 =( LENGTH_UNIT ( ) NAMED_UNIT ( * ) SI_UNIT ( .MILLI., .METRE. ) );
#2321 = ORIENTED_EDGE ( 'NONE', *, *, #429, .F. ) ;
#2322 = DIRECTION ( 'NONE',  ( 0.0000000000000000000, 1.000000000000000000, 0.0000000000000000000 ) ) ;
#2323 =( LENGTH_UNIT ( ) NAMED_UNIT ( * ) SI_UNIT ( .MILLI., .METRE. ) );
#2324 = EDGE_CURVE ( 'NONE', #2108, #594, #746, .T. ) ;
#2325 = CARTESIAN_POINT ( 'NONE',  ( -1.223252032520325328, 0.7000000000000000666, -0.8560298102981029889 ) ) ;
#2326 = CARTESIAN_POINT ( 'NONE',  ( 1.816747967479674264, 0.7000000000000000666, 0.3939701897018970111 ) ) ;
#2327 = ORIENTED_EDGE ( 'NONE', *, *, #1426, .T. ) ;
#2328 =( LENGTH_UNIT ( ) NAMED_UNIT ( * ) SI_UNIT ( .MILLI., .METRE. ) );
#2329 = DIRECTION ( 'NONE',  ( -0.0000000000000000000, -0.0000000000000000000, 1.000000000000000000 ) ) ;
#2330 = UNCERTAINTY_MEASURE_WITH_UNIT (LENGTH_MEASURE( 1.000000000000000082E-05 ), #1325, 'distance_accuracy_value', 'NONE');
#2331 = AXIS2_PLACEMENT_3D ( 'NONE', #1346, #2751, #2733 ) ;
#2332 = FACE_OUTER_BOUND ( 'NONE', #64, .T. ) ;
#2333 = EDGE_LOOP ( 'NONE', ( #1856, #2826, #1038, #331, #717, #205 ) ) ;
#2334 = AXIS2_PLACEMENT_3D ( 'NONE', #1979, #1341, #2945 ) ;
#2335 = VECTOR ( 'NONE', #1314, 1000.000000000000000 ) ;
#2336 = EDGE_LOOP ( 'NONE', ( #1947, #1704, #1408, #1084, #1017, #156 ) ) ;
#2337 = LINE ( 'NONE', #1669, #1361 ) ;
#2338 = PLANE ( 'NONE',  #731 ) ;
#2339 = VECTOR ( 'NONE', #2848, 1000.000000000000000 ) ;
#2340 = SURFACE_STYLE_USAGE ( .BOTH. , #285 ) ;
#2341 =( LENGTH_UNIT ( ) NAMED_UNIT ( * ) SI_UNIT ( .MILLI., .METRE. ) );
#2342 = PLANE ( 'NONE',  #406 ) ;
#2343 = EDGE_CURVE ( 'NONE', #2595, #957, #2346, .T. ) ;
#2344 = ORIENTED_EDGE ( 'NONE', *, *, #1422, .T. ) ;
#2345 =( GEOMETRIC_REPRESENTATION_CONTEXT ( 3 ) GLOBAL_UNCERTAINTY_ASSIGNED_CONTEXT ( ( #1744 ) ) GLOBAL_UNIT_ASSIGNED_CONTEXT ( ( #2323, #98, #1434 ) ) REPRESENTATION_CONTEXT ( 'NONE', 'WORKASPACE' ) );
#2346 = LINE ( 'NONE', #954, #605 ) ;
#2347 = MECHANICAL_DESIGN_GEOMETRIC_PRESENTATION_REPRESENTATION (  '', ( #976 ), #1068 ) ;
#2348 =( NAMED_UNIT ( * ) SI_UNIT ( $, .STERADIAN. ) SOLID_ANGLE_UNIT ( ) );
#2349 = VECTOR ( 'NONE', #2409, 1000.000000000000000 ) ;
#2350 =( NAMED_UNIT ( * ) PLANE_ANGLE_UNIT ( ) SI_UNIT ( $, .RADIAN. ) );
#2351 = EDGE_CURVE ( 'NONE', #851, #1086, #2809, .T. ) ;
#2352 = ORIENTED_EDGE ( 'NONE', *, *, #2611, .F. ) ;
#2353 = PRESENTATION_LAYER_ASSIGNMENT (  '', '', ( #2700 ) ) ;
#2354 = STYLED_ITEM ( 'NONE', ( #55 ), #2814 ) ;
#2355 = ORIENTED_EDGE ( 'NONE', *, *, #2798, .T. ) ;
#2356 = SURFACE_STYLE_USAGE ( .BOTH. , #1715 ) ;
#2357 = SURFACE_STYLE_USAGE ( .BOTH. , #1214 ) ;
#2358 = DIRECTION ( 'NONE',  ( 0.0000000000000000000, 0.0000000000000000000, -1.000000000000000000 ) ) ;
#2359 =( LENGTH_UNIT ( ) NAMED_UNIT ( * ) SI_UNIT ( .MILLI., .METRE. ) );
#2360 = FACE_OUTER_BOUND ( 'NONE', #758, .T. ) ;
#2361 = ORIENTED_EDGE ( 'NONE', *, *, #1921, .F. ) ;
#2362 = CARTESIAN_POINT ( 'NONE',  ( -1.223252032520325328, 0.9000000000000001332, 0.3939701897018970111 ) ) ;
#2363 = PRESENTATION_STYLE_ASSIGNMENT (( #1186 ) ) ;
#2364 = PLANE ( 'NONE',  #591 ) ;
#2365 = ADVANCED_FACE ( 'NONE', ( #563 ), #2116, .T. ) ;
#2366 = CARTESIAN_POINT ( 'NONE',  ( 1.816747967479674264, 0.9000000000000001332, 0.3939701897018970111 ) ) ;
#2367 = VERTEX_POINT ( 'NONE', #2314 ) ;
#2368 =( LENGTH_UNIT ( ) NAMED_UNIT ( * ) SI_UNIT ( .MILLI., .METRE. ) );
#2369 = SURFACE_STYLE_USAGE ( .BOTH. , #1289 ) ;
#2370 = CARTESIAN_POINT ( 'NONE',  ( -1.203252032520325310, 0.8800000000000000044, -0.9810298102981029889 ) ) ;
#2371 = LINE ( 'NONE', #1884, #1444 ) ;
#2372 = ORIENTED_EDGE ( 'NONE', *, *, #938, .T. ) ;
#2373 = DIRECTION ( 'NONE',  ( -0.0000000000000000000, 1.000000000000000000, -0.0000000000000000000 ) ) ;
#2374 = EDGE_LOOP ( 'NONE', ( #1683, #2813, #526, #476 ) ) ;
#2375 =( LENGTH_UNIT ( ) NAMED_UNIT ( * ) SI_UNIT ( .MILLI., .METRE. ) );
#2376 = ADVANCED_FACE ( 'NONE', ( #82 ), #999, .T. ) ;
#2377 = VECTOR ( 'NONE', #2911, 1000.000000000000000 ) ;
#2378 = VERTEX_POINT ( 'NONE', #1278 ) ;
#2379 = CARTESIAN_POINT ( 'NONE',  ( 1.521747967479674335, 0.9000000000000001332, -0.6060298102981029889 ) ) ;
#2380 = AXIS2_PLACEMENT_3D ( 'NONE', #853, #192, #427 ) ;
#2381 = FILL_AREA_STYLE ('',( #1472 ) ) ;
#2382 = CARTESIAN_POINT ( 'NONE',  ( -0.9282520325203255096, 0.7000000000000000666, -0.3560298102981030444 ) ) ;
#2383 = DIRECTION ( 'NONE',  ( 1.000000000000000000, -0.0000000000000000000, -0.0000000000000000000 ) ) ;
#2384 = ORIENTED_EDGE ( 'NONE', *, *, #1780, .T. ) ;
#2385 = VECTOR ( 'NONE', #2896, 1000.000000000000000 ) ;
#2386 = PLANE ( 'NONE',  #1164 ) ;
#2387 = SURFACE_STYLE_FILL_AREA ( #1393 ) ;
#2388 = COLOUR_RGB ( '',0.7529411764705882248, 0.7529411764705882248, 0.7529411764705882248 ) ;
#2389 = COLOUR_RGB ( '',0.7529411764705882248, 0.7529411764705882248, 0.7529411764705882248 ) ;
#2390 = EDGE_LOOP ( 'NONE', ( #456, #307, #2564, #87 ) ) ;
#2391 = MECHANICAL_DESIGN_GEOMETRIC_PRESENTATION_REPRESENTATION (  '', ( #33 ), #2788 ) ;
#2392 = CARTESIAN_POINT ( 'NONE',  ( -0.9282520325203255096, 0.9000000000000001332, 0.7689701897018970111 ) ) ;
#2393 = VERTEX_POINT ( 'NONE', #584 ) ;
#2394 = VECTOR ( 'NONE', #624, 1000.000000000000000 ) ;
#2395 =( GEOMETRIC_REPRESENTATION_CONTEXT ( 3 ) GLOBAL_UNCERTAINTY_ASSIGNED_CONTEXT ( ( #2570 ) ) GLOBAL_UNIT_ASSIGNED_CONTEXT ( ( #1478, #2657, #2407 ) ) REPRESENTATION_CONTEXT ( 'NONE', 'WORKASPACE' ) );
#2396 = ADVANCED_FACE ( 'NONE', ( #1963 ), #2386, .T. ) ;
#2397 = ORIENTED_EDGE ( 'NONE', *, *, #1916, .T. ) ;
#2398 = DIRECTION ( 'NONE',  ( 1.000000000000000000, -0.0000000000000000000, -0.0000000000000000000 ) ) ;
#2399 = PLANE ( 'NONE',  #1681 ) ;
#2400 = AXIS2_PLACEMENT_3D ( 'NONE', #300, #1435, #2805 ) ;
#2401 =( LENGTH_UNIT ( ) NAMED_UNIT ( * ) SI_UNIT ( .MILLI., .METRE. ) );
#2402 = EDGE_CURVE ( 'NONE', #1322, #1476, #2850, .T. ) ;
#2403 = PRESENTATION_LAYER_ASSIGNMENT (  '', '', ( #2940 ) ) ;
#2404 = CARTESIAN_POINT ( 'NONE',  ( 1.816747967479674264, 0.7000000000000000666, 0.8939701897018970111 ) ) ;
#2405 = CARTESIAN_POINT ( 'NONE',  ( -0.9081739123176676420, -0.001000000000000000021, 0.7208260150595385829 ) ) ;
#2406 = ORIENTED_EDGE ( 'NONE', *, *, #2723, .T. ) ;
#2407 =( NAMED_UNIT ( * ) SI_UNIT ( $, .STERADIAN. ) SOLID_ANGLE_UNIT ( ) );
#2408 =( LENGTH_UNIT ( ) NAMED_UNIT ( * ) SI_UNIT ( .MILLI., .METRE. ) );
#2409 = DIRECTION ( 'NONE',  ( -0.0000000000000000000, -1.000000000000000000, -0.0000000000000000000 ) ) ;
#2410 = ORIENTED_EDGE ( 'NONE', *, *, #9, .T. ) ;
#2411 = DIRECTION ( 'NONE',  ( -0.0000000000000000000, -1.000000000000000000, -0.0000000000000000000 ) ) ;
#2412 = ORIENTED_EDGE ( 'NONE', *, *, #1456, .T. ) ;
#2413 = CARTESIAN_POINT ( 'NONE',  ( -0.9282520325203255096, 0.9000000000000001332, -0.8560298102981029889 ) ) ;
#2414 = VERTEX_POINT ( 'NONE', #2897 ) ;
#2415 = CARTESIAN_POINT ( 'NONE',  ( 1.796747967479674690, 0.0000000000000000000, -0.9810298102981029889 ) ) ;
#2416 = FACE_OUTER_BOUND ( 'NONE', #1458, .T. ) ;
#2417 = CARTESIAN_POINT ( 'NONE',  ( -0.9282520325203255096, 0.7000000000000000666, 0.2689701897018969556 ) ) ;
#2418 = LINE ( 'NONE', #2382, #1203 ) ;
#2419 = CARTESIAN_POINT ( 'NONE',  ( -0.9282520325203255096, 0.7000000000000000666, -0.6060298102981029889 ) ) ;
#2420 = ORIENTED_EDGE ( 'NONE', *, *, #1422, .F. ) ;
#2421 = EDGE_CURVE ( 'NONE', #1702, #1494, #848, .T. ) ;
#2422 = FACE_OUTER_BOUND ( 'NONE', #1997, .T. ) ;
#2423 = CARTESIAN_POINT ( 'NONE',  ( -0.9282520325203255096, 0.9000000000000001332, 0.1439701897018969834 ) ) ;
#2424 = DIRECTION ( 'NONE',  ( 0.0000000000000000000, 0.0000000000000000000, 1.000000000000000000 ) ) ;
#2425 = VERTEX_POINT ( 'NONE', #793 ) ;
#2426 =( NAMED_UNIT ( * ) PLANE_ANGLE_UNIT ( ) SI_UNIT ( $, .RADIAN. ) );
#2427 = EDGE_LOOP ( 'NONE', ( #1276, #1813, #2210, #2384 ) ) ;
#2428 =( LENGTH_UNIT ( ) NAMED_UNIT ( * ) SI_UNIT ( .MILLI., .METRE. ) );
#2429 = ORIENTED_EDGE ( 'NONE', *, *, #352, .T. ) ;
#2430 = LINE ( 'NONE', #2157, #1869 ) ;
#2431 = VECTOR ( 'NONE', #1112, 1000.000000000000000 ) ;
#2432 = CARTESIAN_POINT ( 'NONE',  ( 1.521747967479674335, 0.9000000000000001332, -0.8560298102981029889 ) ) ;
#2433 = CARTESIAN_POINT ( 'NONE',  ( 1.816747967479674264, 0.9000000000000001332, -0.6060298102981029889 ) ) ;
#2434 = PRESENTATION_LAYER_ASSIGNMENT (  '', '', ( #1626 ) ) ;
#2435 = VECTOR ( 'NONE', #1992, 1000.000000000000000 ) ;
#2436 =( NAMED_UNIT ( * ) SI_UNIT ( $, .STERADIAN. ) SOLID_ANGLE_UNIT ( ) );
#2437 = ADVANCED_FACE ( 'NONE', ( #2422 ), #2145, .F. ) ;
#2438 = CARTESIAN_POINT ( 'NONE',  ( -1.203252032520325310, 0.0000000000000000000, 1.018970189701897011 ) ) ;
#2439 = ORIENTED_EDGE ( 'NONE', *, *, #618, .F. ) ;
#2440 = PRESENTATION_LAYER_ASSIGNMENT (  '', '', ( #642 ) ) ;
#2441 = PRESENTATION_LAYER_ASSIGNMENT (  '', '', ( #1726 ) ) ;
#2442 = DIRECTION ( 'NONE',  ( -1.000000000000000000, 0.0000000000000000000, 0.0000000000000000000 ) ) ;
#2443 = EDGE_CURVE ( 'NONE', #2750, #182, #2455, .T. ) ;
#2444 = ORIENTED_EDGE ( 'NONE', *, *, #1523, .T. ) ;
#2445 = CIRCLE ( 'NONE', #121, 0.1250000000000000000 ) ;
#2446 = VERTEX_POINT ( 'NONE', #656 ) ;
#2447 = PRESENTATION_LAYER_ASSIGNMENT (  '', '', ( #783 ) ) ;
#2448 =( NAMED_UNIT ( * ) PLANE_ANGLE_UNIT ( ) SI_UNIT ( $, .RADIAN. ) );
#2449 = CARTESIAN_POINT ( 'NONE',  ( 1.521747967479674335, 0.9000000000000001332, 0.3939701897018970111 ) ) ;
#2450 = MECHANICAL_DESIGN_GEOMETRIC_PRESENTATION_REPRESENTATION (  '', ( #2104 ), #1316 ) ;
#2451 = PLANE ( 'NONE',  #2290 ) ;
#2452 =( NAMED_UNIT ( * ) SI_UNIT ( $, .STERADIAN. ) SOLID_ANGLE_UNIT ( ) );
#2453 = COLOUR_RGB ( '',0.7529411764705882248, 0.7529411764705882248, 0.7529411764705882248 ) ;
#2454 = COLOUR_RGB ( '',0.7529411764705882248, 0.7529411764705882248, 0.7529411764705882248 ) ;
#2455 = LINE ( 'NONE', #1104, #836 ) ;
#2456 = PLANE ( 'NONE',  #1357 ) ;
#2457 =( LENGTH_UNIT ( ) NAMED_UNIT ( * ) SI_UNIT ( .MILLI., .METRE. ) );
#2458 = UNCERTAINTY_MEASURE_WITH_UNIT (LENGTH_MEASURE( 1.000000000000000082E-05 ), #2075, 'distance_accuracy_value', 'NONE');
#2459 = DIRECTION ( 'NONE',  ( -0.0000000000000000000, -1.000000000000000000, -0.0000000000000000000 ) ) ;
#2460 = VERTEX_POINT ( 'NONE', #2494 ) ;
#2461 = EDGE_CURVE ( 'NONE', #1127, #2689, #1761, .T. ) ;
#2462 = ORIENTED_EDGE ( 'NONE', *, *, #674, .T. ) ;
#2463 = LINE ( 'NONE', #675, #1872 ) ;
#2464 = SURFACE_STYLE_USAGE ( .BOTH. , #696 ) ;
#2465 = CARTESIAN_POINT ( 'NONE',  ( 1.796747967479675134, 0.8800000000000000044, 1.018970189701897011 ) ) ;
#2466 =( NAMED_UNIT ( * ) PLANE_ANGLE_UNIT ( ) SI_UNIT ( $, .RADIAN. ) );
#2467 = ORIENTED_EDGE ( 'NONE', *, *, #1815, .F. ) ;
#2468 = DIRECTION ( 'NONE',  ( 1.000000000000000000, 0.0000000000000000000, -0.0000000000000000000 ) ) ;
#2469 = ORIENTED_EDGE ( 'NONE', *, *, #2777, .T. ) ;
#2470 = EDGE_CURVE ( 'NONE', #1242, #222, #425, .T. ) ;
#2471 = CARTESIAN_POINT ( 'NONE',  ( 1.521747967479674335, 0.9000000000000001332, -0.7310298102981029889 ) ) ;
#2472 = FILL_AREA_STYLE ('',( #1098 ) ) ;
#2473 = FACE_OUTER_BOUND ( 'NONE', #29, .T. ) ;
#2474 = VECTOR ( 'NONE', #1952, 1000.000000000000000 ) ;
#2475 =( NAMED_UNIT ( * ) SI_UNIT ( $, .STERADIAN. ) SOLID_ANGLE_UNIT ( ) );
#2476 = DIRECTION ( 'NONE',  ( -1.000000000000000000, 0.0000000000000000000, 0.0000000000000000000 ) ) ;
#2477 =( NAMED_UNIT ( * ) SI_UNIT ( $, .STERADIAN. ) SOLID_ANGLE_UNIT ( ) );
#2478 = ORIENTED_EDGE ( 'NONE', *, *, #246, .F. ) ;
#2479 = SURFACE_SIDE_STYLE ('',( #2057 ) ) ;
#2480 = ORIENTED_EDGE ( 'NONE', *, *, #2554, .F. ) ;
#2481 = STYLED_ITEM ( 'NONE', ( #481 ), #1972 ) ;
#2482 = STYLED_ITEM ( 'NONE', ( #1647 ), #1088 ) ;
#2483 = LINE ( 'NONE', #1607, #2302 ) ;
#2484 = ORIENTED_EDGE ( 'NONE', *, *, #2470, .T. ) ;
#2485 = PRESENTATION_STYLE_ASSIGNMENT (( #2214 ) ) ;
#2486 = FACE_BOUND ( 'NONE', #779, .T. ) ;
#2487 = AXIS2_PLACEMENT_3D ( 'NONE', #1177, #2319, #1625 ) ;
#2488 = EDGE_CURVE ( 'NONE', #23, #957, #2007, .T. ) ;
#2489 = MECHANICAL_DESIGN_GEOMETRIC_PRESENTATION_REPRESENTATION (  '', ( #1313 ), #2740 ) ;
#2490 =( GEOMETRIC_REPRESENTATION_CONTEXT ( 3 ) GLOBAL_UNCERTAINTY_ASSIGNED_CONTEXT ( ( #141 ) ) GLOBAL_UNIT_ASSIGNED_CONTEXT ( ( #2457, #807, #586 ) ) REPRESENTATION_CONTEXT ( 'NONE', 'WORKASPACE' ) );
#2491 = PLANE ( 'NONE',  #1951 ) ;
#2492 = VECTOR ( 'NONE', #2424, 1000.000000000000000 ) ;
#2493 = EDGE_CURVE ( 'NONE', #2425, #2367, #878, .T. ) ;
#2494 = CARTESIAN_POINT ( 'NONE',  ( -0.9282520325203255096, 0.8800000000000000044, 0.3939701897018970111 ) ) ;
#2495 = AXIS2_PLACEMENT_3D ( 'NONE', #2417, #1928, #2859 ) ;
#2496 = CARTESIAN_POINT ( 'NONE',  ( 1.521747967479674335, 0.9000000000000001332, 0.6439701897018970111 ) ) ;
#2497 = CARTESIAN_POINT ( 'NONE',  ( -1.203252032520325310, 0.7000000000000000666, -0.9810298102981029889 ) ) ;
#2498 = SURFACE_SIDE_STYLE ('',( #1585 ) ) ;
#2499 = AXIS2_PLACEMENT_3D ( 'NONE', #2842, #2120, #94 ) ;
#2500 = CARTESIAN_POINT ( 'NONE',  ( -0.9282520325203255096, 0.9000000000000001332, 0.6439701897018970111 ) ) ;
#2501 = CARTESIAN_POINT ( 'NONE',  ( -0.9282520325203255096, 0.8800000000000000044, 0.7689701897018970111 ) ) ;
#2502 = VERTEX_POINT ( 'NONE', #189 ) ;
#2503 =( LENGTH_UNIT ( ) NAMED_UNIT ( * ) SI_UNIT ( .MILLI., .METRE. ) );
#2504 = ORIENTED_EDGE ( 'NONE', *, *, #1145, .T. ) ;
#2505 =( NAMED_UNIT ( * ) PLANE_ANGLE_UNIT ( ) SI_UNIT ( $, .RADIAN. ) );
#2506 = DIRECTION ( 'NONE',  ( 0.0000000000000000000, 1.000000000000000000, 0.0000000000000000000 ) ) ;
#2507 = DIRECTION ( 'NONE',  ( 1.000000000000000000, -0.0000000000000000000, 0.0000000000000000000 ) ) ;
#2508 = SURFACE_SIDE_STYLE ('',( #1821 ) ) ;
#2509 = CARTESIAN_POINT ( 'NONE',  ( 1.816747967479674264, 0.9000000000000001332, -0.6060298102981029889 ) ) ;
#2510 = CARTESIAN_POINT ( 'NONE',  ( 0.0000000000000000000, 0.8800000000000000044, -0.1060298102981030305 ) ) ;
#2511 = DIRECTION ( 'NONE',  ( 0.0000000000000000000, 1.000000000000000000, 0.0000000000000000000 ) ) ;
#2512 = ADVANCED_FACE ( 'NONE', ( #1553 ), #1362, .T. ) ;
#2513 = UNCERTAINTY_MEASURE_WITH_UNIT (LENGTH_MEASURE( 1.000000000000000082E-05 ), #2147, 'distance_accuracy_value', 'NONE');
#2514 = DIRECTION ( 'NONE',  ( 0.0000000000000000000, 0.0000000000000000000, 1.000000000000000000 ) ) ;
#2515 =( NAMED_UNIT ( * ) PLANE_ANGLE_UNIT ( ) SI_UNIT ( $, .RADIAN. ) );
#2516 = EDGE_CURVE ( 'NONE', #430, #1147, #2683, .T. ) ;
#2517 = UNCERTAINTY_MEASURE_WITH_UNIT (LENGTH_MEASURE( 1.000000000000000082E-05 ), #1784, 'distance_accuracy_value', 'NONE');
#2518 = VERTEX_POINT ( 'NONE', #1805 ) ;
#2519 = FILL_AREA_STYLE_COLOUR ( '', #2006 ) ;
#2520 =( NAMED_UNIT ( * ) PLANE_ANGLE_UNIT ( ) SI_UNIT ( $, .RADIAN. ) );
#2521 = SURFACE_SIDE_STYLE ('',( #981 ) ) ;
#2522 = CARTESIAN_POINT ( 'NONE',  ( 1.796747967479674690, 0.8800000000000000044, -0.6060298102981029889 ) ) ;
#2523 = PLANE ( 'NONE',  #596 ) ;
#2524 = VERTEX_POINT ( 'NONE', #1137 ) ;
#2525 = EDGE_CURVE ( 'NONE', #2750, #1134, #2725, .T. ) ;
#2526 =( LENGTH_UNIT ( ) NAMED_UNIT ( * ) SI_UNIT ( .MILLI., .METRE. ) );
#2527 = PRESENTATION_STYLE_ASSIGNMENT (( #1129 ) ) ;
#2528 = CARTESIAN_POINT ( 'NONE',  ( 1.796747967479674690, 0.8800000000000000044, -0.9810298102981029889 ) ) ;
#2529 = EDGE_CURVE ( 'NONE', #1476, #2414, #81, .T. ) ;
#2530 = ORIENTED_EDGE ( 'NONE', *, *, #1871, .T. ) ;
#2531 = FILL_AREA_STYLE_COLOUR ( '', #79 ) ;
#2532 = VECTOR ( 'NONE', #1228, 1000.000000000000000 ) ;
#2533 = ORIENTED_EDGE ( 'NONE', *, *, #197, .T. ) ;
#2534 = VECTOR ( 'NONE', #1930, 1000.000000000000000 ) ;
#2535 = FILL_AREA_STYLE ('',( #313 ) ) ;
#2536 = VECTOR ( 'NONE', #600, 1000.000000000000000 ) ;
#2537 =( NAMED_UNIT ( * ) SI_UNIT ( $, .STERADIAN. ) SOLID_ANGLE_UNIT ( ) );
#2538 = AXIS2_PLACEMENT_3D ( 'NONE', #208, #1100, #447 ) ;
#2539 = AXIS2_PLACEMENT_3D ( 'NONE', #297, #939, #2307 ) ;
#2540 = DIRECTION ( 'NONE',  ( -0.0000000000000000000, -1.000000000000000000, -0.0000000000000000000 ) ) ;
#2541 = DIRECTION ( 'NONE',  ( -1.000000000000000000, 0.0000000000000000000, -0.0000000000000000000 ) ) ;
#2542 = SURFACE_STYLE_FILL_AREA ( #2817 ) ;
#2543 = PRESENTATION_LAYER_ASSIGNMENT (  '', '', ( #33 ) ) ;
#2544 = VECTOR ( 'NONE', #880, 1000.000000000000000 ) ;
#2545 = ORIENTED_EDGE ( 'NONE', *, *, #762, .T. ) ;
#2546 = VECTOR ( 'NONE', #572, 1000.000000000000000 ) ;
#2547 = FACE_OUTER_BOUND ( 'NONE', #1595, .T. ) ;
#2548 = VECTOR ( 'NONE', #1867, 1000.000000000000000 ) ;
#2549 = UNCERTAINTY_MEASURE_WITH_UNIT (LENGTH_MEASURE( 1.000000000000000082E-05 ), #724, 'distance_accuracy_value', 'NONE');
#2550 = VECTOR ( 'NONE', #2282, 1000.000000000000000 ) ;
#2551 =( NAMED_UNIT ( * ) PLANE_ANGLE_UNIT ( ) SI_UNIT ( $, .RADIAN. ) );
#2552 = ORIENTED_EDGE ( 'NONE', *, *, #2080, .T. ) ;
#2553 = DIRECTION ( 'NONE',  ( 0.0000000000000000000, 1.000000000000000000, 0.0000000000000000000 ) ) ;
#2554 = EDGE_CURVE ( 'NONE', #478, #1448, #482, .T. ) ;
#2555 = EDGE_LOOP ( 'NONE', ( #1497, #1608, #2785, #1877 ) ) ;
#2556 = FACE_OUTER_BOUND ( 'NONE', #2374, .T. ) ;
#2557 = FACE_OUTER_BOUND ( 'NONE', #589, .T. ) ;
#2558 = LINE ( 'NONE', #963, #1304 ) ;
#2559 = VERTEX_POINT ( 'NONE', #1661 ) ;
#2560 = CARTESIAN_POINT ( 'NONE',  ( 1.521747967479674335, 0.9000000000000001332, 0.6439701897018970111 ) ) ;
#2561 = ORIENTED_EDGE ( 'NONE', *, *, #1815, .T. ) ;
#2562 = SURFACE_SIDE_STYLE ('',( #1432 ) ) ;
#2563 = EDGE_CURVE ( 'NONE', #182, #568, #1215, .T. ) ;
#2564 = ORIENTED_EDGE ( 'NONE', *, *, #1656, .F. ) ;
#2565 =( NAMED_UNIT ( * ) SI_UNIT ( $, .STERADIAN. ) SOLID_ANGLE_UNIT ( ) );
#2566 = EDGE_CURVE ( 'NONE', #2414, #2693, #2771, .T. ) ;
#2567 = FACE_OUTER_BOUND ( 'NONE', #2641, .T. ) ;
#2568 = DIRECTION ( 'NONE',  ( 0.0000000000000000000, 0.0000000000000000000, 1.000000000000000000 ) ) ;
#2569 = ORIENTED_EDGE ( 'NONE', *, *, #1659, .F. ) ;
#2570 = UNCERTAINTY_MEASURE_WITH_UNIT (LENGTH_MEASURE( 1.000000000000000082E-05 ), #1478, 'distance_accuracy_value', 'NONE');
#2571 = DIRECTION ( 'NONE',  ( -1.000000000000000000, 0.0000000000000000000, 0.0000000000000000000 ) ) ;
#2572 = DIRECTION ( 'NONE',  ( 1.000000000000000000, 0.0000000000000000000, -0.0000000000000000000 ) ) ;
#2573 =( LENGTH_UNIT ( ) NAMED_UNIT ( * ) SI_UNIT ( .MILLI., .METRE. ) );
#2574 = VECTOR ( 'NONE', #2867, 1000.000000000000000 ) ;
#2575 = EDGE_LOOP ( 'NONE', ( #2132, #693, #2929, #143 ) ) ;
#2576 = VECTOR ( 'NONE', #333, 1000.000000000000000 ) ;
#2577 =( GEOMETRIC_REPRESENTATION_CONTEXT ( 3 ) GLOBAL_UNCERTAINTY_ASSIGNED_CONTEXT ( ( #1114 ) ) GLOBAL_UNIT_ASSIGNED_CONTEXT ( ( #771, #955, #2864 ) ) REPRESENTATION_CONTEXT ( 'NONE', 'WORKASPACE' ) );
#2578 = EDGE_LOOP ( 'NONE', ( #2676, #2072, #903, #1028 ) ) ;
#2579 = FILL_AREA_STYLE ('',( #707 ) ) ;
#2580 = FILL_AREA_STYLE_COLOUR ( '', #1251 ) ;
#2581 = COLOUR_RGB ( '',0.7529411764705882248, 0.7529411764705882248, 0.7529411764705882248 ) ;
#2582 = PRODUCT_DEFINITION_SHAPE ( 'NONE', 'NONE',  #964 ) ;
#2583 =( GEOMETRIC_REPRESENTATION_CONTEXT ( 3 ) GLOBAL_UNCERTAINTY_ASSIGNED_CONTEXT ( ( #1499 ) ) GLOBAL_UNIT_ASSIGNED_CONTEXT ( ( #2743, #2755, #2452 ) ) REPRESENTATION_CONTEXT ( 'NONE', 'WORKASPACE' ) );
#2584 = AXIS2_PLACEMENT_3D ( 'NONE', #541, #2322, #2289 ) ;
#2585 = SURFACE_SIDE_STYLE ('',( #1673 ) ) ;
#2586 = DIRECTION ( 'NONE',  ( -1.000000000000000000, 0.0000000000000000000, -0.0000000000000000000 ) ) ;
#2587 = ORIENTED_EDGE ( 'NONE', *, *, #727, .F. ) ;
#2588 = EDGE_CURVE ( 'NONE', #1624, #1185, #518, .T. ) ;
#2589 = FILL_AREA_STYLE ('',( #201 ) ) ;
#2590 = COLOUR_RGB ( '',0.7529411764705882248, 0.7529411764705882248, 0.7529411764705882248 ) ;
#2591 = PRESENTATION_LAYER_ASSIGNMENT (  '', '', ( #978 ) ) ;
#2592 = FILL_AREA_STYLE ('',( #42 ) ) ;
#2593 = VECTOR ( 'NONE', #230, 1000.000000000000000 ) ;
#2594 = DIRECTION ( 'NONE',  ( 0.0000000000000000000, -1.000000000000000000, -0.0000000000000000000 ) ) ;
#2595 = VERTEX_POINT ( 'NONE', #1631 ) ;
#2596 =( GEOMETRIC_REPRESENTATION_CONTEXT ( 3 ) GLOBAL_UNCERTAINTY_ASSIGNED_CONTEXT ( ( #1739 ) ) GLOBAL_UNIT_ASSIGNED_CONTEXT ( ( #2503, #933, #477 ) ) REPRESENTATION_CONTEXT ( 'NONE', 'WORKASPACE' ) );
#2597 = ORIENTED_EDGE ( 'NONE', *, *, #2119, .F. ) ;
#2598 = CARTESIAN_POINT ( 'NONE',  ( -1.203252032520325310, 0.8800000000000000044, 0.1439701897018969834 ) ) ;
#2599 =( NAMED_UNIT ( * ) SI_UNIT ( $, .STERADIAN. ) SOLID_ANGLE_UNIT ( ) );
#2600 = FILL_AREA_STYLE_COLOUR ( '', #1917 ) ;
#2601 = SURFACE_SIDE_STYLE ('',( #786 ) ) ;
#2602 = DIRECTION ( 'NONE',  ( -1.000000000000000000, 0.0000000000000000000, 0.0000000000000000000 ) ) ;
#2603 = DIRECTION ( 'NONE',  ( 1.000000000000000000, 0.0000000000000000000, -0.0000000000000000000 ) ) ;
#2604 = VERTEX_POINT ( 'NONE', #723 ) ;
#2605 = UNCERTAINTY_MEASURE_WITH_UNIT (LENGTH_MEASURE( 1.000000000000000082E-05 ), #1889, 'distance_accuracy_value', 'NONE');
#2606 = SURFACE_STYLE_USAGE ( .BOTH. , #1295 ) ;
#2607 = CARTESIAN_POINT ( 'NONE',  ( -1.203252032520325310, 0.0000000000000000000, -0.9810298102981029889 ) ) ;
#2608 = EDGE_CURVE ( 'NONE', #2378, #460, #2077, .T. ) ;
#2609 = CARTESIAN_POINT ( 'NONE',  ( -0.9081739123176676420, -0.001000000000000000021, 0.7208260150595385829 ) ) ;
#2610 = DIRECTION ( 'NONE',  ( 0.0000000000000000000, 0.0000000000000000000, 1.000000000000000000 ) ) ;
#2611 = EDGE_CURVE ( 'NONE', #1448, #1461, #1414, .T. ) ;
#2612 = VERTEX_POINT ( 'NONE', #940 ) ;
#2613 = CARTESIAN_POINT ( 'NONE',  ( 1.796747967479674690, 0.8800000000000000044, -0.6060298102981029889 ) ) ;
#2614 = CARTESIAN_POINT ( 'NONE',  ( -0.9282520325203255096, 0.9000000000000001332, -0.7310298102981029889 ) ) ;
#2615 = FACE_OUTER_BOUND ( 'NONE', #2333, .T. ) ;
#2616 = PRESENTATION_STYLE_ASSIGNMENT (( #1708 ) ) ;
#2617 = ORIENTED_EDGE ( 'NONE', *, *, #2305, .F. ) ;
#2618 = DIRECTION ( 'NONE',  ( 0.0000000000000000000, 1.000000000000000000, 0.0000000000000000000 ) ) ;
#2619 = LINE ( 'NONE', #173, #1777 ) ;
#2620 = EDGE_CURVE ( 'NONE', #2425, #704, #2310, .T. ) ;
#2621 = FILL_AREA_STYLE_COLOUR ( '', #639 ) ;
#2622 = VERTEX_POINT ( 'NONE', #950 ) ;
#2623 = STYLED_ITEM ( 'NONE', ( #144 ), #84 ) ;
#2624 = EDGE_CURVE ( 'NONE', #1172, #594, #1182, .T. ) ;
#2625 = STYLED_ITEM ( 'NONE', ( #2659 ), #378 ) ;
#2626 = VERTEX_POINT ( 'NONE', #1386 ) ;
#2627 =( NAMED_UNIT ( * ) PLANE_ANGLE_UNIT ( ) SI_UNIT ( $, .RADIAN. ) );
#2628 = VECTOR ( 'NONE', #2948, 1000.000000000000000 ) ;
#2629 = SURFACE_STYLE_FILL_AREA ( #1716 ) ;
#2630 = DIRECTION ( 'NONE',  ( -0.0000000000000000000, -1.000000000000000000, -0.0000000000000000000 ) ) ;
#2631 = LINE ( 'NONE', #2141, #2385 ) ;
#2632 = VERTEX_POINT ( 'NONE', #995 ) ;
#2633 = VECTOR ( 'NONE', #1052, 1000.000000000000000 ) ;
#2634 = VECTOR ( 'NONE', #231, 1000.000000000000000 ) ;
#2635 = SURFACE_STYLE_FILL_AREA ( #1722 ) ;
#2636 =( NAMED_UNIT ( * ) PLANE_ANGLE_UNIT ( ) SI_UNIT ( $, .RADIAN. ) );
#2637 = FILL_AREA_STYLE_COLOUR ( '', #2696 ) ;
#2638 = VECTOR ( 'NONE', #1307, 1000.000000000000000 ) ;
#2639 =( NAMED_UNIT ( * ) SI_UNIT ( $, .STERADIAN. ) SOLID_ANGLE_UNIT ( ) );
#2640 = PRESENTATION_LAYER_ASSIGNMENT (  '', '', ( #310 ) ) ;
#2641 = EDGE_LOOP ( 'NONE', ( #2412, #2644, #95, #726 ) ) ;
#2642 = UNCERTAINTY_MEASURE_WITH_UNIT (LENGTH_MEASURE( 1.000000000000000082E-05 ), #2032, 'distance_accuracy_value', 'NONE');
#2643 =( GEOMETRIC_REPRESENTATION_CONTEXT ( 3 ) GLOBAL_UNCERTAINTY_ASSIGNED_CONTEXT ( ( #1711 ) ) GLOBAL_UNIT_ASSIGNED_CONTEXT ( ( #1559, #1333, #443 ) ) REPRESENTATION_CONTEXT ( 'NONE', 'WORKASPACE' ) );
#2644 = ORIENTED_EDGE ( 'NONE', *, *, #1954, .F. ) ;
#2645 = SURFACE_STYLE_USAGE ( .BOTH. , #1703 ) ;
#2646 = PRESENTATION_LAYER_ASSIGNMENT (  '', '', ( #2201 ) ) ;
#2647 = AXIS2_PLACEMENT_3D ( 'NONE', #2264, #3, #467 ) ;
#2648 = EDGE_LOOP ( 'NONE', ( #2344, #960, #1676, #1756, #1318, #2552 ) ) ;
#2649 = PLANE ( 'NONE',  #1580 ) ;
#2650 = ADVANCED_FACE ( 'NONE', ( #269 ), #1893, .F. ) ;
#2651 = CARTESIAN_POINT ( 'NONE',  ( 1.521747967479674335, 0.9000000000000001332, -0.6060298102981029889 ) ) ;
#2652 = VECTOR ( 'NONE', #566, 1000.000000000000000 ) ;
#2653 = PRESENTATION_STYLE_ASSIGNMENT (( #2185 ) ) ;
#2654 = CARTESIAN_POINT ( 'NONE',  ( -0.9282520325203255096, 0.9000000000000001332, 0.8939701897018970111 ) ) ;
#2655 = DIRECTION ( 'NONE',  ( -0.0000000000000000000, -1.000000000000000000, -0.0000000000000000000 ) ) ;
#2656 = ORIENTED_EDGE ( 'NONE', *, *, #1712, .F. ) ;
#2657 =( NAMED_UNIT ( * ) PLANE_ANGLE_UNIT ( ) SI_UNIT ( $, .RADIAN. ) );
#2658 = ORIENTED_EDGE ( 'NONE', *, *, #2919, .T. ) ;
#2659 = PRESENTATION_STYLE_ASSIGNMENT (( #2221 ) ) ;
#2660 =( NAMED_UNIT ( * ) SI_UNIT ( $, .STERADIAN. ) SOLID_ANGLE_UNIT ( ) );
#2661 = ORIENTED_EDGE ( 'NONE', *, *, #1426, .F. ) ;
#2662 = LINE ( 'NONE', #1486, #32 ) ;
#2663 = PLANE ( 'NONE',  #1649 ) ;
#2664 = EDGE_CURVE ( 'NONE', #1980, #1245, #75, .T. ) ;
#2665 = DIRECTION ( 'NONE',  ( 1.000000000000000000, 0.0000000000000000000, 0.0000000000000000000 ) ) ;
#2666 = DIRECTION ( 'NONE',  ( 0.0000000000000000000, 0.0000000000000000000, -1.000000000000000000 ) ) ;
#2667 = APPLICATION_CONTEXT ( 'automotive_design' ) ;
#2668 = UNCERTAINTY_MEASURE_WITH_UNIT (LENGTH_MEASURE( 1.000000000000000082E-05 ), #1290, 'distance_accuracy_value', 'NONE');
#2669 = ADVANCED_FACE ( 'NONE', ( #2567 ), #317, .F. ) ;
#2670 = DIRECTION ( 'NONE',  ( -1.000000000000000000, 0.0000000000000000000, -0.0000000000000000000 ) ) ;
#2671 = CARTESIAN_POINT ( 'NONE',  ( 0.0000000000000000000, 0.8800000000000000044, 0.3939701897018970111 ) ) ;
#2672 = CARTESIAN_POINT ( 'NONE',  ( 1.521747967479674335, 0.9000000000000001332, 0.2689701897018969556 ) ) ;
#2673 = ORIENTED_EDGE ( 'NONE', *, *, #2852, .F. ) ;
#2674 = LINE ( 'NONE', #1525, #1721 ) ;
#2675 = VERTEX_POINT ( 'NONE', #132 ) ;
#2676 = ORIENTED_EDGE ( 'NONE', *, *, #2305, .T. ) ;
#2677 = CARTESIAN_POINT ( 'NONE',  ( -1.203252032520325310, 0.8800000000000000044, -0.1060298102981030305 ) ) ;
#2678 =( LENGTH_UNIT ( ) NAMED_UNIT ( * ) SI_UNIT ( .MILLI., .METRE. ) );
#2679 =( NAMED_UNIT ( * ) SI_UNIT ( $, .STERADIAN. ) SOLID_ANGLE_UNIT ( ) );
#2680 = CARTESIAN_POINT ( 'NONE',  ( -0.9282520325203255096, 0.9000000000000001332, 0.6439701897018970111 ) ) ;
#2681 = VECTOR ( 'NONE', #2058, 1000.000000000000000 ) ;
#2682 = MECHANICAL_DESIGN_GEOMETRIC_PRESENTATION_REPRESENTATION (  '', ( #2283 ), #2872 ) ;
#2683 = LINE ( 'NONE', #908, #2204 ) ;
#2684 = SURFACE_SIDE_STYLE ('',( #1762 ) ) ;
#2685 = PRESENTATION_STYLE_ASSIGNMENT (( #1764 ) ) ;
#2686 = ADVANCED_FACE ( 'NONE', ( #2139 ), #2160, .F. ) ;
#2687 = FACE_OUTER_BOUND ( 'NONE', #1931, .T. ) ;
#2688 =( GEOMETRIC_REPRESENTATION_CONTEXT ( 3 ) GLOBAL_UNCERTAINTY_ASSIGNED_CONTEXT ( ( #2642 ) ) GLOBAL_UNIT_ASSIGNED_CONTEXT ( ( #2032, #1975, #2216 ) ) REPRESENTATION_CONTEXT ( 'NONE', 'WORKASPACE' ) );
#2689 = VERTEX_POINT ( 'NONE', #2126 ) ;
#2690 = DIRECTION ( 'NONE',  ( 0.0000000000000000000, 1.000000000000000000, 0.0000000000000000000 ) ) ;
#2691 = AXIS2_PLACEMENT_3D ( 'NONE', #1892, #2804, #2309 ) ;
#2692 = COLOUR_RGB ( '',0.2509803921568627416, 0.2509803921568627416, 0.2509803921568627416 ) ;
#2693 = VERTEX_POINT ( 'NONE', #557 ) ;
#2694 = COLOUR_RGB ( '',0.7529411764705882248, 0.7529411764705882248, 0.7529411764705882248 ) ;
#2695 = SURFACE_STYLE_FILL_AREA ( #1789 ) ;
#2696 = COLOUR_RGB ( '',0.7529411764705882248, 0.7529411764705882248, 0.7529411764705882248 ) ;
#2697 = PRESENTATION_STYLE_ASSIGNMENT (( #2903 ) ) ;
#2698 = VECTOR ( 'NONE', #1540, 1000.000000000000000 ) ;
#2699 = PLANE ( 'NONE',  #2538 ) ;
#2700 = STYLED_ITEM ( 'NONE', ( #340 ), #2704 ) ;
#2701 = CARTESIAN_POINT ( 'NONE',  ( -0.5157520325203255318, 0.8800000000000000044, 0.7314701897018971444 ) ) ;
#2702 =( NAMED_UNIT ( * ) PLANE_ANGLE_UNIT ( ) SI_UNIT ( $, .RADIAN. ) );
#2703 = UNCERTAINTY_MEASURE_WITH_UNIT (LENGTH_MEASURE( 1.000000000000000082E-05 ), #1135, 'distance_accuracy_value', 'NONE');
#2704 = ADVANCED_FACE ( 'NONE', ( #814 ), #2847, .T. ) ;
#2705 = PRESENTATION_STYLE_ASSIGNMENT (( #1605 ) ) ;
#2706 = ORIENTED_EDGE ( 'NONE', *, *, #299, .T. ) ;
#2707 = DIRECTION ( 'NONE',  ( 0.0000000000000000000, -0.0000000000000000000, 1.000000000000000000 ) ) ;
#2708 = UNCERTAINTY_MEASURE_WITH_UNIT (LENGTH_MEASURE( 1.000000000000000082E-05 ), #2573, 'distance_accuracy_value', 'NONE');
#2709 = EDGE_CURVE ( 'NONE', #1943, #1074, #1372, .T. ) ;
#2710 = SURFACE_STYLE_FILL_AREA ( #43 ) ;
#2711 = ORIENTED_EDGE ( 'NONE', *, *, #2624, .T. ) ;
#2712 = CARTESIAN_POINT ( 'NONE',  ( 1.796747967479675134, 0.8800000000000000044, 0.8939701897018970111 ) ) ;
#2713 = CARTESIAN_POINT ( 'NONE',  ( -1.203252032520325310, 0.8800000000000000044, -0.9810298102981029889 ) ) ;
#2714 = LINE ( 'NONE', #922, #2634 ) ;
#2715 = CARTESIAN_POINT ( 'NONE',  ( -0.9282520325203255096, 0.9000000000000001332, 0.6439701897018970111 ) ) ;
#2716 = CARTESIAN_POINT ( 'NONE',  ( -0.9282520325203255096, 0.9000000000000001332, 0.7689701897018970111 ) ) ;
#2717 = ORIENTED_EDGE ( 'NONE', *, *, #882, .T. ) ;
#2718 =( NAMED_UNIT ( * ) SI_UNIT ( $, .STERADIAN. ) SOLID_ANGLE_UNIT ( ) );
#2719 = EDGE_CURVE ( 'NONE', #1664, #478, #238, .T. ) ;
#2720 = CARTESIAN_POINT ( 'NONE',  ( -1.203252032520325310, 0.8800000000000000044, 0.3939701897018970111 ) ) ;
#2721 = ORIENTED_EDGE ( 'NONE', *, *, #916, .T. ) ;
#2722 = LINE ( 'NONE', #2914, #265 ) ;
#2723 = EDGE_CURVE ( 'NONE', #615, #2367, #692, .T. ) ;
#2724 = SURFACE_STYLE_FILL_AREA ( #859 ) ;
#2725 = LINE ( 'NONE', #679, #2107 ) ;
#2726 = DIRECTION ( 'NONE',  ( -0.0000000000000000000, 1.000000000000000000, 0.0000000000000000000 ) ) ;
#2727 = FILL_AREA_STYLE_COLOUR ( '', #2235 ) ;
#2728 = VERTEX_POINT ( 'NONE', #251 ) ;
#2729 = UNCERTAINTY_MEASURE_WITH_UNIT (LENGTH_MEASURE( 1.000000000000000082E-05 ), #474, 'distance_accuracy_value', 'NONE');
#2730 = MECHANICAL_DESIGN_GEOMETRIC_PRESENTATION_REPRESENTATION (  '', ( #166 ), #2189 ) ;
#2731 = FILL_AREA_STYLE ('',( #1091 ) ) ;
#2732 = VERTEX_POINT ( 'NONE', #2720 ) ;
#2733 = DIRECTION ( 'NONE',  ( 0.0000000000000000000, 0.0000000000000000000, 1.000000000000000000 ) ) ;
#2734 = VECTOR ( 'NONE', #601, 1000.000000000000000 ) ;
#2735 = MECHANICAL_DESIGN_GEOMETRIC_PRESENTATION_REPRESENTATION (  '', ( #2482 ), #553 ) ;
#2736 = FACE_OUTER_BOUND ( 'NONE', #1885, .T. ) ;
#2737 = EDGE_LOOP ( 'NONE', ( #587, #1131, #583, #451 ) ) ;
#2738 =( GEOMETRIC_REPRESENTATION_CONTEXT ( 3 ) GLOBAL_UNCERTAINTY_ASSIGNED_CONTEXT ( ( #2458 ) ) GLOBAL_UNIT_ASSIGNED_CONTEXT ( ( #2075, #1851, #2537 ) ) REPRESENTATION_CONTEXT ( 'NONE', 'WORKASPACE' ) );
#2739 = VECTOR ( 'NONE', #12, 1000.000000000000000 ) ;
#2740 =( GEOMETRIC_REPRESENTATION_CONTEXT ( 3 ) GLOBAL_UNCERTAINTY_ASSIGNED_CONTEXT ( ( #1366 ) ) GLOBAL_UNIT_ASSIGNED_CONTEXT ( ( #1837, #45, #2754 ) ) REPRESENTATION_CONTEXT ( 'NONE', 'WORKASPACE' ) );
#2741 = EDGE_CURVE ( 'NONE', #1797, #851, #1800, .T. ) ;
#2742 = PRESENTATION_LAYER_ASSIGNMENT (  '', '', ( #2936 ) ) ;
#2743 =( LENGTH_UNIT ( ) NAMED_UNIT ( * ) SI_UNIT ( .MILLI., .METRE. ) );
#2744 = PRESENTATION_LAYER_ASSIGNMENT (  '', '', ( #318 ) ) ;
#2745 = VECTOR ( 'NONE', #2093, 1000.000000000000000 ) ;
#2746 = CARTESIAN_POINT ( 'NONE',  ( 1.521747967479674335, 0.7000000000000000666, 0.8939701897018970111 ) ) ;
#2747 = CARTESIAN_POINT ( 'NONE',  ( 1.816747967479674264, 0.7000000000000000666, -0.3560298102981030444 ) ) ;
#2748 = SURFACE_STYLE_FILL_AREA ( #2927 ) ;
#2749 = LINE ( 'NONE', #911, #2435 ) ;
#2750 = VERTEX_POINT ( 'NONE', #1812 ) ;
#2751 = DIRECTION ( 'NONE',  ( 0.0000000000000000000, 1.000000000000000000, 0.0000000000000000000 ) ) ;
#2752 = EDGE_LOOP ( 'NONE', ( #1897, #382, #2617, #2533, #2270, #1420 ) ) ;
#2753 = CARTESIAN_POINT ( 'NONE',  ( 1.521747967479674335, 0.9000000000000001332, 0.7689701897018970111 ) ) ;
#2754 =( NAMED_UNIT ( * ) SI_UNIT ( $, .STERADIAN. ) SOLID_ANGLE_UNIT ( ) );
#2755 =( NAMED_UNIT ( * ) PLANE_ANGLE_UNIT ( ) SI_UNIT ( $, .RADIAN. ) );
#2756 = EDGE_CURVE ( 'NONE', #2446, #2732, #1146, .T. ) ;
#2757 =( LENGTH_UNIT ( ) NAMED_UNIT ( * ) SI_UNIT ( .MILLI., .METRE. ) );
#2758 = FILL_AREA_STYLE_COLOUR ( '', #1059 ) ;
#2759 = DIRECTION ( 'NONE',  ( 0.0000000000000000000, 0.0000000000000000000, -1.000000000000000000 ) ) ;
#2760 = ORIENTED_EDGE ( 'NONE', *, *, #2227, .T. ) ;
#2761 =( NAMED_UNIT ( * ) SI_UNIT ( $, .STERADIAN. ) SOLID_ANGLE_UNIT ( ) );
#2762 = DIRECTION ( 'NONE',  ( -1.000000000000000000, 0.0000000000000000000, 0.0000000000000000000 ) ) ;
#2763 = SURFACE_STYLE_FILL_AREA ( #2592 ) ;
#2764 = UNCERTAINTY_MEASURE_WITH_UNIT (LENGTH_MEASURE( 1.000000000000000082E-05 ), #2316, 'distance_accuracy_value', 'NONE');
#2765 = EDGE_LOOP ( 'NONE', ( #1501, #1269, #636, #2181 ) ) ;
#2766 =( NAMED_UNIT ( * ) PLANE_ANGLE_UNIT ( ) SI_UNIT ( $, .RADIAN. ) );
#2767 =( NAMED_UNIT ( * ) SI_UNIT ( $, .STERADIAN. ) SOLID_ANGLE_UNIT ( ) );
#2768 = VERTEX_POINT ( 'NONE', #1407 ) ;
#2769 = DIRECTION ( 'NONE',  ( -0.0000000000000000000, -1.000000000000000000, -0.0000000000000000000 ) ) ;
#2770 = SURFACE_STYLE_USAGE ( .BOTH. , #1226 ) ;
#2771 = LINE ( 'NONE', #37, #1689 ) ;
#2772 = ADVANCED_FACE ( 'NONE', ( #2736 ), #902, .T. ) ;
#2773 = SURFACE_STYLE_FILL_AREA ( #271 ) ;
#2774 = ORIENTED_EDGE ( 'NONE', *, *, #281, .F. ) ;
#2775 = DIRECTION ( 'NONE',  ( -0.0000000000000000000, 1.000000000000000000, -0.0000000000000000000 ) ) ;
#2776 = SURFACE_STYLE_FILL_AREA ( #1220 ) ;
#2777 = EDGE_CURVE ( 'NONE', #1147, #2393, #2483, .T. ) ;
#2778 = SURFACE_STYLE_FILL_AREA ( #2103 ) ;
#2779 = COLOUR_RGB ( '',0.7529411764705882248, 0.7529411764705882248, 0.7529411764705882248 ) ;
#2780 = FACE_OUTER_BOUND ( 'NONE', #1868, .T. ) ;
#2781 = PRESENTATION_LAYER_ASSIGNMENT (  '', '', ( #2920 ) ) ;
#2782 = ORIENTED_EDGE ( 'NONE', *, *, #676, .F. ) ;
#2783 = SURFACE_STYLE_USAGE ( .BOTH. , #1861 ) ;
#2784 = STYLED_ITEM ( 'NONE', ( #2616 ), #1933 ) ;
#2785 = ORIENTED_EDGE ( 'NONE', *, *, #1222, .F. ) ;
#2786 = PRESENTATION_STYLE_ASSIGNMENT (( #720 ) ) ;
#2787 = LINE ( 'NONE', #754, #927 ) ;
#2788 =( GEOMETRIC_REPRESENTATION_CONTEXT ( 3 ) GLOBAL_UNCERTAINTY_ASSIGNED_CONTEXT ( ( #2729 ) ) GLOBAL_UNIT_ASSIGNED_CONTEXT ( ( #474, #646, #2947 ) ) REPRESENTATION_CONTEXT ( 'NONE', 'WORKASPACE' ) );
#2789 = PRESENTATION_LAYER_ASSIGNMENT (  '', '', ( #1638 ) ) ;
#2790 = DIRECTION ( 'NONE',  ( -1.000000000000000000, 0.0000000000000000000, 0.0000000000000000000 ) ) ;
#2791 = DIRECTION ( 'NONE',  ( 0.0000000000000000000, 1.000000000000000000, 0.0000000000000000000 ) ) ;
#2792 = MECHANICAL_DESIGN_GEOMETRIC_PRESENTATION_REPRESENTATION (  '', ( #1643 ), #694 ) ;
#2793 = VECTOR ( 'NONE', #1824, 1000.000000000000000 ) ;
#2794 = ORIENTED_EDGE ( 'NONE', *, *, #2324, .T. ) ;
#2795 = SURFACE_SIDE_STYLE ('',( #1173 ) ) ;
#2796 = LINE ( 'NONE', #2528, #2681 ) ;
#2797 = UNCERTAINTY_MEASURE_WITH_UNIT (LENGTH_MEASURE( 1.000000000000000082E-05 ), #1311, 'distance_accuracy_value', 'NONE');
#2798 = EDGE_CURVE ( 'NONE', #44, #1185, #277, .T. ) ;
#2799 = SURFACE_SIDE_STYLE ('',( #973 ) ) ;
#2800 = ORIENTED_EDGE ( 'NONE', *, *, #1411, .F. ) ;
#2801 = EDGE_CURVE ( 'NONE', #741, #44, #1319, .T. ) ;
#2802 = ORIENTED_EDGE ( 'NONE', *, *, #1903, .F. ) ;
#2803 = DIRECTION ( 'NONE',  ( 1.000000000000000000, 0.0000000000000000000, 0.0000000000000000000 ) ) ;
#2804 = DIRECTION ( 'NONE',  ( 1.000000000000000000, 0.0000000000000000000, 0.0000000000000000000 ) ) ;
#2805 = DIRECTION ( 'NONE',  ( 0.0000000000000000000, -0.0000000000000000000, 1.000000000000000000 ) ) ;
#2806 = SURFACE_STYLE_USAGE ( .BOTH. , #1614 ) ;
#2807 =( NAMED_UNIT ( * ) PLANE_ANGLE_UNIT ( ) SI_UNIT ( $, .RADIAN. ) );
#2808 = ORIENTED_EDGE ( 'NONE', *, *, #732, .F. ) ;
#2809 = LINE ( 'NONE', #943, #1587 ) ;
#2810 = CARTESIAN_POINT ( 'NONE',  ( 1.796747967479674912, 0.8800000000000000044, 0.3939701897018970111 ) ) ;
#2811 = CARTESIAN_POINT ( 'NONE',  ( 0.0000000000000000000, 0.8800000000000000044, -0.3560298102981030444 ) ) ;
#2812 = ORIENTED_EDGE ( 'NONE', *, *, #751, .T. ) ;
#2813 = ORIENTED_EDGE ( 'NONE', *, *, #2248, .F. ) ;
#2814 = ADVANCED_FACE ( 'NONE', ( #1162 ), #2060, .T. ) ;
#2815 = FILL_AREA_STYLE_COLOUR ( '', #226 ) ;
#2816 =( NAMED_UNIT ( * ) PLANE_ANGLE_UNIT ( ) SI_UNIT ( $, .RADIAN. ) );
#2817 = FILL_AREA_STYLE ('',( #61 ) ) ;
#2818 = ORIENTED_EDGE ( 'NONE', *, *, #2094, .F. ) ;
#2819 = LINE ( 'NONE', #2362, #2008 ) ;
#2820 = PRESENTATION_STYLE_ASSIGNMENT (( #275 ) ) ;
#2821 =( GEOMETRIC_REPRESENTATION_CONTEXT ( 3 ) GLOBAL_UNCERTAINTY_ASSIGNED_CONTEXT ( ( #889 ) ) GLOBAL_UNIT_ASSIGNED_CONTEXT ( ( #1159, #2515, #2718 ) ) REPRESENTATION_CONTEXT ( 'NONE', 'WORKASPACE' ) );
#2822 = FILL_AREA_STYLE ('',( #2084 ) ) ;
#2823 = VERTEX_POINT ( 'NONE', #1859 ) ;
#2824 = MECHANICAL_DESIGN_GEOMETRIC_PRESENTATION_REPRESENTATION (  '', ( #1626 ), #256 ) ;
#2825 = VECTOR ( 'NONE', #647, 1000.000000000000000 ) ;
#2826 = ORIENTED_EDGE ( 'NONE', *, *, #304, .F. ) ;
#2827 = DIRECTION ( 'NONE',  ( 0.0000000000000000000, 0.0000000000000000000, 1.000000000000000000 ) ) ;
#2828 = FACE_OUTER_BOUND ( 'NONE', #914, .T. ) ;
#2829 = MECHANICAL_DESIGN_GEOMETRIC_PRESENTATION_REPRESENTATION (  '', ( #642 ), #1768 ) ;
#2830 = DIRECTION ( 'NONE',  ( 1.000000000000000000, -0.0000000000000000000, 0.0000000000000000000 ) ) ;
#2831 = EDGE_CURVE ( 'NONE', #182, #2425, #760, .T. ) ;
#2832 = PRESENTATION_LAYER_ASSIGNMENT (  '', '', ( #455 ) ) ;
#2833 = FILL_AREA_STYLE_COLOUR ( '', #2059 ) ;
#2834 = CARTESIAN_POINT ( 'NONE',  ( -0.9282520325203255096, 0.9000000000000001332, -0.6060298102981029889 ) ) ;
#2835 = CARTESIAN_POINT ( 'NONE',  ( 1.521747967479674335, 0.9000000000000001332, -0.7310298102981029889 ) ) ;
#2836 = VERTEX_POINT ( 'NONE', #2366 ) ;
#2837 =( GEOMETRIC_REPRESENTATION_CONTEXT ( 3 ) GLOBAL_UNCERTAINTY_ASSIGNED_CONTEXT ( ( #1967 ) ) GLOBAL_UNIT_ASSIGNED_CONTEXT ( ( #2857, #1051, #782 ) ) REPRESENTATION_CONTEXT ( 'NONE', 'WORKASPACE' ) );
#2838 =( GEOMETRIC_REPRESENTATION_CONTEXT ( 3 ) GLOBAL_UNCERTAINTY_ASSIGNED_CONTEXT ( ( #668 ) ) GLOBAL_UNIT_ASSIGNED_CONTEXT ( ( #2123, #1096, #421 ) ) REPRESENTATION_CONTEXT ( 'NONE', 'WORKASPACE' ) );
#2839 = EDGE_CURVE ( 'NONE', #1860, #768, #1876, .T. ) ;
#2840 = DIRECTION ( 'NONE',  ( 0.0000000000000000000, 0.0000000000000000000, 1.000000000000000000 ) ) ;
#2841 = PRESENTATION_LAYER_ASSIGNMENT (  '', '', ( #1070 ) ) ;
#2842 = CARTESIAN_POINT ( 'NONE',  ( -0.9282520325203255096, 0.9000000000000001332, -0.7310298102981029889 ) ) ;
#2843 =( GEOMETRIC_REPRESENTATION_CONTEXT ( 3 ) GLOBAL_UNCERTAINTY_ASSIGNED_CONTEXT ( ( #791 ) ) GLOBAL_UNIT_ASSIGNED_CONTEXT ( ( #580, #1227, #1238 ) ) REPRESENTATION_CONTEXT ( 'NONE', 'WORKASPACE' ) );
#2844 = VECTOR ( 'NONE', #2594, 1000.000000000000000 ) ;
#2845 = ORIENTED_EDGE ( 'NONE', *, *, #748, .T. ) ;
#2846 = DIRECTION ( 'NONE',  ( 1.000000000000000000, -0.0000000000000000000, -0.0000000000000000000 ) ) ;
#2847 = PLANE ( 'NONE',  #2890 ) ;
#2848 = DIRECTION ( 'NONE',  ( -0.0000000000000000000, -1.000000000000000000, -0.0000000000000000000 ) ) ;
#2849 = ORIENTED_EDGE ( 'NONE', *, *, #2925, .F. ) ;
#2850 = LINE ( 'NONE', #804, #418 ) ;
#2851 = CARTESIAN_POINT ( 'NONE',  ( -0.9081739123176676420, -0.001000000000000000021, 0.8958656447948464274 ) ) ;
#2852 = EDGE_CURVE ( 'NONE', #1147, #752, #1430, .T. ) ;
#2853 = UNCERTAINTY_MEASURE_WITH_UNIT (LENGTH_MEASURE( 1.000000000000000082E-05 ), #1424, 'distance_accuracy_value', 'NONE');
#2854 = LINE ( 'NONE', #366, #773 ) ;
#2855 =( NAMED_UNIT ( * ) SI_UNIT ( $, .STERADIAN. ) SOLID_ANGLE_UNIT ( ) );
#2856 = VERTEX_POINT ( 'NONE', #1909 ) ;
#2857 =( LENGTH_UNIT ( ) NAMED_UNIT ( * ) SI_UNIT ( .MILLI., .METRE. ) );
#2858 =( NAMED_UNIT ( * ) PLANE_ANGLE_UNIT ( ) SI_UNIT ( $, .RADIAN. ) );
#2859 = DIRECTION ( 'NONE',  ( 0.0000000000000000000, -0.0000000000000000000, 1.000000000000000000 ) ) ;
#2860 = CARTESIAN_POINT ( 'NONE',  ( 1.521747967479674335, 0.7000000000000000666, 0.6439701897018970111 ) ) ;
#2861 = LINE ( 'NONE', #860, #2534 ) ;
#2862 = ORIENTED_EDGE ( 'NONE', *, *, #2402, .F. ) ;
#2863 = EDGE_CURVE ( 'NONE', #2460, #2732, #1207, .T. ) ;
#2864 =( NAMED_UNIT ( * ) SI_UNIT ( $, .STERADIAN. ) SOLID_ANGLE_UNIT ( ) );
#2865 = CARTESIAN_POINT ( 'NONE',  ( 1.521747967479674335, 0.9000000000000001332, 0.3939701897018970111 ) ) ;
#2866 = EDGE_CURVE ( 'NONE', #80, #2823, #1682, .T. ) ;
#2867 = DIRECTION ( 'NONE',  ( 0.0000000000000000000, 0.0000000000000000000, 1.000000000000000000 ) ) ;
#2868 = VECTOR ( 'NONE', #637, 1000.000000000000000 ) ;
#2869 = PRESENTATION_LAYER_ASSIGNMENT (  '', '', ( #2625 ) ) ;
#2870 = ORIENTED_EDGE ( 'NONE', *, *, #2925, .T. ) ;
#2871 = LINE ( 'NONE', #827, #1019 ) ;
#2872 =( GEOMETRIC_REPRESENTATION_CONTEXT ( 3 ) GLOBAL_UNCERTAINTY_ASSIGNED_CONTEXT ( ( #441 ) ) GLOBAL_UNIT_ASSIGNED_CONTEXT ( ( #1887, #2101, #2348 ) ) REPRESENTATION_CONTEXT ( 'NONE', 'WORKASPACE' ) );
#2873 =( NAMED_UNIT ( * ) SI_UNIT ( $, .STERADIAN. ) SOLID_ANGLE_UNIT ( ) );
#2874 = VECTOR ( 'NONE', #2206, 1000.000000000000000 ) ;
#2875 = DIRECTION ( 'NONE',  ( 0.0000000000000000000, 1.000000000000000000, 0.0000000000000000000 ) ) ;
#2876 = ORIENTED_EDGE ( 'NONE', *, *, #473, .F. ) ;
#2877 = VECTOR ( 'NONE', #1312, 1000.000000000000000 ) ;
#2878 = PRESENTATION_LAYER_ASSIGNMENT (  '', '', ( #1308 ) ) ;
#2879 = SURFACE_SIDE_STYLE ('',( #2635 ) ) ;
#2880 = LINE ( 'NONE', #2163, #2335 ) ;
#2881 = PRODUCT ( '210E404F-D18D-4F91-9611-ECCBB130F892', '210E404F-D18D-4F91-9611-ECCBB130F892', '', ( #1353 ) ) ;
#2882 = CARTESIAN_POINT ( 'NONE',  ( 1.816747967479674264, 0.7000000000000000666, -0.8560298102981029889 ) ) ;
#2883 = COLOUR_RGB ( '',0.7529411764705882248, 0.7529411764705882248, 0.7529411764705882248 ) ;
#2884 = AXIS2_PLACEMENT_3D ( 'NONE', #2753, #1165, #2062 ) ;
#2885 = VERTEX_POINT ( 'NONE', #576 ) ;
#2886 = VECTOR ( 'NONE', #1421, 1000.000000000000000 ) ;
#2887 = STYLED_ITEM ( 'NONE', ( #607 ), #1406 ) ;
#2888 =( NAMED_UNIT ( * ) SI_UNIT ( $, .STERADIAN. ) SOLID_ANGLE_UNIT ( ) );
#2889 = ADVANCED_FACE ( 'NONE', ( #2332 ), #324, .T. ) ;
#2890 = AXIS2_PLACEMENT_3D ( 'NONE', #388, #2358, #2272 ) ;
#2891 = EDGE_LOOP ( 'NONE', ( #296, #2327, #2175, #1831, #1197, #2085 ) ) ;
#2892 = DIRECTION ( 'NONE',  ( 1.000000000000000000, 0.0000000000000000000, 0.0000000000000000000 ) ) ;
#2893 = PRESENTATION_LAYER_ASSIGNMENT (  '', '', ( #369 ) ) ;
#2894 = SURFACE_STYLE_FILL_AREA ( #387 ) ;
#2895 = DIRECTION ( 'NONE',  ( 0.0000000000000000000, 0.0000000000000000000, -1.000000000000000000 ) ) ;
#2896 = DIRECTION ( 'NONE',  ( 0.0000000000000000000, 0.0000000000000000000, 1.000000000000000000 ) ) ;
#2897 = CARTESIAN_POINT ( 'NONE',  ( -0.9282520325203255096, 0.9000000000000001332, 0.1439701897018969834 ) ) ;
#2898 = LINE ( 'NONE', #849, #972 ) ;
#2899 = FACE_OUTER_BOUND ( 'NONE', #2427, .T. ) ;
#2900 = ORIENTED_EDGE ( 'NONE', *, *, #1487, .F. ) ;
#2901 = LINE ( 'NONE', #627, #2574 ) ;
#2902 = ORIENTED_EDGE ( 'NONE', *, *, #281, .T. ) ;
#2903 = SURFACE_STYLE_USAGE ( .BOTH. , #1597 ) ;
#2904 = EDGE_CURVE ( 'NONE', #2243, #1664, #1002, .T. ) ;
#2905 = CARTESIAN_POINT ( 'NONE',  ( -1.223252032520325328, 0.9000000000000001332, -0.6060298102981029889 ) ) ;
#2906 =( NAMED_UNIT ( * ) SI_UNIT ( $, .STERADIAN. ) SOLID_ANGLE_UNIT ( ) );
#2907 = FILL_AREA_STYLE_COLOUR ( '', #825 ) ;
#2908 = CARTESIAN_POINT ( 'NONE',  ( 1.816747967479674264, 0.7000000000000000666, -0.1060298102981030305 ) ) ;
#2909 = CARTESIAN_POINT ( 'NONE',  ( 1.796747967479674912, 0.8800000000000000044, 0.3939701897018970111 ) ) ;
#2910 = ORIENTED_EDGE ( 'NONE', *, *, #1785, .T. ) ;
#2911 = DIRECTION ( 'NONE',  ( 1.000000000000000000, 0.0000000000000000000, 0.0000000000000000000 ) ) ;
#2912 = ORIENTED_EDGE ( 'NONE', *, *, #1469, .F. ) ;
#2913 = CARTESIAN_POINT ( 'NONE',  ( -1.203252032520325310, 0.7000000000000000666, 0.1439701897018969834 ) ) ;
#2914 = CARTESIAN_POINT ( 'NONE',  ( 1.816747967479674264, 0.9000000000000001332, 0.3939701897018970111 ) ) ;
#2915 = CARTESIAN_POINT ( 'NONE',  ( 0.0000000000000000000, 0.0000000000000000000, 0.0000000000000000000 ) ) ;
#2916 = VECTOR ( 'NONE', #1143, 1000.000000000000000 ) ;
#2917 = DIRECTION ( 'NONE',  ( 0.0000000000000000000, 0.0000000000000000000, -1.000000000000000000 ) ) ;
#2918 = PRESENTATION_LAYER_ASSIGNMENT (  '', '', ( #107 ) ) ;
#2919 = EDGE_CURVE ( 'NONE', #1127, #1494, #1232, .T. ) ;
#2920 = STYLED_ITEM ( 'NONE', ( #2820 ), #614 ) ;
#2921 = CARTESIAN_POINT ( 'NONE',  ( 1.816747967479674264, 0.9000000000000001332, -0.1060298102981030305 ) ) ;
#2922 = DIRECTION ( 'NONE',  ( 0.0000000000000000000, 0.0000000000000000000, 1.000000000000000000 ) ) ;
#2923 = DIRECTION ( 'NONE',  ( 0.0000000000000000000, 0.0000000000000000000, 1.000000000000000000 ) ) ;
#2924 = VECTOR ( 'NONE', #2655, 1000.000000000000000 ) ;
#2925 = EDGE_CURVE ( 'NONE', #1555, #2856, #105, .T. ) ;
#2926 = VECTOR ( 'NONE', #1460, 1000.000000000000000 ) ;
#2927 = FILL_AREA_STYLE ('',( #454 ) ) ;
#2928 = LINE ( 'NONE', #1589, #498 ) ;
#2929 = ORIENTED_EDGE ( 'NONE', *, *, #592, .F. ) ;
#2930 = STYLED_ITEM ( 'NONE', ( #1670 ), #1985 ) ;
#2931 = VECTOR ( 'NONE', #351, 1000.000000000000000 ) ;
#2932 = CARTESIAN_POINT ( 'NONE',  ( -1.203252032520325310, 0.8800000000000000044, 1.018970189701897011 ) ) ;
#2933 = ORIENTED_EDGE ( 'NONE', *, *, #882, .F. ) ;
#2934 = MECHANICAL_DESIGN_GEOMETRIC_PRESENTATION_REPRESENTATION (  '', ( #2197 ), #737 ) ;
#2935 = CARTESIAN_POINT ( 'NONE',  ( -1.203252032520325310, 0.8800000000000000044, -0.1060298102981030305 ) ) ;
#2936 = STYLED_ITEM ( 'NONE', ( #100 ), #1620 ) ;
#2937 = AXIS2_PLACEMENT_3D ( 'NONE', #2713, #921, #199 ) ;
#2938 =( NAMED_UNIT ( * ) SI_UNIT ( $, .STERADIAN. ) SOLID_ANGLE_UNIT ( ) );
#2939 = VECTOR ( 'NONE', #2028, 1000.000000000000000 ) ;
#2940 = STYLED_ITEM ( 'NONE', ( #1927 ), #2943 ) ;
#2941 = CARTESIAN_POINT ( 'NONE',  ( 1.816747967479674264, 0.9000000000000001332, 0.8939701897018970111 ) ) ;
#2942 = DIRECTION ( 'NONE',  ( -1.000000000000000000, 0.0000000000000000000, 0.0000000000000000000 ) ) ;
#2943 = ADVANCED_FACE ( 'NONE', ( #2780 ), #2663, .F. ) ;
#2944 = SURFACE_STYLE_FILL_AREA ( #39 ) ;
#2945 = DIRECTION ( 'NONE',  ( 0.0000000000000000000, 0.0000000000000000000, 1.000000000000000000 ) ) ;
#2946 = UNCERTAINTY_MEASURE_WITH_UNIT (LENGTH_MEASURE( 1.000000000000000082E-05 ), #757, 'distance_accuracy_value', 'NONE');
#2947 =( NAMED_UNIT ( * ) SI_UNIT ( $, .STERADIAN. ) SOLID_ANGLE_UNIT ( ) );
#2948 = DIRECTION ( 'NONE',  ( -0.0000000000000000000, -1.000000000000000000, -0.0000000000000000000 ) ) ;
#2949 = ADVANCED_FACE ( 'NONE', ( #1006 ), #1022, .F. ) ;
#2950 = ORIENTED_EDGE ( 'NONE', *, *, #1986, .F. ) ;
#2951 = PRESENTATION_STYLE_ASSIGNMENT (( #2015 ) ) ;
#2952 = PRESENTATION_STYLE_ASSIGNMENT (( #2303 ) ) ;
#2953 = ORIENTED_EDGE ( 'NONE', *, *, #2525, .F. ) ;
#2954 = FACE_OUTER_BOUND ( 'NONE', #870, .T. ) ;
ENDSEC;
END-ISO-10303-21;
